skills,topic,prompt,raw_completion,completion,k
statistical syllogism,Survivalism,"Greetings! I am interested in natural language processing and I was wondering if you could help me generate an example of text that illustrates multiple skills in semantics or syntax. The example should be a minimal natural piece of text with up to a few lines in the context of Survivalism that illustrates all of the following skills: statistical syllogism. Please keep the text as short as possible, and make sure the concepts can be found fully from the text. 

For reference, here are the definitions and examples for the concepts:
**statistical syllogism**: A syllogism that argues, using inductive reasoning, from a generalization true for the most part to a particular case. For example, ""Almost all people are taller than 26 inches. Gareth is a person. Therefore, Gareth is taller than 26 inches.""

Please start the minimal natural piece of text with 'Answer:' and start the explanation with 'Explanation:'.

Thanks very much!","Answer:
Most preppers keep at least three days of water on hand. Mara is a prepper. So she probably has three days of water stored.

Explanation:
- Statistical syllogism: The text reasons from a generalization about most preppers to a probable conclusion about a specific individual (Mara).",Most preppers keep at least three days of water on hand. Mara is a prepper. So she probably has three days of water stored.,1
statistical syllogism,Beekeeping,"Greetings! I am interested in natural language processing and I was wondering if you could help me generate an example of text that illustrates multiple skills in semantics or syntax. The example should be a minimal natural piece of text with up to a few lines in the context of Beekeeping that illustrates all of the following skills: statistical syllogism. Please keep the text as short as possible, and make sure the concepts can be found fully from the text. 

For reference, here are the definitions and examples for the concepts:
**statistical syllogism**: A syllogism that argues, using inductive reasoning, from a generalization true for the most part to a particular case. For example, ""Almost all people are taller than 26 inches. Gareth is a person. Therefore, Gareth is taller than 26 inches.""

Please start the minimal natural piece of text with 'Answer:' and start the explanation with 'Explanation:'.

Thanks very much!","Answer:
Most hives in this valley survive winter. This is one of my hives. So it will probably survive winter.

Explanation:
- Statistical syllogism: The text moves from a generalization (“Most hives in this valley survive winter”) to a particular case (“This is one of my hives”) and infers a likely conclusion (“So it will probably survive winter”), using inductive reasoning rather than certainty.",Most hives in this valley survive winter. This is one of my hives. So it will probably survive winter.,1
statistical syllogism,Survivalism,"Greetings! I am interested in natural language processing and I was wondering if you could help me generate an example of text that illustrates multiple skills in semantics or syntax. The example should be a minimal natural piece of text with up to a few lines in the context of Survivalism that illustrates all of the following skills: statistical syllogism. Please keep the text as short as possible, and make sure the concepts can be found fully from the text. 

For reference, here are the definitions and examples for the concepts:
**statistical syllogism**: A syllogism that argues, using inductive reasoning, from a generalization true for the most part to a particular case. For example, ""Almost all people are taller than 26 inches. Gareth is a person. Therefore, Gareth is taller than 26 inches.""

Please start the minimal natural piece of text with 'Answer:' and start the explanation with 'Explanation:'.

Thanks very much!","Answer:
Most prepper caches in this region are buried near creek bends. I found a cache by a creek bend, so it’s probably one of those regional prepper stashes.

Explanation:
This illustrates a statistical syllogism: it moves from a generalization about most items in a category (most regional prepper caches are near creek bends) to a conclusion about a particular instance (a cache found at a creek bend is probably a regional prepper stash). The reasoning is inductive and probabilistic, fitting the definition of a statistical syllogism.","Most prepper caches in this region are buried near creek bends. I found a cache by a creek bend, so it’s probably one of those regional prepper stashes.",1
statistical syllogism,Beekeeping,"Greetings! I am interested in natural language processing and I was wondering if you could help me generate an example of text that illustrates multiple skills in semantics or syntax. The example should be a minimal natural piece of text with up to a few lines in the context of Beekeeping that illustrates all of the following skills: statistical syllogism. Please keep the text as short as possible, and make sure the concepts can be found fully from the text. 

For reference, here are the definitions and examples for the concepts:
**statistical syllogism**: A syllogism that argues, using inductive reasoning, from a generalization true for the most part to a particular case. For example, ""Almost all people are taller than 26 inches. Gareth is a person. Therefore, Gareth is taller than 26 inches.""

Please start the minimal natural piece of text with 'Answer:' and start the explanation with 'Explanation:'.

Thanks very much!","Answer:
Many hives in this region overwinter successfully. Our hive is one of the local hives. So, our hive will likely overwinter successfully.

Explanation:
This is a statistical syllogism in a beekeeping context: it infers a particular outcome (our hive overwintering successfully) from a generalization that holds for most cases (many local hives overwinter successfully). The conclusion is probable, not certain, reflecting inductive reasoning.","Many hives in this region overwinter successfully. Our hive is one of the local hives. So, our hive will likely overwinter successfully.",1
statistical syllogism,Dueling,"Greetings! I am interested in natural language processing and I was wondering if you could help me generate an example of text that illustrates multiple skills in semantics or syntax. The example should be a minimal natural piece of text with up to a few lines in the context of Dueling that illustrates all of the following skills: statistical syllogism. Please keep the text as short as possible, and make sure the concepts can be found fully from the text. 

For reference, here are the definitions and examples for the concepts:
**statistical syllogism**: A syllogism that argues, using inductive reasoning, from a generalization true for the most part to a particular case. For example, ""Almost all people are taller than 26 inches. Gareth is a person. Therefore, Gareth is taller than 26 inches.""

Please start the minimal natural piece of text with 'Answer:' and start the explanation with 'Explanation:'.

Thanks very much!","Answer:
Most duels end with a quick surrender. This match is a duel. So it will probably end with a quick surrender.

Explanation:
- Statistical syllogism: The text moves from a generalization that holds for most cases (“Most duels end with a quick surrender”) to a specific case (“This match is a duel”) and infers a likely conclusion (“So it will probably end with a quick surrender”).",Most duels end with a quick surrender. This match is a duel. So it will probably end with a quick surrender.,1
statistical syllogism,The Ottoman Empire,"Greetings! I am interested in natural language processing and I was wondering if you could help me generate an example of text that illustrates multiple skills in semantics or syntax. The example should be a minimal natural piece of text with up to a few lines in the context of The Ottoman Empire that illustrates all of the following skills: statistical syllogism. Please keep the text as short as possible, and make sure the concepts can be found fully from the text. 

For reference, here are the definitions and examples for the concepts:
**statistical syllogism**: A syllogism that argues, using inductive reasoning, from a generalization true for the most part to a particular case. For example, ""Almost all people are taller than 26 inches. Gareth is a person. Therefore, Gareth is taller than 26 inches.""

Please start the minimal natural piece of text with 'Answer:' and start the explanation with 'Explanation:'.

Thanks very much!","Answer:
In the Ottoman Empire, most Janissaries were loyal to the sultan. Mehmed was a Janissary. So Mehmed was likely loyal to the sultan.

Explanation:
This is a statistical syllogism: it moves from a generalization that is true for the most part (“most Janissaries were loyal to the sultan”) to a conclusion about a particular case (“Mehmed was likely loyal”).","In the Ottoman Empire, most Janissaries were loyal to the sultan. Mehmed was a Janissary. So Mehmed was likely loyal to the sultan.",1
statistical syllogism,Survivalism,"Greetings! I am interested in natural language processing and I was wondering if you could help me generate an example of text that illustrates multiple skills in semantics or syntax. The example should be a minimal natural piece of text with up to a few lines in the context of Survivalism that illustrates all of the following skills: statistical syllogism. Please keep the text as short as possible, and make sure the concepts can be found fully from the text. 

For reference, here are the definitions and examples for the concepts:
**statistical syllogism**: A syllogism that argues, using inductive reasoning, from a generalization true for the most part to a particular case. For example, ""Almost all people are taller than 26 inches. Gareth is a person. Therefore, Gareth is taller than 26 inches.""

Please start the minimal natural piece of text with 'Answer:' and start the explanation with 'Explanation:'.

Thanks very much!","Answer:
In most wilderness emergencies, people without shelter get hypothermia. Lena is stranded overnight without shelter. So, Lena will get hypothermia.

Explanation:
This illustrates a statistical syllogism: it uses an inductive generalization (“In most wilderness emergencies, people without shelter get hypothermia”) and applies it to a particular case (“Lena is stranded overnight without shelter”), concluding a likely outcome (“So, Lena will get hypothermia”). The survivalism context is present via wilderness emergencies, shelter, and hypothermia.","In most wilderness emergencies, people without shelter get hypothermia. Lena is stranded overnight without shelter. So, Lena will get hypothermia.",1
statistical syllogism,Beekeeping,"Greetings! I am interested in natural language processing and I was wondering if you could help me generate an example of text that illustrates multiple skills in semantics or syntax. The example should be a minimal natural piece of text with up to a few lines in the context of Beekeeping that illustrates all of the following skills: statistical syllogism. Please keep the text as short as possible, and make sure the concepts can be found fully from the text. 

For reference, here are the definitions and examples for the concepts:
**statistical syllogism**: A syllogism that argues, using inductive reasoning, from a generalization true for the most part to a particular case. For example, ""Almost all people are taller than 26 inches. Gareth is a person. Therefore, Gareth is taller than 26 inches.""

Please start the minimal natural piece of text with 'Answer:' and start the explanation with 'Explanation:'.

Thanks very much!","Answer:
Most hives in our region survive winter. This hive is in our region, so it will probably survive winter.

Explanation:
This illustrates a statistical syllogism by moving from a generalization (“Most hives in our region survive winter”) to a particular case (“This hive is in our region”) and concluding inductively (“so it will probably survive winter”).","Most hives in our region survive winter. This hive is in our region, so it will probably survive winter.",1
statistical syllogism,Guerilla warfare,"Greetings! I am interested in natural language processing and I was wondering if you could help me generate an example of text that illustrates multiple skills in semantics or syntax. The example should be a minimal natural piece of text with up to a few lines in the context of Guerilla warfare that illustrates all of the following skills: statistical syllogism. Please keep the text as short as possible, and make sure the concepts can be found fully from the text. 

For reference, here are the definitions and examples for the concepts:
**statistical syllogism**: A syllogism that argues, using inductive reasoning, from a generalization true for the most part to a particular case. For example, ""Almost all people are taller than 26 inches. Gareth is a person. Therefore, Gareth is taller than 26 inches.""

Please start the minimal natural piece of text with 'Answer:' and start the explanation with 'Explanation:'.

Thanks very much!","Answer:
In these mountains, most night ambushes succeed. Our next raid is a night ambush. So it will likely succeed.

Explanation:
- Statistical syllogism: Moves from a generalization (“most night ambushes succeed”) to a particular case (“our next raid is a night ambush”) to a probabilistic conclusion (“it will likely succeed”).","In these mountains, most night ambushes succeed. Our next raid is a night ambush. So it will likely succeed.",1
statistical syllogism,Dueling,"Greetings! I am interested in natural language processing and I was wondering if you could help me generate an example of text that illustrates multiple skills in semantics or syntax. The example should be a minimal natural piece of text with up to a few lines in the context of Dueling that illustrates all of the following skills: statistical syllogism. Please keep the text as short as possible, and make sure the concepts can be found fully from the text. 

For reference, here are the definitions and examples for the concepts:
**statistical syllogism**: A syllogism that argues, using inductive reasoning, from a generalization true for the most part to a particular case. For example, ""Almost all people are taller than 26 inches. Gareth is a person. Therefore, Gareth is taller than 26 inches.""

Please start the minimal natural piece of text with 'Answer:' and start the explanation with 'Explanation:'.

Thanks very much!","Answer:
In duels, nearly all veterans win their opening exchange. Lysa is a veteran duelist. So Lysa will likely win the first exchange.

Explanation:
- Statistical syllogism: The text moves from a generalization that is true for most cases (“nearly all veterans win their opening exchange”) to a particular conclusion about an individual case (“Lysa is a veteran duelist” → “Lysa will likely win the first exchange”), using inductive reasoning with a probabilistic qualifier (“likely”).","In duels, nearly all veterans win their opening exchange. Lysa is a veteran duelist. So Lysa will likely win the first exchange.",1
statistical syllogism,Urbanism,"Greetings! I am interested in natural language processing and I was wondering if you could help me generate an example of text that illustrates multiple skills in semantics or syntax. The example should be a minimal natural piece of text with up to a few lines in the context of Urbanism that illustrates all of the following skills: statistical syllogism. Please keep the text as short as possible, and make sure the concepts can be found fully from the text. 

For reference, here are the definitions and examples for the concepts:
**statistical syllogism**: A syllogism that argues, using inductive reasoning, from a generalization true for the most part to a particular case. For example, ""Almost all people are taller than 26 inches. Gareth is a person. Therefore, Gareth is taller than 26 inches.""

Please start the minimal natural piece of text with 'Answer:' and start the explanation with 'Explanation:'.

Thanks very much!","Answer:
Most city parks are well-maintained. Riverside Park is a city park. So Riverside Park is probably well-maintained.

Explanation:
This is a statistical syllogism in an urbanism context: it moves inductively from a general claim about most city parks to a probable conclusion about a specific park.",Most city parks are well-maintained. Riverside Park is a city park. So Riverside Park is probably well-maintained.,1
statistical syllogism,Beekeeping,"Greetings! I am interested in natural language processing and I was wondering if you could help me generate an example of text that illustrates multiple skills in semantics or syntax. The example should be a minimal natural piece of text with up to a few lines in the context of Beekeeping that illustrates all of the following skills: statistical syllogism. Please keep the text as short as possible, and make sure the concepts can be found fully from the text. 

For reference, here are the definitions and examples for the concepts:
**statistical syllogism**: A syllogism that argues, using inductive reasoning, from a generalization true for the most part to a particular case. For example, ""Almost all people are taller than 26 inches. Gareth is a person. Therefore, Gareth is taller than 26 inches.""

Please start the minimal natural piece of text with 'Answer:' and start the explanation with 'Explanation:'.

Thanks very much!","Answer:
Almost all honeybees remain docile after midday inspections. This hive is being inspected in the afternoon. Therefore, this hive is likely docile.

Explanation:
- Statistical syllogism: The text uses an inductive generalization (“Almost all honeybees remain docile after midday inspections”) and applies it to a particular case (“This hive is being inspected in the afternoon”) to reach a probabilistic conclusion (“Therefore, this hive is likely docile”).","Almost all honeybees remain docile after midday inspections. This hive is being inspected in the afternoon. Therefore, this hive is likely docile.",1
statistical syllogism,Dueling,"Greetings! I am interested in natural language processing and I was wondering if you could help me generate an example of text that illustrates multiple skills in semantics or syntax. The example should be a minimal natural piece of text with up to a few lines in the context of Dueling that illustrates all of the following skills: statistical syllogism. Please keep the text as short as possible, and make sure the concepts can be found fully from the text. 

For reference, here are the definitions and examples for the concepts:
**statistical syllogism**: A syllogism that argues, using inductive reasoning, from a generalization true for the most part to a particular case. For example, ""Almost all people are taller than 26 inches. Gareth is a person. Therefore, Gareth is taller than 26 inches.""

Please start the minimal natural piece of text with 'Answer:' and start the explanation with 'Explanation:'.

Thanks very much!","Answer:
Almost all duelists favor defending early. Mira is a duelist. So, in her bout, she’ll likely defend first.

Explanation:
- Statistical syllogism: The text moves from a generalization about most duelists (“Almost all duelists favor defending early”) to a particular case (“Mira is a duelist”) and infers a likely conclusion about Mira’s behavior (“she’ll likely defend first”).","Almost all duelists favor defending early. Mira is a duelist. So, in her bout, she’ll likely defend first.",1
statistical syllogism,Beekeeping,"Greetings! I am interested in natural language processing and I was wondering if you could help me generate an example of text that illustrates multiple skills in semantics or syntax. The example should be a minimal natural piece of text with up to a few lines in the context of Beekeeping that illustrates all of the following skills: statistical syllogism. Please keep the text as short as possible, and make sure the concepts can be found fully from the text. 

For reference, here are the definitions and examples for the concepts:
**statistical syllogism**: A syllogism that argues, using inductive reasoning, from a generalization true for the most part to a particular case. For example, ""Almost all people are taller than 26 inches. Gareth is a person. Therefore, Gareth is taller than 26 inches.""

Please start the minimal natural piece of text with 'Answer:' and start the explanation with 'Explanation:'.

Thanks very much!","Answer:
Most hives in this apiary survive winter. This hive belongs to this apiary. So this hive probably survived winter.

Explanation:
This is a statistical syllogism: it moves from a generalization true for the most part (“Most hives in this apiary survive winter”) to a particular case (“This hive belongs to this apiary”) and infers a probabilistic conclusion (“So this hive probably survived winter”).",Most hives in this apiary survive winter. This hive belongs to this apiary. So this hive probably survived winter.,1
statistical syllogism,Guerilla warfare,"Greetings! I am interested in natural language processing and I was wondering if you could help me generate an example of text that illustrates multiple skills in semantics or syntax. The example should be a minimal natural piece of text with up to a few lines in the context of Guerilla warfare that illustrates all of the following skills: statistical syllogism. Please keep the text as short as possible, and make sure the concepts can be found fully from the text. 

For reference, here are the definitions and examples for the concepts:
**statistical syllogism**: A syllogism that argues, using inductive reasoning, from a generalization true for the most part to a particular case. For example, ""Almost all people are taller than 26 inches. Gareth is a person. Therefore, Gareth is taller than 26 inches.""

Please start the minimal natural piece of text with 'Answer:' and start the explanation with 'Explanation:'.

Thanks very much!","Answer:
In this valley, most ambushes succeed. Tonight’s strike is an ambush. So it will probably succeed.

Explanation:
- Statistical syllogism: The text reasons inductively from a generalization (“most ambushes succeed” in this valley) to a particular case (“Tonight’s strike is an ambush”) and infers a likely outcome (“it will probably succeed”).","In this valley, most ambushes succeed. Tonight’s strike is an ambush. So it will probably succeed.",1
statistical syllogism,Beekeeping,"Greetings! I am interested in natural language processing and I was wondering if you could help me generate an example of text that illustrates multiple skills in semantics or syntax. The example should be a minimal natural piece of text with up to a few lines in the context of Beekeeping that illustrates all of the following skills: statistical syllogism. Please keep the text as short as possible, and make sure the concepts can be found fully from the text. 

For reference, here are the definitions and examples for the concepts:
**statistical syllogism**: A syllogism that argues, using inductive reasoning, from a generalization true for the most part to a particular case. For example, ""Almost all people are taller than 26 inches. Gareth is a person. Therefore, Gareth is taller than 26 inches.""

Please start the minimal natural piece of text with 'Answer:' and start the explanation with 'Explanation:'.

Thanks very much!","Answer:
Most colonies I’ve worked with are docile during midday inspections. This hive is part of my apiary. So, it’s probably calm right now.

Explanation:
- Statistical syllogism: The text reasons from a generalization (“Most colonies I’ve worked with are docile during midday inspections”) to a particular case (“This hive is part of my apiary”), concluding probabilistically (“So, it’s probably calm right now”).","Most colonies I’ve worked with are docile during midday inspections. This hive is part of my apiary. So, it’s probably calm right now.",1
statistical syllogism,Dueling,"Greetings! I am interested in natural language processing and I was wondering if you could help me generate an example of text that illustrates multiple skills in semantics or syntax. The example should be a minimal natural piece of text with up to a few lines in the context of Dueling that illustrates all of the following skills: statistical syllogism. Please keep the text as short as possible, and make sure the concepts can be found fully from the text. 

For reference, here are the definitions and examples for the concepts:
**statistical syllogism**: A syllogism that argues, using inductive reasoning, from a generalization true for the most part to a particular case. For example, ""Almost all people are taller than 26 inches. Gareth is a person. Therefore, Gareth is taller than 26 inches.""

Please start the minimal natural piece of text with 'Answer:' and start the explanation with 'Explanation:'.

Thanks very much!","Answer:
In most duels at dawn, the challenger fires first. Ren is the challenger. So Ren will likely fire first.

Explanation:
This illustrates a statistical syllogism: it moves from a generalization that is true for most cases (“In most duels at dawn, the challenger fires first”) to a probabilistic conclusion about a particular instance (“Ren will likely fire first”) given that Ren meets the category condition (“Ren is the challenger”).","In most duels at dawn, the challenger fires first. Ren is the challenger. So Ren will likely fire first.",1
statistical syllogism,Survivalism,"Greetings! I am interested in natural language processing and I was wondering if you could help me generate an example of text that illustrates multiple skills in semantics or syntax. The example should be a minimal natural piece of text with up to a few lines in the context of Survivalism that illustrates all of the following skills: statistical syllogism. Please keep the text as short as possible, and make sure the concepts can be found fully from the text. 

For reference, here are the definitions and examples for the concepts:
**statistical syllogism**: A syllogism that argues, using inductive reasoning, from a generalization true for the most part to a particular case. For example, ""Almost all people are taller than 26 inches. Gareth is a person. Therefore, Gareth is taller than 26 inches.""

Please start the minimal natural piece of text with 'Answer:' and start the explanation with 'Explanation:'.

Thanks very much!","Answer:
Most improvised shelters in the forest leak during heavy rain. This lean-to is an improvised shelter in the forest. So it will probably leak tonight; I’d better move my sleeping bag.

Explanation:
- Statistical syllogism: From the generalization “Most improvised shelters in the forest leak during heavy rain” to the particular “This lean-to is an improvised shelter in the forest,” concluding probabilistically that “it will probably leak tonight.”",Most improvised shelters in the forest leak during heavy rain. This lean-to is an improvised shelter in the forest. So it will probably leak tonight; I’d better move my sleeping bag.,1
statistical syllogism,Dueling,"Greetings! I am interested in natural language processing and I was wondering if you could help me generate an example of text that illustrates multiple skills in semantics or syntax. The example should be a minimal natural piece of text with up to a few lines in the context of Dueling that illustrates all of the following skills: statistical syllogism. Please keep the text as short as possible, and make sure the concepts can be found fully from the text. 

For reference, here are the definitions and examples for the concepts:
**statistical syllogism**: A syllogism that argues, using inductive reasoning, from a generalization true for the most part to a particular case. For example, ""Almost all people are taller than 26 inches. Gareth is a person. Therefore, Gareth is taller than 26 inches.""

Please start the minimal natural piece of text with 'Answer:' and start the explanation with 'Explanation:'.

Thanks very much!","Answer:
Most duelists strike first. Mara is a duelist. So Mara will likely strike first.

Explanation:
This is a statistical syllogism: it moves from a probabilistic generalization (“Most duelists strike first”) to a particular case (“Mara is a duelist”) and concludes a likely outcome for that individual (“So Mara will likely strike first”).",Most duelists strike first. Mara is a duelist. So Mara will likely strike first.,1
statistical syllogism,Dueling,"Greetings! I am interested in natural language processing and I was wondering if you could help me generate an example of text that illustrates multiple skills in semantics or syntax. The example should be a minimal natural piece of text with up to a few lines in the context of Dueling that illustrates all of the following skills: statistical syllogism. Please keep the text as short as possible, and make sure the concepts can be found fully from the text. 

For reference, here are the definitions and examples for the concepts:
**statistical syllogism**: A syllogism that argues, using inductive reasoning, from a generalization true for the most part to a particular case. For example, ""Almost all people are taller than 26 inches. Gareth is a person. Therefore, Gareth is taller than 26 inches.""

Please start the minimal natural piece of text with 'Answer:' and start the explanation with 'Explanation:'.

Thanks very much!","Answer:
Most duelists keep their distance in the opening exchange. Mira is a duelist. So, when the bell rings, Mira will likely step back.

Explanation:
This illustrates a statistical syllogism:
- Generalization (true for the most part): Most duelists keep their distance in the opening exchange.
- Particular case: Mira is a duelist.
- Inductive conclusion about the particular: Therefore, Mira will likely step back when the duel begins.","Most duelists keep their distance in the opening exchange. Mira is a duelist. So, when the bell rings, Mira will likely step back.",1
statistical syllogism,The Ottoman Empire,"Greetings! I am interested in natural language processing and I was wondering if you could help me generate an example of text that illustrates multiple skills in semantics or syntax. The example should be a minimal natural piece of text with up to a few lines in the context of The Ottoman Empire that illustrates all of the following skills: statistical syllogism. Please keep the text as short as possible, and make sure the concepts can be found fully from the text. 

For reference, here are the definitions and examples for the concepts:
**statistical syllogism**: A syllogism that argues, using inductive reasoning, from a generalization true for the most part to a particular case. For example, ""Almost all people are taller than 26 inches. Gareth is a person. Therefore, Gareth is taller than 26 inches.""

Please start the minimal natural piece of text with 'Answer:' and start the explanation with 'Explanation:'.

Thanks very much!","Answer:
In the Ottoman Empire, most janissaries were trained to read Ottoman Turkish documents. Ahmed is a janissary stationed in Edirne. Therefore, Ahmed can read Ottoman Turkish documents.

Explanation:
This illustrates a statistical syllogism: it reasons inductively from a generalization about most janissaries to a conclusion about a particular janissary (Ahmed).","In the Ottoman Empire, most janissaries were trained to read Ottoman Turkish documents. Ahmed is a janissary stationed in Edirne. Therefore, Ahmed can read Ottoman Turkish documents.",1
statistical syllogism,Beekeeping,"Greetings! I am interested in natural language processing and I was wondering if you could help me generate an example of text that illustrates multiple skills in semantics or syntax. The example should be a minimal natural piece of text with up to a few lines in the context of Beekeeping that illustrates all of the following skills: statistical syllogism. Please keep the text as short as possible, and make sure the concepts can be found fully from the text. 

For reference, here are the definitions and examples for the concepts:
**statistical syllogism**: A syllogism that argues, using inductive reasoning, from a generalization true for the most part to a particular case. For example, ""Almost all people are taller than 26 inches. Gareth is a person. Therefore, Gareth is taller than 26 inches.""

Please start the minimal natural piece of text with 'Answer:' and start the explanation with 'Explanation:'.

Thanks very much!","Answer: Most healthy colonies survive early spring inspections. Hive 12 is a healthy colony. So Hive 12 will likely survive this early spring inspection.

Explanation: This is a statistical syllogism: it moves from a generalization that holds for most cases (“Most healthy colonies survive early spring inspections”) to a conclusion about a particular case (“Hive 12 will likely survive”), using inductive reasoning with a probabilistic qualifier (“likely”).",Most healthy colonies survive early spring inspections. Hive 12 is a healthy colony. So Hive 12 will likely survive this early spring inspection.,1
statistical syllogism,Survivalism,"Greetings! I am interested in natural language processing and I was wondering if you could help me generate an example of text that illustrates multiple skills in semantics or syntax. The example should be a minimal natural piece of text with up to a few lines in the context of Survivalism that illustrates all of the following skills: statistical syllogism. Please keep the text as short as possible, and make sure the concepts can be found fully from the text. 

For reference, here are the definitions and examples for the concepts:
**statistical syllogism**: A syllogism that argues, using inductive reasoning, from a generalization true for the most part to a particular case. For example, ""Almost all people are taller than 26 inches. Gareth is a person. Therefore, Gareth is taller than 26 inches.""

Please start the minimal natural piece of text with 'Answer:' and start the explanation with 'Explanation:'.

Thanks very much!","Answer:
Most preppers keep at least three days of water. Kai is a prepper. So Kai probably keeps at least three days of water.

Explanation:
- Statistical syllogism: Moves from a generalization that holds for most cases (“Most preppers keep at least three days of water”) to a probabilistic conclusion about a particular instance (“Kai is a prepper” → “Kai probably keeps at least three days of water”).",Most preppers keep at least three days of water. Kai is a prepper. So Kai probably keeps at least three days of water.,1
statistical syllogism,Beekeeping,"Greetings! I am interested in natural language processing and I was wondering if you could help me generate an example of text that illustrates multiple skills in semantics or syntax. The example should be a minimal natural piece of text with up to a few lines in the context of Beekeeping that illustrates all of the following skills: statistical syllogism. Please keep the text as short as possible, and make sure the concepts can be found fully from the text. 

For reference, here are the definitions and examples for the concepts:
**statistical syllogism**: A syllogism that argues, using inductive reasoning, from a generalization true for the most part to a particular case. For example, ""Almost all people are taller than 26 inches. Gareth is a person. Therefore, Gareth is taller than 26 inches.""

Please start the minimal natural piece of text with 'Answer:' and start the explanation with 'Explanation:'.

Thanks very much!","Answer:
Most hives in this apiary thrive after spring splits. Hive 14 is in this apiary. So Hive 14 will likely thrive after its spring split.

Explanation:
- Statistical syllogism: The text moves from a generalization (“Most hives in this apiary thrive after spring splits”) to a specific case (“Hive 14 is in this apiary”) and infers a probable conclusion about that case (“So Hive 14 will likely thrive after its spring split”).",Most hives in this apiary thrive after spring splits. Hive 14 is in this apiary. So Hive 14 will likely thrive after its spring split.,1
statistical syllogism,Beekeeping,"Greetings! I am interested in natural language processing and I was wondering if you could help me generate an example of text that illustrates multiple skills in semantics or syntax. The example should be a minimal natural piece of text with up to a few lines in the context of Beekeeping that illustrates all of the following skills: statistical syllogism. Please keep the text as short as possible, and make sure the concepts can be found fully from the text. 

For reference, here are the definitions and examples for the concepts:
**statistical syllogism**: A syllogism that argues, using inductive reasoning, from a generalization true for the most part to a particular case. For example, ""Almost all people are taller than 26 inches. Gareth is a person. Therefore, Gareth is taller than 26 inches.""

Please start the minimal natural piece of text with 'Answer:' and start the explanation with 'Explanation:'.

Thanks very much!","Answer:
Most hives here remain healthy through spring. This colony is one of our hives, so it will likely stay healthy too.

Explanation:
This is a statistical syllogism: it reasons from a generalization (“Most hives here remain healthy through spring”) to a specific case (“This colony is one of our hives”) and draws a probabilistic conclusion (“so it will likely stay healthy too”).","Most hives here remain healthy through spring. This colony is one of our hives, so it will likely stay healthy too.",1
statistical syllogism,Beekeeping,"Greetings! I am interested in natural language processing and I was wondering if you could help me generate an example of text that illustrates multiple skills in semantics or syntax. The example should be a minimal natural piece of text with up to a few lines in the context of Beekeeping that illustrates all of the following skills: statistical syllogism. Please keep the text as short as possible, and make sure the concepts can be found fully from the text. 

For reference, here are the definitions and examples for the concepts:
**statistical syllogism**: A syllogism that argues, using inductive reasoning, from a generalization true for the most part to a particular case. For example, ""Almost all people are taller than 26 inches. Gareth is a person. Therefore, Gareth is taller than 26 inches.""

Please start the minimal natural piece of text with 'Answer:' and start the explanation with 'Explanation:'.

Thanks very much!","Answer:
Most healthy colonies keep brood temps near 95°F. This hive is a healthy colony. So its brood is probably around 95°F.

Explanation:
- Statistical syllogism: The text moves from a generalization that is usually true (“Most healthy colonies...”) to a specific case (“This hive is a healthy colony”) and infers a probabilistic conclusion about that case (“So its brood is probably around 95°F”).",Most healthy colonies keep brood temps near 95°F. This hive is a healthy colony. So its brood is probably around 95°F.,1
statistical syllogism,Dueling,"Greetings! I am interested in natural language processing and I was wondering if you could help me generate an example of text that illustrates multiple skills in semantics or syntax. The example should be a minimal natural piece of text with up to a few lines in the context of Dueling that illustrates all of the following skills: statistical syllogism. Please keep the text as short as possible, and make sure the concepts can be found fully from the text. 

For reference, here are the definitions and examples for the concepts:
**statistical syllogism**: A syllogism that argues, using inductive reasoning, from a generalization true for the most part to a particular case. For example, ""Almost all people are taller than 26 inches. Gareth is a person. Therefore, Gareth is taller than 26 inches.""

Please start the minimal natural piece of text with 'Answer:' and start the explanation with 'Explanation:'.

Thanks very much!","Answer:
Almost every duelist blinks under a feint. Mira is a duelist. Therefore, Mira will likely blink when I feint.

Explanation:
This is a statistical syllogism: it moves from a high-probability generalization (“Almost every duelist blinks under a feint”) to a particular case (“Mira is a duelist”), concluding with a probable inference about that individual (“Therefore, Mira will likely blink when I feint”). The conclusion is inductive, not certain, matching the definition of a statistical syllogism.","Almost every duelist blinks under a feint. Mira is a duelist. Therefore, Mira will likely blink when I feint.",1
statistical syllogism,Dueling,"Greetings! I am interested in natural language processing and I was wondering if you could help me generate an example of text that illustrates multiple skills in semantics or syntax. The example should be a minimal natural piece of text with up to a few lines in the context of Dueling that illustrates all of the following skills: statistical syllogism. Please keep the text as short as possible, and make sure the concepts can be found fully from the text. 

For reference, here are the definitions and examples for the concepts:
**statistical syllogism**: A syllogism that argues, using inductive reasoning, from a generalization true for the most part to a particular case. For example, ""Almost all people are taller than 26 inches. Gareth is a person. Therefore, Gareth is taller than 26 inches.""

Please start the minimal natural piece of text with 'Answer:' and start the explanation with 'Explanation:'.

Thanks very much!","Answer:
Most duelists typically keep their off-hand low to avoid telegraphing. Mira is a duelist, so she likely keeps her off-hand low as we circle.

Explanation:
This illustrates a statistical syllogism: the generalization “Most duelists typically keep their off-hand low to avoid telegraphing” is applied inductively to the particular case “Mira is a duelist,” yielding the probabilistic conclusion “she likely keeps her off-hand low.” The dueling context is conveyed by “as we circle.”","Most duelists typically keep their off-hand low to avoid telegraphing. Mira is a duelist, so she likely keeps her off-hand low as we circle.",1
statistical syllogism,Beekeeping,"Greetings! I am interested in natural language processing and I was wondering if you could help me generate an example of text that illustrates multiple skills in semantics or syntax. The example should be a minimal natural piece of text with up to a few lines in the context of Beekeeping that illustrates all of the following skills: statistical syllogism. Please keep the text as short as possible, and make sure the concepts can be found fully from the text. 

For reference, here are the definitions and examples for the concepts:
**statistical syllogism**: A syllogism that argues, using inductive reasoning, from a generalization true for the most part to a particular case. For example, ""Almost all people are taller than 26 inches. Gareth is a person. Therefore, Gareth is taller than 26 inches.""

Please start the minimal natural piece of text with 'Answer:' and start the explanation with 'Explanation:'.

Thanks very much!","Answer:
Most colonies keep gentle worker bees. This hive is a colony. So these workers are probably gentle.

Explanation:
- Statistical syllogism: The text reasons inductively from a generalization (“Most colonies keep gentle worker bees”) to a particular case (“This hive is a colony”), concluding a likely property (“these workers are probably gentle”).",Most colonies keep gentle worker bees. This hive is a colony. So these workers are probably gentle.,1
statistical syllogism,Beekeeping,"Greetings! I am interested in natural language processing and I was wondering if you could help me generate an example of text that illustrates multiple skills in semantics or syntax. The example should be a minimal natural piece of text with up to a few lines in the context of Beekeeping that illustrates all of the following skills: statistical syllogism. Please keep the text as short as possible, and make sure the concepts can be found fully from the text. 

For reference, here are the definitions and examples for the concepts:
**statistical syllogism**: A syllogism that argues, using inductive reasoning, from a generalization true for the most part to a particular case. For example, ""Almost all people are taller than 26 inches. Gareth is a person. Therefore, Gareth is taller than 26 inches.""

Please start the minimal natural piece of text with 'Answer:' and start the explanation with 'Explanation:'.

Thanks very much!","Answer:
Most colonies with a young, productive queen erupt into a strong spring buildup. Hive Seven has a young, productive queen. So I expect Hive Seven to surge this spring.

Explanation:
- Statistical syllogism: The text reasons inductively from a generalization (“Most colonies with a young, productive queen … strong spring buildup”) to a particular case (“Hive Seven has a young, productive queen”), drawing a probable conclusion (“I expect Hive Seven to surge this spring”).","Most colonies with a young, productive queen erupt into a strong spring buildup. Hive Seven has a young, productive queen. So I expect Hive Seven to surge this spring.",1
statistical syllogism,The Ottoman Empire,"Greetings! I am interested in natural language processing and I was wondering if you could help me generate an example of text that illustrates multiple skills in semantics or syntax. The example should be a minimal natural piece of text with up to a few lines in the context of The Ottoman Empire that illustrates all of the following skills: statistical syllogism. Please keep the text as short as possible, and make sure the concepts can be found fully from the text. 

For reference, here are the definitions and examples for the concepts:
**statistical syllogism**: A syllogism that argues, using inductive reasoning, from a generalization true for the most part to a particular case. For example, ""Almost all people are taller than 26 inches. Gareth is a person. Therefore, Gareth is taller than 26 inches.""

Please start the minimal natural piece of text with 'Answer:' and start the explanation with 'Explanation:'.

Thanks very much!","Answer:
In the Ottoman Empire, most janissaries were loyal to the sultan. Hasan is a janissary. Therefore, Hasan was probably loyal to the sultan.

Explanation:
This is a statistical syllogism: it applies a generalization that is usually true (“most janissaries were loyal to the sultan”) to a particular case (“Hasan is a janissary”), yielding a probabilistic conclusion (“Hasan was probably loyal to the sultan”).","In the Ottoman Empire, most janissaries were loyal to the sultan. Hasan is a janissary. Therefore, Hasan was probably loyal to the sultan.",1
statistical syllogism,Sewing,"Greetings! I am interested in natural language processing and I was wondering if you could help me generate an example of text that illustrates multiple skills in semantics or syntax. The example should be a minimal natural piece of text with up to a few lines in the context of Sewing that illustrates all of the following skills: statistical syllogism. Please keep the text as short as possible, and make sure the concepts can be found fully from the text. 

For reference, here are the definitions and examples for the concepts:
**statistical syllogism**: A syllogism that argues, using inductive reasoning, from a generalization true for the most part to a particular case. For example, ""Almost all people are taller than 26 inches. Gareth is a person. Therefore, Gareth is taller than 26 inches.""

Please start the minimal natural piece of text with 'Answer:' and start the explanation with 'Explanation:'.

Thanks very much!","Answer: Most sewing machines can handle denim without trouble. This model is a sewing machine, so it will probably handle my denim hem just fine.

Explanation: This text exemplifies a statistical syllogism: it moves from a generalization that is true for most cases (“Most sewing machines can handle denim without trouble”) to a probabilistic conclusion about a particular case (“This model is a sewing machine, so it will probably handle my denim hem just fine”). The context is sewing.","Most sewing machines can handle denim without trouble. This model is a sewing machine, so it will probably handle my denim hem just fine.",1
statistical syllogism,Survivalism,"Greetings! I am interested in natural language processing and I was wondering if you could help me generate an example of text that illustrates multiple skills in semantics or syntax. The example should be a minimal natural piece of text with up to a few lines in the context of Survivalism that illustrates all of the following skills: statistical syllogism. Please keep the text as short as possible, and make sure the concepts can be found fully from the text. 

For reference, here are the definitions and examples for the concepts:
**statistical syllogism**: A syllogism that argues, using inductive reasoning, from a generalization true for the most part to a particular case. For example, ""Almost all people are taller than 26 inches. Gareth is a person. Therefore, Gareth is taller than 26 inches.""

Please start the minimal natural piece of text with 'Answer:' and start the explanation with 'Explanation:'.

Thanks very much!","Answer:
Most improvised shelters keep people dry during typical storms. I built an improvised shelter last night. So I’ll probably stay dry when it rains at dawn.

Explanation:
- Statistical syllogism: Moves from a generalization that holds for most cases (“Most improvised shelters keep people dry during typical storms”) to a particular case (“I built an improvised shelter last night”) and infers a likely conclusion about that case (“So I’ll probably stay dry when it rains at dawn”).",Most improvised shelters keep people dry during typical storms. I built an improvised shelter last night. So I’ll probably stay dry when it rains at dawn.,1
statistical syllogism,Dueling,"Greetings! I am interested in natural language processing and I was wondering if you could help me generate an example of text that illustrates multiple skills in semantics or syntax. The example should be a minimal natural piece of text with up to a few lines in the context of Dueling that illustrates all of the following skills: statistical syllogism. Please keep the text as short as possible, and make sure the concepts can be found fully from the text. 

For reference, here are the definitions and examples for the concepts:
**statistical syllogism**: A syllogism that argues, using inductive reasoning, from a generalization true for the most part to a particular case. For example, ""Almost all people are taller than 26 inches. Gareth is a person. Therefore, Gareth is taller than 26 inches.""

Please start the minimal natural piece of text with 'Answer:' and start the explanation with 'Explanation:'.

Thanks very much!","Answer:
In most duels, the fighter who controls distance wins. Mira controls distance. So Mira will probably win this duel.

Explanation:
- Statistical syllogism: The text moves from a generalization that is true for the most part (“In most duels, the fighter who controls distance wins”) to a particular case (“Mira controls distance”), concluding probabilistically about the individual (“So Mira will probably win this duel”).","In most duels, the fighter who controls distance wins. Mira controls distance. So Mira will probably win this duel.",1
statistical syllogism,Beekeeping,"Greetings! I am interested in natural language processing and I was wondering if you could help me generate an example of text that illustrates multiple skills in semantics or syntax. The example should be a minimal natural piece of text with up to a few lines in the context of Beekeeping that illustrates all of the following skills: statistical syllogism. Please keep the text as short as possible, and make sure the concepts can be found fully from the text. 

For reference, here are the definitions and examples for the concepts:
**statistical syllogism**: A syllogism that argues, using inductive reasoning, from a generalization true for the most part to a particular case. For example, ""Almost all people are taller than 26 inches. Gareth is a person. Therefore, Gareth is taller than 26 inches.""

Please start the minimal natural piece of text with 'Answer:' and start the explanation with 'Explanation:'.

Thanks very much!","Answer:
Most backyard beekeepers keep gentle Italian bees. Mara is a backyard beekeeper. So, she probably keeps gentle Italian bees.

Explanation:
- Statistical syllogism: The text moves from a general claim that holds for most cases (“Most backyard beekeepers keep gentle Italian bees”) to a likelihood about a specific case (“Mara is a backyard beekeeper… she probably keeps gentle Italian bees”).","Most backyard beekeepers keep gentle Italian bees. Mara is a backyard beekeeper. So, she probably keeps gentle Italian bees.",1
statistical syllogism,Survivalism,"Greetings! I am interested in natural language processing and I was wondering if you could help me generate an example of text that illustrates multiple skills in semantics or syntax. The example should be a minimal natural piece of text with up to a few lines in the context of Survivalism that illustrates all of the following skills: statistical syllogism. Please keep the text as short as possible, and make sure the concepts can be found fully from the text. 

For reference, here are the definitions and examples for the concepts:
**statistical syllogism**: A syllogism that argues, using inductive reasoning, from a generalization true for the most part to a particular case. For example, ""Almost all people are taller than 26 inches. Gareth is a person. Therefore, Gareth is taller than 26 inches.""

Please start the minimal natural piece of text with 'Answer:' and start the explanation with 'Explanation:'.

Thanks very much!","Answer:
Most foragers in this forest find edible chanterelles under mossy pines after rain. I’m a forager here today, and it rained last night—so I should find chanterelles under the mossy pines.

Explanation:
This illustrates a statistical syllogism: a generalization that is true for most cases (most foragers in this forest find chanterelles under mossy pines after rain) is applied to a particular instance (I’m a forager here today after rain), leading to a probabilistic conclusion (I should find chanterelles under the mossy pines). The setting and activity align with survivalism (foraging for edible mushrooms).","Most foragers in this forest find edible chanterelles under mossy pines after rain. I’m a forager here today, and it rained last night—so I should find chanterelles under the mossy pines.",1
statistical syllogism,Sewing,"Greetings! I am interested in natural language processing and I was wondering if you could help me generate an example of text that illustrates multiple skills in semantics or syntax. The example should be a minimal natural piece of text with up to a few lines in the context of Sewing that illustrates all of the following skills: statistical syllogism. Please keep the text as short as possible, and make sure the concepts can be found fully from the text. 

For reference, here are the definitions and examples for the concepts:
**statistical syllogism**: A syllogism that argues, using inductive reasoning, from a generalization true for the most part to a particular case. For example, ""Almost all people are taller than 26 inches. Gareth is a person. Therefore, Gareth is taller than 26 inches.""

Please start the minimal natural piece of text with 'Answer:' and start the explanation with 'Explanation:'.

Thanks very much!","Answer:
Most quilting cottons fray when cut without pinking. This fabric is quilting cotton. So it will probably fray unless I pink the edges.

Explanation:
- Statistical syllogism: The argument moves from a generalization that holds for most cases (“Most quilting cottons fray when cut without pinking”) to a conclusion about a particular case (“This fabric is quilting cotton. So it will probably fray unless I pink the edges.”).",Most quilting cottons fray when cut without pinking. This fabric is quilting cotton. So it will probably fray unless I pink the edges.,1
statistical syllogism,Survivalism,"Greetings! I am interested in natural language processing and I was wondering if you could help me generate an example of text that illustrates multiple skills in semantics or syntax. The example should be a minimal natural piece of text with up to a few lines in the context of Survivalism that illustrates all of the following skills: statistical syllogism. Please keep the text as short as possible, and make sure the concepts can be found fully from the text. 

For reference, here are the definitions and examples for the concepts:
**statistical syllogism**: A syllogism that argues, using inductive reasoning, from a generalization true for the most part to a particular case. For example, ""Almost all people are taller than 26 inches. Gareth is a person. Therefore, Gareth is taller than 26 inches.""

Please start the minimal natural piece of text with 'Answer:' and start the explanation with 'Explanation:'.

Thanks very much!","Answer:
Most off-grid shelters have water filters that fail after a month. This cabin is an off-grid shelter. So its filter will probably fail by next month; I’ll boil water as backup.

Explanation:
- Statistical syllogism: The text reasons from a generalization about most off-grid shelters (most have filters that fail after a month) to a particular case (this cabin’s filter will probably fail), yielding a probable conclusion.",Most off-grid shelters have water filters that fail after a month. This cabin is an off-grid shelter. So its filter will probably fail by next month; I’ll boil water as backup.,1
statistical syllogism,Urbanism,"Greetings! I am interested in natural language processing and I was wondering if you could help me generate an example of text that illustrates multiple skills in semantics or syntax. The example should be a minimal natural piece of text with up to a few lines in the context of Urbanism that illustrates all of the following skills: statistical syllogism. Please keep the text as short as possible, and make sure the concepts can be found fully from the text. 

For reference, here are the definitions and examples for the concepts:
**statistical syllogism**: A syllogism that argues, using inductive reasoning, from a generalization true for the most part to a particular case. For example, ""Almost all people are taller than 26 inches. Gareth is a person. Therefore, Gareth is taller than 26 inches.""

Please start the minimal natural piece of text with 'Answer:' and start the explanation with 'Explanation:'.

Thanks very much!","Answer:
Almost all city parks reduce neighborhood heat. The Canal District has a new park. So the Canal District likely enjoys cooler summer afternoons.

Explanation:
This is a statistical syllogism in an urbanism context: it moves from a generalization that is true for the most part (“Almost all city parks reduce neighborhood heat”) to a particular case (“The Canal District has a new park”) and infers a likely conclusion for that case (“So the Canal District likely enjoys cooler summer afternoons”).",Almost all city parks reduce neighborhood heat. The Canal District has a new park. So the Canal District likely enjoys cooler summer afternoons.,1
statistical syllogism,Dueling,"Greetings! I am interested in natural language processing and I was wondering if you could help me generate an example of text that illustrates multiple skills in semantics or syntax. The example should be a minimal natural piece of text with up to a few lines in the context of Dueling that illustrates all of the following skills: statistical syllogism. Please keep the text as short as possible, and make sure the concepts can be found fully from the text. 

For reference, here are the definitions and examples for the concepts:
**statistical syllogism**: A syllogism that argues, using inductive reasoning, from a generalization true for the most part to a particular case. For example, ""Almost all people are taller than 26 inches. Gareth is a person. Therefore, Gareth is taller than 26 inches.""

Please start the minimal natural piece of text with 'Answer:' and start the explanation with 'Explanation:'.

Thanks very much!","Answer:
In most duels at dawn, the swifter swordsman wins. Élodie is swifter than her opponent. So Élodie will likely win this duel.

Explanation:
- Statistical syllogism: The text uses an inductive generalization (“In most duels at dawn, the swifter swordsman wins”) and applies it to a particular case (“Élodie is swifter than her opponent”) to reach a probabilistic conclusion (“Élodie will likely win this duel”).","In most duels at dawn, the swifter swordsman wins. Élodie is swifter than her opponent. So Élodie will likely win this duel.",1
statistical syllogism,Sewing,"Greetings! I am interested in natural language processing and I was wondering if you could help me generate an example of text that illustrates multiple skills in semantics or syntax. The example should be a minimal natural piece of text with up to a few lines in the context of Sewing that illustrates all of the following skills: statistical syllogism. Please keep the text as short as possible, and make sure the concepts can be found fully from the text. 

For reference, here are the definitions and examples for the concepts:
**statistical syllogism**: A syllogism that argues, using inductive reasoning, from a generalization true for the most part to a particular case. For example, ""Almost all people are taller than 26 inches. Gareth is a person. Therefore, Gareth is taller than 26 inches.""

Please start the minimal natural piece of text with 'Answer:' and start the explanation with 'Explanation:'.

Thanks very much!","Answer:
Most cotton threads rarely snap under moderate tension. This bobbin is wound with cotton thread. So, it likely won’t snap while I stitch this seam.

Explanation:
- Statistical syllogism: The text moves from a generalization that is true for most cases (“Most cotton threads rarely snap under moderate tension”) to a particular instance (“This bobbin is wound with cotton thread”) and infers a likely conclusion about that instance (“it likely won’t snap while I stitch this seam”).","Most cotton threads rarely snap under moderate tension. This bobbin is wound with cotton thread. So, it likely won’t snap while I stitch this seam.",1
statistical syllogism,Beekeeping,"Greetings! I am interested in natural language processing and I was wondering if you could help me generate an example of text that illustrates multiple skills in semantics or syntax. The example should be a minimal natural piece of text with up to a few lines in the context of Beekeeping that illustrates all of the following skills: statistical syllogism. Please keep the text as short as possible, and make sure the concepts can be found fully from the text. 

For reference, here are the definitions and examples for the concepts:
**statistical syllogism**: A syllogism that argues, using inductive reasoning, from a generalization true for the most part to a particular case. For example, ""Almost all people are taller than 26 inches. Gareth is a person. Therefore, Gareth is taller than 26 inches.""

Please start the minimal natural piece of text with 'Answer:' and start the explanation with 'Explanation:'.

Thanks very much!","Answer: Most healthy hives survive mild winters. This hive is healthy, and the forecast is mild, so it will likely survive.

Explanation: This is a statistical syllogism: it reasons from a generalization that holds for most cases (most healthy hives survive mild winters) to a particular case (this healthy hive in an expected mild winter), yielding a probabilistic conclusion (it will likely survive).","Most healthy hives survive mild winters. This hive is healthy, and the forecast is mild, so it will likely survive.",1
statistical syllogism,Survivalism,"Greetings! I am interested in natural language processing and I was wondering if you could help me generate an example of text that illustrates multiple skills in semantics or syntax. The example should be a minimal natural piece of text with up to a few lines in the context of Survivalism that illustrates all of the following skills: statistical syllogism. Please keep the text as short as possible, and make sure the concepts can be found fully from the text. 

For reference, here are the definitions and examples for the concepts:
**statistical syllogism**: A syllogism that argues, using inductive reasoning, from a generalization true for the most part to a particular case. For example, ""Almost all people are taller than 26 inches. Gareth is a person. Therefore, Gareth is taller than 26 inches.""

Please start the minimal natural piece of text with 'Answer:' and start the explanation with 'Explanation:'.

Thanks very much!","Answer:
Most campers in this region report that unfiltered creek water causes illness. Maya is camping here and is about to drink from the creek. So, she will probably get sick unless she purifies it first.

Explanation:
- Statistical syllogism: The text moves from a generalization that is true for the most part (“Most campers in this region report that unfiltered creek water causes illness”) to a particular case (“Maya is camping here and is about to drink from the creek”), yielding a probabilistic conclusion (“she will probably get sick unless she purifies it first”). This is inductive and applies a general statistical claim to an individual instance.","Most campers in this region report that unfiltered creek water causes illness. Maya is camping here and is about to drink from the creek. So, she will probably get sick unless she purifies it first.",1
statistical syllogism,The Ottoman Empire,"Greetings! I am interested in natural language processing and I was wondering if you could help me generate an example of text that illustrates multiple skills in semantics or syntax. The example should be a minimal natural piece of text with up to a few lines in the context of The Ottoman Empire that illustrates all of the following skills: statistical syllogism. Please keep the text as short as possible, and make sure the concepts can be found fully from the text. 

For reference, here are the definitions and examples for the concepts:
**statistical syllogism**: A syllogism that argues, using inductive reasoning, from a generalization true for the most part to a particular case. For example, ""Almost all people are taller than 26 inches. Gareth is a person. Therefore, Gareth is taller than 26 inches.""

Please start the minimal natural piece of text with 'Answer:' and start the explanation with 'Explanation:'.

Thanks very much!","Answer:
Most Ottoman Janissaries were literate in Ottoman Turkish. Hasan is a Janissary. Therefore, Hasan is probably literate in Ottoman Turkish.

Explanation:
This is a statistical syllogism: it moves from a generalization that holds for most cases (most Ottoman Janissaries were literate in Ottoman Turkish) to a probabilistic conclusion about a particular case (Hasan, a Janissary, is probably literate).","Most Ottoman Janissaries were literate in Ottoman Turkish. Hasan is a Janissary. Therefore, Hasan is probably literate in Ottoman Turkish.",1
statistical syllogism,Urbanism,"Greetings! I am interested in natural language processing and I was wondering if you could help me generate an example of text that illustrates multiple skills in semantics or syntax. The example should be a minimal natural piece of text with up to a few lines in the context of Urbanism that illustrates all of the following skills: statistical syllogism. Please keep the text as short as possible, and make sure the concepts can be found fully from the text. 

For reference, here are the definitions and examples for the concepts:
**statistical syllogism**: A syllogism that argues, using inductive reasoning, from a generalization true for the most part to a particular case. For example, ""Almost all people are taller than 26 inches. Gareth is a person. Therefore, Gareth is taller than 26 inches.""

Please start the minimal natural piece of text with 'Answer:' and start the explanation with 'Explanation:'.

Thanks very much!","Answer:
Most new bike lanes in the city cut commute times. This corridor just got a new bike lane. So this corridor will likely see shorter commutes.

Explanation:
- Statistical syllogism: The text moves from a generalization that is true for the most part (“Most new bike lanes in the city cut commute times”) to a particular case (“This corridor just got a new bike lane”) and infers a likely conclusion about that case (“So this corridor will likely see shorter commutes”).",Most new bike lanes in the city cut commute times. This corridor just got a new bike lane. So this corridor will likely see shorter commutes.,1
statistical syllogism,Survivalism,"Greetings! I am interested in natural language processing and I was wondering if you could help me generate an example of text that illustrates multiple skills in semantics or syntax. The example should be a minimal natural piece of text with up to a few lines in the context of Survivalism that illustrates all of the following skills: statistical syllogism. Please keep the text as short as possible, and make sure the concepts can be found fully from the text. 

For reference, here are the definitions and examples for the concepts:
**statistical syllogism**: A syllogism that argues, using inductive reasoning, from a generalization true for the most part to a particular case. For example, ""Almost all people are taller than 26 inches. Gareth is a person. Therefore, Gareth is taller than 26 inches.""

Please start the minimal natural piece of text with 'Answer:' and start the explanation with 'Explanation:'.

Thanks very much!","Answer: In most off-grid winters here, water filters freeze without extra insulation. This week’s forecast says hard frost nightly. I’ll wrap my Sawyer today so it probably won’t fail.

Explanation: The text uses a statistical syllogism: “In most off-grid winters here, water filters freeze without extra insulation” (generalization true for the most part); “This week’s forecast says hard frost nightly” plus the implied case of “my water filter” (particular case under similar conditions); therefore, “I’ll wrap my Sawyer today so it probably won’t fail” (inductive conclusion for the particular case).","In most off-grid winters here, water filters freeze without extra insulation. This week’s forecast says hard frost nightly. I’ll wrap my Sawyer today so it probably won’t fail.",1
statistical syllogism,Sewing,"Greetings! I am interested in natural language processing and I was wondering if you could help me generate an example of text that illustrates multiple skills in semantics or syntax. The example should be a minimal natural piece of text with up to a few lines in the context of Sewing that illustrates all of the following skills: statistical syllogism. Please keep the text as short as possible, and make sure the concepts can be found fully from the text. 

For reference, here are the definitions and examples for the concepts:
**statistical syllogism**: A syllogism that argues, using inductive reasoning, from a generalization true for the most part to a particular case. For example, ""Almost all people are taller than 26 inches. Gareth is a person. Therefore, Gareth is taller than 26 inches.""

Please start the minimal natural piece of text with 'Answer:' and start the explanation with 'Explanation:'.

Thanks very much!","Answer: Most home-sewn seams hold up under light wear. This apron seam is home-sewn, so it will probably hold up when I test it in the kitchen.

Explanation: The text uses a statistical syllogism:
- Generalization (probabilistic): Most home-sewn seams hold up under light wear.
- Particular case: This apron seam is home-sewn.
- Inductive conclusion: Therefore, it will probably hold up when tested.","Most home-sewn seams hold up under light wear. This apron seam is home-sewn, so it will probably hold up when I test it in the kitchen.",1
statistical syllogism,Survivalism,"Greetings! I am interested in natural language processing and I was wondering if you could help me generate an example of text that illustrates multiple skills in semantics or syntax. The example should be a minimal natural piece of text with up to a few lines in the context of Survivalism that illustrates all of the following skills: statistical syllogism. Please keep the text as short as possible, and make sure the concepts can be found fully from the text. 

For reference, here are the definitions and examples for the concepts:
**statistical syllogism**: A syllogism that argues, using inductive reasoning, from a generalization true for the most part to a particular case. For example, ""Almost all people are taller than 26 inches. Gareth is a person. Therefore, Gareth is taller than 26 inches.""

Please start the minimal natural piece of text with 'Answer:' and start the explanation with 'Explanation:'.

Thanks very much!","Answer:
Most foragers in our region rely on dried beans to get through winter. Mara is a forager here, so she’ll probably rely on dried beans to get through winter.

Explanation:
- Statistical syllogism: The text moves from a generalization that holds for most members of a group (“Most foragers in our region rely on dried beans to get through winter”) to a probable conclusion about a particular member of that group (“Mara is a forager here, so she’ll probably rely on dried beans to get through winter”).","Most foragers in our region rely on dried beans to get through winter. Mara is a forager here, so she’ll probably rely on dried beans to get through winter.",1
statistical syllogism,Dueling,"Greetings! I am interested in natural language processing and I was wondering if you could help me generate an example of text that illustrates multiple skills in semantics or syntax. The example should be a minimal natural piece of text with up to a few lines in the context of Dueling that illustrates all of the following skills: statistical syllogism. Please keep the text as short as possible, and make sure the concepts can be found fully from the text. 

For reference, here are the definitions and examples for the concepts:
**statistical syllogism**: A syllogism that argues, using inductive reasoning, from a generalization true for the most part to a particular case. For example, ""Almost all people are taller than 26 inches. Gareth is a person. Therefore, Gareth is taller than 26 inches.""

Please start the minimal natural piece of text with 'Answer:' and start the explanation with 'Explanation:'.

Thanks very much!","Answer:
Most duelists keep their tempers in check. Viktor is a duelist. So I expect Viktor to keep his temper when we cross blades.

Explanation:
This is a statistical syllogism: it moves from a generalization that is true for most members of a group (“Most duelists keep their tempers in check”) to a prediction about an individual member of that group (“Viktor is a duelist … therefore I expect Viktor to keep his temper”). The setting is dueling, and all needed information is contained within the text.",Most duelists keep their tempers in check. Viktor is a duelist. So I expect Viktor to keep his temper when we cross blades.,1
statistical syllogism,Dueling,"Greetings! I am interested in natural language processing and I was wondering if you could help me generate an example of text that illustrates multiple skills in semantics or syntax. The example should be a minimal natural piece of text with up to a few lines in the context of Dueling that illustrates all of the following skills: statistical syllogism. Please keep the text as short as possible, and make sure the concepts can be found fully from the text. 

For reference, here are the definitions and examples for the concepts:
**statistical syllogism**: A syllogism that argues, using inductive reasoning, from a generalization true for the most part to a particular case. For example, ""Almost all people are taller than 26 inches. Gareth is a person. Therefore, Gareth is taller than 26 inches.""

Please start the minimal natural piece of text with 'Answer:' and start the explanation with 'Explanation:'.

Thanks very much!","Answer:
Most duelists land their first strike within three exchanges. Mara is a duelist. So, likely, Mara will land her first strike within three exchanges.

Explanation:
- Statistical syllogism: The text moves from a generalization about “most duelists” to a probable conclusion about a specific duelist, Mara. It has the form: “Most A are B; x is A; therefore, probably x is B.”","Most duelists land their first strike within three exchanges. Mara is a duelist. So, likely, Mara will land her first strike within three exchanges.",1
statistical syllogism,Dueling,"Greetings! I am interested in natural language processing and I was wondering if you could help me generate an example of text that illustrates multiple skills in semantics or syntax. The example should be a minimal natural piece of text with up to a few lines in the context of Dueling that illustrates all of the following skills: statistical syllogism. Please keep the text as short as possible, and make sure the concepts can be found fully from the text. 

For reference, here are the definitions and examples for the concepts:
**statistical syllogism**: A syllogism that argues, using inductive reasoning, from a generalization true for the most part to a particular case. For example, ""Almost all people are taller than 26 inches. Gareth is a person. Therefore, Gareth is taller than 26 inches.""

Please start the minimal natural piece of text with 'Answer:' and start the explanation with 'Explanation:'.

Thanks very much!","Answer:
Almost all duels end when one fencer lands the first clean touch. Mara’s duel is about to begin. Therefore, Mara’s duel will likely end when someone lands the first clean touch.

Explanation:
This is a statistical syllogism: it moves from a generalization (“Almost all duels end when one fencer lands the first clean touch”) to a particular case (“Mara’s duel”), concluding probabilistically about that case (“will likely end when someone lands the first clean touch”).","Almost all duels end when one fencer lands the first clean touch. Mara’s duel is about to begin. Therefore, Mara’s duel will likely end when someone lands the first clean touch.",1
statistical syllogism,Urbanism,"Greetings! I am interested in natural language processing and I was wondering if you could help me generate an example of text that illustrates multiple skills in semantics or syntax. The example should be a minimal natural piece of text with up to a few lines in the context of Urbanism that illustrates all of the following skills: statistical syllogism. Please keep the text as short as possible, and make sure the concepts can be found fully from the text. 

For reference, here are the definitions and examples for the concepts:
**statistical syllogism**: A syllogism that argues, using inductive reasoning, from a generalization true for the most part to a particular case. For example, ""Almost all people are taller than 26 inches. Gareth is a person. Therefore, Gareth is taller than 26 inches.""

Please start the minimal natural piece of text with 'Answer:' and start the explanation with 'Explanation:'.

Thanks very much!","Answer:
Most apartment blocks near the river have rooftop gardens. Block 27 is near the river. So Block 27 probably has a rooftop garden.

Explanation:
This illustrates a statistical syllogism: it moves from a generalization about most river-adjacent apartment blocks to a probable conclusion about a particular case (Block 27).",Most apartment blocks near the river have rooftop gardens. Block 27 is near the river. So Block 27 probably has a rooftop garden.,1
statistical syllogism,Guerilla warfare,"Greetings! I am interested in natural language processing and I was wondering if you could help me generate an example of text that illustrates multiple skills in semantics or syntax. The example should be a minimal natural piece of text with up to a few lines in the context of Guerilla warfare that illustrates all of the following skills: statistical syllogism. Please keep the text as short as possible, and make sure the concepts can be found fully from the text. 

For reference, here are the definitions and examples for the concepts:
**statistical syllogism**: A syllogism that argues, using inductive reasoning, from a generalization true for the most part to a particular case. For example, ""Almost all people are taller than 26 inches. Gareth is a person. Therefore, Gareth is taller than 26 inches.""

Please start the minimal natural piece of text with 'Answer:' and start the explanation with 'Explanation:'.

Thanks very much!","Answer:
In this province, most guerrilla ambushes hit supply trucks at dusk. It’s dusk, and that rumbling is a supply truck—so this ambush will likely hit it.

Explanation:
- Statistical syllogism: The text reasons from a probabilistic generalization to a particular case—“Most guerrilla ambushes hit supply trucks at dusk” (generalization); “It’s dusk, and that rumbling is a supply truck” (particular case); therefore, “this ambush will likely hit it” (probabilistic conclusion).","In this province, most guerrilla ambushes hit supply trucks at dusk. It’s dusk, and that rumbling is a supply truck—so this ambush will likely hit it.",1
statistical syllogism,Urbanism,"Greetings! I am interested in natural language processing and I was wondering if you could help me generate an example of text that illustrates multiple skills in semantics or syntax. The example should be a minimal natural piece of text with up to a few lines in the context of Urbanism that illustrates all of the following skills: statistical syllogism. Please keep the text as short as possible, and make sure the concepts can be found fully from the text. 

For reference, here are the definitions and examples for the concepts:
**statistical syllogism**: A syllogism that argues, using inductive reasoning, from a generalization true for the most part to a particular case. For example, ""Almost all people are taller than 26 inches. Gareth is a person. Therefore, Gareth is taller than 26 inches.""

Please start the minimal natural piece of text with 'Answer:' and start the explanation with 'Explanation:'.

Thanks very much!","Answer:
Almost all new bike lanes reduce collisions in dense cities. Pine Street’s new bike lane is in a dense part of town. So Pine Street probably sees fewer collisions now.

Explanation:
This is a statistical syllogism: it moves from a generalization that is true for the most part (“Almost all new bike lanes reduce collisions in dense cities”) to a probabilistic conclusion about a particular case (“Pine Street probably sees fewer collisions now”). The urbanism context is provided by bike lanes and dense city streets.",Almost all new bike lanes reduce collisions in dense cities. Pine Street’s new bike lane is in a dense part of town. So Pine Street probably sees fewer collisions now.,1
statistical syllogism,Dueling,"Greetings! I am interested in natural language processing and I was wondering if you could help me generate an example of text that illustrates multiple skills in semantics or syntax. The example should be a minimal natural piece of text with up to a few lines in the context of Dueling that illustrates all of the following skills: statistical syllogism. Please keep the text as short as possible, and make sure the concepts can be found fully from the text. 

For reference, here are the definitions and examples for the concepts:
**statistical syllogism**: A syllogism that argues, using inductive reasoning, from a generalization true for the most part to a particular case. For example, ""Almost all people are taller than 26 inches. Gareth is a person. Therefore, Gareth is taller than 26 inches.""

Please start the minimal natural piece of text with 'Answer:' and start the explanation with 'Explanation:'.

Thanks very much!","Answer:
Most duelists usually wear padded jackets. Clara is a duelist. So Clara probably wears a padded jacket.

Explanation:
- Statistical syllogism: The text reasons from a generalization (“Most duelists usually wear padded jackets”) to a particular case (“Clara is a duelist”), concluding probabilistically about the individual (“So Clara probably wears a padded jacket”).",Most duelists usually wear padded jackets. Clara is a duelist. So Clara probably wears a padded jacket.,1
statistical syllogism,The Ottoman Empire,"Greetings! I am interested in natural language processing and I was wondering if you could help me generate an example of text that illustrates multiple skills in semantics or syntax. The example should be a minimal natural piece of text with up to a few lines in the context of The Ottoman Empire that illustrates all of the following skills: statistical syllogism. Please keep the text as short as possible, and make sure the concepts can be found fully from the text. 

For reference, here are the definitions and examples for the concepts:
**statistical syllogism**: A syllogism that argues, using inductive reasoning, from a generalization true for the most part to a particular case. For example, ""Almost all people are taller than 26 inches. Gareth is a person. Therefore, Gareth is taller than 26 inches.""

Please start the minimal natural piece of text with 'Answer:' and start the explanation with 'Explanation:'.

Thanks very much!","Answer:
Most Ottoman sipahis owned horses. Mehmed was a sipahi. So, Mehmed probably owned a horse.

Explanation:
- Statistical syllogism: The text reasons from a generalization (“Most Ottoman sipahis owned horses”) to a particular case (“Mehmed was a sipahi”) and draws a probabilistic conclusion (“Mehmed probably owned a horse”).","Most Ottoman sipahis owned horses. Mehmed was a sipahi. So, Mehmed probably owned a horse.",1
statistical syllogism,Sewing,"Greetings! I am interested in natural language processing and I was wondering if you could help me generate an example of text that illustrates multiple skills in semantics or syntax. The example should be a minimal natural piece of text with up to a few lines in the context of Sewing that illustrates all of the following skills: statistical syllogism. Please keep the text as short as possible, and make sure the concepts can be found fully from the text. 

For reference, here are the definitions and examples for the concepts:
**statistical syllogism**: A syllogism that argues, using inductive reasoning, from a generalization true for the most part to a particular case. For example, ""Almost all people are taller than 26 inches. Gareth is a person. Therefore, Gareth is taller than 26 inches.""

Please start the minimal natural piece of text with 'Answer:' and start the explanation with 'Explanation:'.

Thanks very much!","Answer:
Most cotton threads rarely snap under gentle tension; this bobbin is wound with cotton thread. So, this bobbin’s thread will probably not snap as I baste the seam.

Explanation:
- Statistical syllogism: Moves from a generalization that is true for the most part (“Most cotton threads rarely snap under gentle tension”) to a particular case (“this bobbin is wound with cotton thread”) and infers a probable conclusion about that specific case (“will probably not snap”).","Most cotton threads rarely snap under gentle tension; this bobbin is wound with cotton thread. So, this bobbin’s thread will probably not snap as I baste the seam.",1
statistical syllogism,Beekeeping,"Greetings! I am interested in natural language processing and I was wondering if you could help me generate an example of text that illustrates multiple skills in semantics or syntax. The example should be a minimal natural piece of text with up to a few lines in the context of Beekeeping that illustrates all of the following skills: statistical syllogism. Please keep the text as short as possible, and make sure the concepts can be found fully from the text. 

For reference, here are the definitions and examples for the concepts:
**statistical syllogism**: A syllogism that argues, using inductive reasoning, from a generalization true for the most part to a particular case. For example, ""Almost all people are taller than 26 inches. Gareth is a person. Therefore, Gareth is taller than 26 inches.""

Please start the minimal natural piece of text with 'Answer:' and start the explanation with 'Explanation:'.

Thanks very much!","Answer:
Most hives in our apiary stay calm during spring inspections. This is Hive 14 from our apiary. So I expect Hive 14 will be calm when I open it.

Explanation:
- Statistical syllogism: The text reasons from a generalization about most hives in the apiary to a prediction about a particular hive (Hive 14).",Most hives in our apiary stay calm during spring inspections. This is Hive 14 from our apiary. So I expect Hive 14 will be calm when I open it.,1
statistical syllogism,Dueling,"Greetings! I am interested in natural language processing and I was wondering if you could help me generate an example of text that illustrates multiple skills in semantics or syntax. The example should be a minimal natural piece of text with up to a few lines in the context of Dueling that illustrates all of the following skills: statistical syllogism. Please keep the text as short as possible, and make sure the concepts can be found fully from the text. 

For reference, here are the definitions and examples for the concepts:
**statistical syllogism**: A syllogism that argues, using inductive reasoning, from a generalization true for the most part to a particular case. For example, ""Almost all people are taller than 26 inches. Gareth is a person. Therefore, Gareth is taller than 26 inches.""

Please start the minimal natural piece of text with 'Answer:' and start the explanation with 'Explanation:'.

Thanks very much!","Answer:
Most duelists yield after three strikes. Mara is a duelist. So, she will likely yield after three strikes.

Explanation:
This is a statistical syllogism: it moves from a generalization that holds for most members of a group (“Most duelists yield after three strikes”) to a conclusion about a particular member of that group (“Mara is a duelist” → “she will likely yield after three strikes”). The word “likely” signals the inductive, probabilistic nature of the inference.","Most duelists yield after three strikes. Mara is a duelist. So, she will likely yield after three strikes.",1
statistical syllogism,Dueling,"Greetings! I am interested in natural language processing and I was wondering if you could help me generate an example of text that illustrates multiple skills in semantics or syntax. The example should be a minimal natural piece of text with up to a few lines in the context of Dueling that illustrates all of the following skills: statistical syllogism. Please keep the text as short as possible, and make sure the concepts can be found fully from the text. 

For reference, here are the definitions and examples for the concepts:
**statistical syllogism**: A syllogism that argues, using inductive reasoning, from a generalization true for the most part to a particular case. For example, ""Almost all people are taller than 26 inches. Gareth is a person. Therefore, Gareth is taller than 26 inches.""

Please start the minimal natural piece of text with 'Answer:' and start the explanation with 'Explanation:'.

Thanks very much!","Answer:
In most duels, the quicker draw wins. This opponent is a quick draw. So he’ll probably win.

Explanation:
- Statistical syllogism: The text moves from a generalization that is true for the most part (“In most duels, the quicker draw wins”) to a particular case (“This opponent is a quick draw”), and infers a probabilistic conclusion about that case (“So he’ll probably win”).","In most duels, the quicker draw wins. This opponent is a quick draw. So he’ll probably win.",1
statistical syllogism,Guerilla warfare,"Greetings! I am interested in natural language processing and I was wondering if you could help me generate an example of text that illustrates multiple skills in semantics or syntax. The example should be a minimal natural piece of text with up to a few lines in the context of Guerilla warfare that illustrates all of the following skills: statistical syllogism. Please keep the text as short as possible, and make sure the concepts can be found fully from the text. 

For reference, here are the definitions and examples for the concepts:
**statistical syllogism**: A syllogism that argues, using inductive reasoning, from a generalization true for the most part to a particular case. For example, ""Almost all people are taller than 26 inches. Gareth is a person. Therefore, Gareth is taller than 26 inches.""

Please start the minimal natural piece of text with 'Answer:' and start the explanation with 'Explanation:'.

Thanks very much!","Answer: In this province, most guerrilla ambushes succeed at dusk. Our patrol sets out at dusk. So our ambush is likely to succeed.

Explanation:
- Statistical syllogism: The text reasons from a generalization that holds for most cases (“most guerrilla ambushes succeed at dusk”) to a specific instance (“our ambush”), concluding probabilistically (“likely to succeed”).","In this province, most guerrilla ambushes succeed at dusk. Our patrol sets out at dusk. So our ambush is likely to succeed.",1
statistical syllogism,Urbanism,"Greetings! I am interested in natural language processing and I was wondering if you could help me generate an example of text that illustrates multiple skills in semantics or syntax. The example should be a minimal natural piece of text with up to a few lines in the context of Urbanism that illustrates all of the following skills: statistical syllogism. Please keep the text as short as possible, and make sure the concepts can be found fully from the text. 

For reference, here are the definitions and examples for the concepts:
**statistical syllogism**: A syllogism that argues, using inductive reasoning, from a generalization true for the most part to a particular case. For example, ""Almost all people are taller than 26 inches. Gareth is a person. Therefore, Gareth is taller than 26 inches.""

Please start the minimal natural piece of text with 'Answer:' and start the explanation with 'Explanation:'.

Thanks very much!","Answer:
Most city cyclists stop at red lights. Maya is a city cyclist. So Maya probably stops at red lights.

Explanation:
This text uses a statistical syllogism: it moves from a generalization about most members of a group (most city cyclists) to a probabilistic conclusion about a particular member (Maya). The urbanism context is provided by city cycling and traffic behavior.",Most city cyclists stop at red lights. Maya is a city cyclist. So Maya probably stops at red lights.,1
statistical syllogism,The Ottoman Empire,"Greetings! I am interested in natural language processing and I was wondering if you could help me generate an example of text that illustrates multiple skills in semantics or syntax. The example should be a minimal natural piece of text with up to a few lines in the context of The Ottoman Empire that illustrates all of the following skills: statistical syllogism. Please keep the text as short as possible, and make sure the concepts can be found fully from the text. 

For reference, here are the definitions and examples for the concepts:
**statistical syllogism**: A syllogism that argues, using inductive reasoning, from a generalization true for the most part to a particular case. For example, ""Almost all people are taller than 26 inches. Gareth is a person. Therefore, Gareth is taller than 26 inches.""

Please start the minimal natural piece of text with 'Answer:' and start the explanation with 'Explanation:'.

Thanks very much!","Answer:
Most Janissaries in the Ottoman Empire were disciplined soldiers. Mehmet is a Janissary. Therefore, Mehmet is probably a disciplined soldier.

Explanation:
This is a statistical syllogism: it moves inductively from a generalization (“Most Janissaries in the Ottoman Empire were disciplined soldiers”) to a particular case (“Mehmet is a Janissary”), yielding a probabilistic conclusion (“Therefore, Mehmet is probably a disciplined soldier”).","Most Janissaries in the Ottoman Empire were disciplined soldiers. Mehmet is a Janissary. Therefore, Mehmet is probably a disciplined soldier.",1
statistical syllogism,Dueling,"Greetings! I am interested in natural language processing and I was wondering if you could help me generate an example of text that illustrates multiple skills in semantics or syntax. The example should be a minimal natural piece of text with up to a few lines in the context of Dueling that illustrates all of the following skills: statistical syllogism. Please keep the text as short as possible, and make sure the concepts can be found fully from the text. 

For reference, here are the definitions and examples for the concepts:
**statistical syllogism**: A syllogism that argues, using inductive reasoning, from a generalization true for the most part to a particular case. For example, ""Almost all people are taller than 26 inches. Gareth is a person. Therefore, Gareth is taller than 26 inches.""

Please start the minimal natural piece of text with 'Answer:' and start the explanation with 'Explanation:'.

Thanks very much!","Answer:
Most duelists keep their blades sheathed until sunrise. Calder is a duelist. So he probably keeps his blade sheathed until sunrise.

Explanation:
- Statistical syllogism: The text moves from a generalization about most duelists (“Most duelists...”) to a particular case (“Calder is a duelist”) and infers a probable conclusion about Calder (“So he probably...”).",Most duelists keep their blades sheathed until sunrise. Calder is a duelist. So he probably keeps his blade sheathed until sunrise.,1
statistical syllogism,Beekeeping,"Greetings! I am interested in natural language processing and I was wondering if you could help me generate an example of text that illustrates multiple skills in semantics or syntax. The example should be a minimal natural piece of text with up to a few lines in the context of Beekeeping that illustrates all of the following skills: statistical syllogism. Please keep the text as short as possible, and make sure the concepts can be found fully from the text. 

For reference, here are the definitions and examples for the concepts:
**statistical syllogism**: A syllogism that argues, using inductive reasoning, from a generalization true for the most part to a particular case. For example, ""Almost all people are taller than 26 inches. Gareth is a person. Therefore, Gareth is taller than 26 inches.""

Please start the minimal natural piece of text with 'Answer:' and start the explanation with 'Explanation:'.

Thanks very much!","Answer:
Most colonies in our region resist varroa mites after spring treatments. This hive is one of my regional colonies. So I expect this hive to resist varroa mites this spring.

Explanation:
- Statistical syllogism: The text reasons from a generalization (“Most colonies in our region resist varroa mites after spring treatments”) to a particular case (“This hive is one of my regional colonies”), and infers the likely conclusion (“So I expect this hive to resist varroa mites this spring”).",Most colonies in our region resist varroa mites after spring treatments. This hive is one of my regional colonies. So I expect this hive to resist varroa mites this spring.,1
statistical syllogism,Urbanism,"Greetings! I am interested in natural language processing and I was wondering if you could help me generate an example of text that illustrates multiple skills in semantics or syntax. The example should be a minimal natural piece of text with up to a few lines in the context of Urbanism that illustrates all of the following skills: statistical syllogism. Please keep the text as short as possible, and make sure the concepts can be found fully from the text. 

For reference, here are the definitions and examples for the concepts:
**statistical syllogism**: A syllogism that argues, using inductive reasoning, from a generalization true for the most part to a particular case. For example, ""Almost all people are taller than 26 inches. Gareth is a person. Therefore, Gareth is taller than 26 inches.""

Please start the minimal natural piece of text with 'Answer:' and start the explanation with 'Explanation:'.

Thanks very much!","Answer:
Most new city parks improve nearby walkability. The Riverside Park just opened on 8th Avenue. So the blocks around Riverside Park likely became more walkable.

Explanation:
This text illustrates a statistical syllogism: it moves from a generalization (“Most new city parks improve nearby walkability”) to a particular case (“The Riverside Park just opened on 8th Avenue”) and infers a likely conclusion about that case (“the blocks around Riverside Park likely became more walkable”). The domain is Urbanism (parks, walkability, city blocks).",Most new city parks improve nearby walkability. The Riverside Park just opened on 8th Avenue. So the blocks around Riverside Park likely became more walkable.,1
statistical syllogism,Guerilla warfare,"Greetings! I am interested in natural language processing and I was wondering if you could help me generate an example of text that illustrates multiple skills in semantics or syntax. The example should be a minimal natural piece of text with up to a few lines in the context of Guerilla warfare that illustrates all of the following skills: statistical syllogism. Please keep the text as short as possible, and make sure the concepts can be found fully from the text. 

For reference, here are the definitions and examples for the concepts:
**statistical syllogism**: A syllogism that argues, using inductive reasoning, from a generalization true for the most part to a particular case. For example, ""Almost all people are taller than 26 inches. Gareth is a person. Therefore, Gareth is taller than 26 inches.""

Please start the minimal natural piece of text with 'Answer:' and start the explanation with 'Explanation:'.

Thanks very much!","Answer:
In the hills, almost all guerrilla scouts move only at night to avoid drones. Mira is a guerrilla scout here, so she likely moves at night.

Explanation:
- Statistical syllogism: The text reasons from a high-probability generalization (“almost all guerrilla scouts move only at night to avoid drones”) to a particular case (“Mira is a guerrilla scout here”), concluding a probable inference about the individual (“so she likely moves at night”).","In the hills, almost all guerrilla scouts move only at night to avoid drones. Mira is a guerrilla scout here, so she likely moves at night.",1
statistical syllogism,Guerilla warfare,"Greetings! I am interested in natural language processing and I was wondering if you could help me generate an example of text that illustrates multiple skills in semantics or syntax. The example should be a minimal natural piece of text with up to a few lines in the context of Guerilla warfare that illustrates all of the following skills: statistical syllogism. Please keep the text as short as possible, and make sure the concepts can be found fully from the text. 

For reference, here are the definitions and examples for the concepts:
**statistical syllogism**: A syllogism that argues, using inductive reasoning, from a generalization true for the most part to a particular case. For example, ""Almost all people are taller than 26 inches. Gareth is a person. Therefore, Gareth is taller than 26 inches.""

Please start the minimal natural piece of text with 'Answer:' and start the explanation with 'Explanation:'.

Thanks very much!","Answer:
In the hills, almost all guerrilla scouts know the old trails. Mira is one of our scouts, so she probably knows the old trails.

Explanation:
- Statistical syllogism: The text moves from a generalization that is true for the most part (“almost all guerrilla scouts know the old trails”) to a conclusion about a particular case (“Mira is one of our scouts, so she probably knows the old trails”), using inductive reasoning with a probabilistic qualifier (“probably”).","In the hills, almost all guerrilla scouts know the old trails. Mira is one of our scouts, so she probably knows the old trails.",1
statistical syllogism,The Ottoman Empire,"Greetings! I am interested in natural language processing and I was wondering if you could help me generate an example of text that illustrates multiple skills in semantics or syntax. The example should be a minimal natural piece of text with up to a few lines in the context of The Ottoman Empire that illustrates all of the following skills: statistical syllogism. Please keep the text as short as possible, and make sure the concepts can be found fully from the text. 

For reference, here are the definitions and examples for the concepts:
**statistical syllogism**: A syllogism that argues, using inductive reasoning, from a generalization true for the most part to a particular case. For example, ""Almost all people are taller than 26 inches. Gareth is a person. Therefore, Gareth is taller than 26 inches.""

Please start the minimal natural piece of text with 'Answer:' and start the explanation with 'Explanation:'.

Thanks very much!","Answer:
In the Ottoman Empire, most janissaries were loyal to the sultan. Hasan was a janissary, so Hasan was loyal to the sultan.

Explanation:
This illustrates a statistical syllogism: it moves from a generalization that holds for most cases (“most janissaries were loyal to the sultan”) to a conclusion about a particular case (“Hasan was loyal to the sultan”).","In the Ottoman Empire, most janissaries were loyal to the sultan. Hasan was a janissary, so Hasan was loyal to the sultan.",1
statistical syllogism,The Ottoman Empire,"Greetings! I am interested in natural language processing and I was wondering if you could help me generate an example of text that illustrates multiple skills in semantics or syntax. The example should be a minimal natural piece of text with up to a few lines in the context of The Ottoman Empire that illustrates all of the following skills: statistical syllogism. Please keep the text as short as possible, and make sure the concepts can be found fully from the text. 

For reference, here are the definitions and examples for the concepts:
**statistical syllogism**: A syllogism that argues, using inductive reasoning, from a generalization true for the most part to a particular case. For example, ""Almost all people are taller than 26 inches. Gareth is a person. Therefore, Gareth is taller than 26 inches.""

Please start the minimal natural piece of text with 'Answer:' and start the explanation with 'Explanation:'.

Thanks very much!","Answer:
In the Ottoman Empire, most janissaries were loyal to the Sultan. Hasan was a janissary. So Hasan was likely loyal to the Sultan.

Explanation:
This text uses a statistical syllogism: it moves from a generalization that is true for most cases (“most janissaries were loyal”) to a probable conclusion about a particular case (“Hasan was likely loyal”). The inductive nature is shown by “most” and “likely,” indicating a probabilistic, not deductive, inference within the Ottoman context.","In the Ottoman Empire, most janissaries were loyal to the Sultan. Hasan was a janissary. So Hasan was likely loyal to the Sultan.",1
statistical syllogism,Urbanism,"Greetings! I am interested in natural language processing and I was wondering if you could help me generate an example of text that illustrates multiple skills in semantics or syntax. The example should be a minimal natural piece of text with up to a few lines in the context of Urbanism that illustrates all of the following skills: statistical syllogism. Please keep the text as short as possible, and make sure the concepts can be found fully from the text. 

For reference, here are the definitions and examples for the concepts:
**statistical syllogism**: A syllogism that argues, using inductive reasoning, from a generalization true for the most part to a particular case. For example, ""Almost all people are taller than 26 inches. Gareth is a person. Therefore, Gareth is taller than 26 inches.""

Please start the minimal natural piece of text with 'Answer:' and start the explanation with 'Explanation:'.

Thanks very much!","Answer:
Most urban blocks with protected bike lanes see fewer car-bicycle collisions. Oak Street just added protected bike lanes. So Oak Street will probably see fewer such collisions.

Explanation:
- Statistical syllogism: The text moves from a generalization that holds for most cases (“Most urban blocks with protected bike lanes see fewer car-bicycle collisions”) to a particular case (“Oak Street just added protected bike lanes”) and infers a probable conclusion for that case (“So Oak Street will probably see fewer such collisions”).",Most urban blocks with protected bike lanes see fewer car-bicycle collisions. Oak Street just added protected bike lanes. So Oak Street will probably see fewer such collisions.,1
statistical syllogism,Beekeeping,"Greetings! I am interested in natural language processing and I was wondering if you could help me generate an example of text that illustrates multiple skills in semantics or syntax. The example should be a minimal natural piece of text with up to a few lines in the context of Beekeeping that illustrates all of the following skills: statistical syllogism. Please keep the text as short as possible, and make sure the concepts can be found fully from the text. 

For reference, here are the definitions and examples for the concepts:
**statistical syllogism**: A syllogism that argues, using inductive reasoning, from a generalization true for the most part to a particular case. For example, ""Almost all people are taller than 26 inches. Gareth is a person. Therefore, Gareth is taller than 26 inches.""

Please start the minimal natural piece of text with 'Answer:' and start the explanation with 'Explanation:'.

Thanks very much!","Answer:
Most colonies in our apiary survive winter. Hive 14 is one of our colonies, so it will probably survive winter.

Explanation:
This is a statistical syllogism: it moves from a generalization that holds for most cases (“Most colonies in our apiary survive winter”) to a probabilistic conclusion about a particular case (“Hive 14 … will probably survive winter”).","Most colonies in our apiary survive winter. Hive 14 is one of our colonies, so it will probably survive winter.",1
statistical syllogism,Dueling,"Greetings! I am interested in natural language processing and I was wondering if you could help me generate an example of text that illustrates multiple skills in semantics or syntax. The example should be a minimal natural piece of text with up to a few lines in the context of Dueling that illustrates all of the following skills: statistical syllogism. Please keep the text as short as possible, and make sure the concepts can be found fully from the text. 

For reference, here are the definitions and examples for the concepts:
**statistical syllogism**: A syllogism that argues, using inductive reasoning, from a generalization true for the most part to a particular case. For example, ""Almost all people are taller than 26 inches. Gareth is a person. Therefore, Gareth is taller than 26 inches.""

Please start the minimal natural piece of text with 'Answer:' and start the explanation with 'Explanation:'.

Thanks very much!","Answer:
Almost every duelist who draws first wins the match. Mira drew first. So Mira will probably win this duel.

Explanation:
- Statistical syllogism: The text reasons from a probabilistic generalization (“Almost every duelist who draws first wins the match”) to a particular case (“Mira drew first”), concluding inductively with a likely outcome (“Mira will probably win this duel”).",Almost every duelist who draws first wins the match. Mira drew first. So Mira will probably win this duel.,1
statistical syllogism,The Ottoman Empire,"Greetings! I am interested in natural language processing and I was wondering if you could help me generate an example of text that illustrates multiple skills in semantics or syntax. The example should be a minimal natural piece of text with up to a few lines in the context of The Ottoman Empire that illustrates all of the following skills: statistical syllogism. Please keep the text as short as possible, and make sure the concepts can be found fully from the text. 

For reference, here are the definitions and examples for the concepts:
**statistical syllogism**: A syllogism that argues, using inductive reasoning, from a generalization true for the most part to a particular case. For example, ""Almost all people are taller than 26 inches. Gareth is a person. Therefore, Gareth is taller than 26 inches.""

Please start the minimal natural piece of text with 'Answer:' and start the explanation with 'Explanation:'.

Thanks very much!","Answer:
In the Ottoman Empire, most Janissaries were loyal to the Sultan. Hasan was a Janissary; therefore Hasan was likely loyal to the Sultan.

Explanation:
This is a statistical syllogism: it moves from a generalization (“most Janissaries were loyal to the Sultan”) to a particular case (“Hasan was a Janissary”) and infers a likely conclusion about that case (“Hasan was likely loyal to the Sultan”).","In the Ottoman Empire, most Janissaries were loyal to the Sultan. Hasan was a Janissary; therefore Hasan was likely loyal to the Sultan.",1
statistical syllogism,Beekeeping,"Greetings! I am interested in natural language processing and I was wondering if you could help me generate an example of text that illustrates multiple skills in semantics or syntax. The example should be a minimal natural piece of text with up to a few lines in the context of Beekeeping that illustrates all of the following skills: statistical syllogism. Please keep the text as short as possible, and make sure the concepts can be found fully from the text. 

For reference, here are the definitions and examples for the concepts:
**statistical syllogism**: A syllogism that argues, using inductive reasoning, from a generalization true for the most part to a particular case. For example, ""Almost all people are taller than 26 inches. Gareth is a person. Therefore, Gareth is taller than 26 inches.""

Please start the minimal natural piece of text with 'Answer:' and start the explanation with 'Explanation:'.

Thanks very much!","Answer:
Most hives here survive winter; this colony is one of ours, so it will probably survive too.

Explanation:
- Statistical syllogism: The text moves from a generalization (“Most hives here survive winter”) to a particular case (“this colony is one of ours”) and draws an inductive conclusion about that case (“so it will probably survive too”).","Most hives here survive winter; this colony is one of ours, so it will probably survive too.",1
statistical syllogism,Guerilla warfare,"Greetings! I am interested in natural language processing and I was wondering if you could help me generate an example of text that illustrates multiple skills in semantics or syntax. The example should be a minimal natural piece of text with up to a few lines in the context of Guerilla warfare that illustrates all of the following skills: statistical syllogism. Please keep the text as short as possible, and make sure the concepts can be found fully from the text. 

For reference, here are the definitions and examples for the concepts:
**statistical syllogism**: A syllogism that argues, using inductive reasoning, from a generalization true for the most part to a particular case. For example, ""Almost all people are taller than 26 inches. Gareth is a person. Therefore, Gareth is taller than 26 inches.""

Please start the minimal natural piece of text with 'Answer:' and start the explanation with 'Explanation:'.

Thanks very much!","Answer:
In the hills, nearly all guerilla fighters avoid main roads at night. Mara is a guerilla fighter. So she likely avoids the main roads after dusk as we move.

Explanation:
This illustrates a statistical syllogism:
- Generalization: “Nearly all guerilla fighters avoid main roads at night.”
- Particular case: “Mara is a guerilla fighter.”
- Inductive conclusion: “So she likely avoids the main roads after dusk.”","In the hills, nearly all guerilla fighters avoid main roads at night. Mara is a guerilla fighter. So she likely avoids the main roads after dusk as we move.",1
statistical syllogism,Survivalism,"Greetings! I am interested in natural language processing and I was wondering if you could help me generate an example of text that illustrates multiple skills in semantics or syntax. The example should be a minimal natural piece of text with up to a few lines in the context of Survivalism that illustrates all of the following skills: statistical syllogism. Please keep the text as short as possible, and make sure the concepts can be found fully from the text. 

For reference, here are the definitions and examples for the concepts:
**statistical syllogism**: A syllogism that argues, using inductive reasoning, from a generalization true for the most part to a particular case. For example, ""Almost all people are taller than 26 inches. Gareth is a person. Therefore, Gareth is taller than 26 inches.""

Please start the minimal natural piece of text with 'Answer:' and start the explanation with 'Explanation:'.

Thanks very much!","Answer: Out here, almost all mushrooms are poisonous. This patch looks like the ones locals warn about. So I won’t eat it.

Explanation:
- Statistical syllogism: The text moves from a generalization that holds for most cases (“almost all mushrooms are poisonous”) to a particular instance (“this patch...”), yielding an inductive conclusion (“So I won’t eat it”).","Out here, almost all mushrooms are poisonous. This patch looks like the ones locals warn about. So I won’t eat it.",1
statistical syllogism,Survivalism,"Greetings! I am interested in natural language processing and I was wondering if you could help me generate an example of text that illustrates multiple skills in semantics or syntax. The example should be a minimal natural piece of text with up to a few lines in the context of Survivalism that illustrates all of the following skills: statistical syllogism. Please keep the text as short as possible, and make sure the concepts can be found fully from the text. 

For reference, here are the definitions and examples for the concepts:
**statistical syllogism**: A syllogism that argues, using inductive reasoning, from a generalization true for the most part to a particular case. For example, ""Almost all people are taller than 26 inches. Gareth is a person. Therefore, Gareth is taller than 26 inches.""

Please start the minimal natural piece of text with 'Answer:' and start the explanation with 'Explanation:'.

Thanks very much!","Answer:
Most survivalists boil river water to stay healthy. I’m a survivalist at this camp. So I’ll boil the river water before drinking.

Explanation:
- Statistical syllogism: The text uses an inductive move from a generalization about “Most survivalists” to a specific case (“I’m a survivalist … So I’ll boil the river water”).",Most survivalists boil river water to stay healthy. I’m a survivalist at this camp. So I’ll boil the river water before drinking.,1
statistical syllogism,Guerilla warfare,"Greetings! I am interested in natural language processing and I was wondering if you could help me generate an example of text that illustrates multiple skills in semantics or syntax. The example should be a minimal natural piece of text with up to a few lines in the context of Guerilla warfare that illustrates all of the following skills: statistical syllogism. Please keep the text as short as possible, and make sure the concepts can be found fully from the text. 

For reference, here are the definitions and examples for the concepts:
**statistical syllogism**: A syllogism that argues, using inductive reasoning, from a generalization true for the most part to a particular case. For example, ""Almost all people are taller than 26 inches. Gareth is a person. Therefore, Gareth is taller than 26 inches.""

Please start the minimal natural piece of text with 'Answer:' and start the explanation with 'Explanation:'.

Thanks very much!","Answer:
In these hills, most guerrillas move at night to avoid drones. Marta is a guerrilla fighter here, so she likely moves at night.

Explanation:
- Statistical syllogism: The text infers a particular case from a high-frequency generalization: “Most guerrillas move at night to avoid drones” (generalization); “Marta is a guerrilla fighter here” (particular); therefore, “she likely moves at night” (probabilistic conclusion).","In these hills, most guerrillas move at night to avoid drones. Marta is a guerrilla fighter here, so she likely moves at night.",1
statistical syllogism,Beekeeping,"Greetings! I am interested in natural language processing and I was wondering if you could help me generate an example of text that illustrates multiple skills in semantics or syntax. The example should be a minimal natural piece of text with up to a few lines in the context of Beekeeping that illustrates all of the following skills: statistical syllogism. Please keep the text as short as possible, and make sure the concepts can be found fully from the text. 

For reference, here are the definitions and examples for the concepts:
**statistical syllogism**: A syllogism that argues, using inductive reasoning, from a generalization true for the most part to a particular case. For example, ""Almost all people are taller than 26 inches. Gareth is a person. Therefore, Gareth is taller than 26 inches.""

Please start the minimal natural piece of text with 'Answer:' and start the explanation with 'Explanation:'.

Thanks very much!","Answer:
Most hives here thrive after spring splits. This new split is one of our hives. So it will probably thrive.

Explanation:
- Statistical syllogism: The text moves from a generalization that is true for the most part (“Most hives here thrive after spring splits”) to a particular case (“This new split is one of our hives”) and infers a probable conclusion (“So it will probably thrive”).",Most hives here thrive after spring splits. This new split is one of our hives. So it will probably thrive.,1
statistical syllogism,Dueling,"Greetings! I am interested in natural language processing and I was wondering if you could help me generate an example of text that illustrates multiple skills in semantics or syntax. The example should be a minimal natural piece of text with up to a few lines in the context of Dueling that illustrates all of the following skills: statistical syllogism. Please keep the text as short as possible, and make sure the concepts can be found fully from the text. 

For reference, here are the definitions and examples for the concepts:
**statistical syllogism**: A syllogism that argues, using inductive reasoning, from a generalization true for the most part to a particular case. For example, ""Almost all people are taller than 26 inches. Gareth is a person. Therefore, Gareth is taller than 26 inches.""

Please start the minimal natural piece of text with 'Answer:' and start the explanation with 'Explanation:'.

Thanks very much!","Answer:
Most duelists keep a steady stance. Arlen is a duelist. So Arlen likely keeps a steady stance.

Explanation:
This is a statistical syllogism: it reasons from a generalization about most members of a group (most duelists keep a steady stance) to a probable conclusion about a particular member (Arlen).",Most duelists keep a steady stance. Arlen is a duelist. So Arlen likely keeps a steady stance.,1
statistical syllogism,The Ottoman Empire,"Greetings! I am interested in natural language processing and I was wondering if you could help me generate an example of text that illustrates multiple skills in semantics or syntax. The example should be a minimal natural piece of text with up to a few lines in the context of The Ottoman Empire that illustrates all of the following skills: statistical syllogism. Please keep the text as short as possible, and make sure the concepts can be found fully from the text. 

For reference, here are the definitions and examples for the concepts:
**statistical syllogism**: A syllogism that argues, using inductive reasoning, from a generalization true for the most part to a particular case. For example, ""Almost all people are taller than 26 inches. Gareth is a person. Therefore, Gareth is taller than 26 inches.""

Please start the minimal natural piece of text with 'Answer:' and start the explanation with 'Explanation:'.

Thanks very much!","Answer:
Most Ottoman janissaries were disciplined soldiers. Hasan was a janissary. So Hasan was likely a disciplined soldier.

Explanation:
This is a statistical syllogism: it moves from a generalization that holds for most cases (“Most Ottoman janissaries were disciplined soldiers”) to a particular case (“Hasan was a janissary”), yielding a probabilistic conclusion (“So Hasan was likely a disciplined soldier”).",Most Ottoman janissaries were disciplined soldiers. Hasan was a janissary. So Hasan was likely a disciplined soldier.,1
statistical syllogism,Urbanism,"Greetings! I am interested in natural language processing and I was wondering if you could help me generate an example of text that illustrates multiple skills in semantics or syntax. The example should be a minimal natural piece of text with up to a few lines in the context of Urbanism that illustrates all of the following skills: statistical syllogism. Please keep the text as short as possible, and make sure the concepts can be found fully from the text. 

For reference, here are the definitions and examples for the concepts:
**statistical syllogism**: A syllogism that argues, using inductive reasoning, from a generalization true for the most part to a particular case. For example, ""Almost all people are taller than 26 inches. Gareth is a person. Therefore, Gareth is taller than 26 inches.""

Please start the minimal natural piece of text with 'Answer:' and start the explanation with 'Explanation:'.

Thanks very much!","Answer:
Most downtown apartments in this city are within a ten-minute walk of a transit stop. This new complex is a downtown apartment, so it’s likely within a ten-minute walk of a transit stop.

Explanation:
- Statistical syllogism: The text moves from a generalization that holds for most cases (“Most downtown apartments in this city are within a ten-minute walk of a transit stop”) to a conclusion about a particular instance (“This new complex is a downtown apartment, so it’s likely within a ten-minute walk of a transit stop”).","Most downtown apartments in this city are within a ten-minute walk of a transit stop. This new complex is a downtown apartment, so it’s likely within a ten-minute walk of a transit stop.",1
statistical syllogism,Dueling,"Greetings! I am interested in natural language processing and I was wondering if you could help me generate an example of text that illustrates multiple skills in semantics or syntax. The example should be a minimal natural piece of text with up to a few lines in the context of Dueling that illustrates all of the following skills: statistical syllogism. Please keep the text as short as possible, and make sure the concepts can be found fully from the text. 

For reference, here are the definitions and examples for the concepts:
**statistical syllogism**: A syllogism that argues, using inductive reasoning, from a generalization true for the most part to a particular case. For example, ""Almost all people are taller than 26 inches. Gareth is a person. Therefore, Gareth is taller than 26 inches.""

Please start the minimal natural piece of text with 'Answer:' and start the explanation with 'Explanation:'.

Thanks very much!","Answer:
Most duelists in this town win their first bout. Elena is a duelist here. So she’ll probably win her first bout.

Explanation:
- Statistical syllogism: The text infers from a generalization (“Most duelists in this town win their first bout”) to a particular case (“Elena is a duelist here”) and concludes probabilistically about Elena (“So she’ll probably win her first bout”).",Most duelists in this town win their first bout. Elena is a duelist here. So she’ll probably win her first bout.,1
statistical syllogism,Beekeeping,"Greetings! I am interested in natural language processing and I was wondering if you could help me generate an example of text that illustrates multiple skills in semantics or syntax. The example should be a minimal natural piece of text with up to a few lines in the context of Beekeeping that illustrates all of the following skills: statistical syllogism. Please keep the text as short as possible, and make sure the concepts can be found fully from the text. 

For reference, here are the definitions and examples for the concepts:
**statistical syllogism**: A syllogism that argues, using inductive reasoning, from a generalization true for the most part to a particular case. For example, ""Almost all people are taller than 26 inches. Gareth is a person. Therefore, Gareth is taller than 26 inches.""

Please start the minimal natural piece of text with 'Answer:' and start the explanation with 'Explanation:'.

Thanks very much!","Answer:
Most hives here are usually calm. This new hive is like most hives here, so I expect it to be calm when I open it.

Explanation:
- Statistical syllogism: The text moves from a generalization that holds for most cases (“Most hives here are usually calm”) to a conclusion about a particular case (“This new hive... so I expect it to be calm”).","Most hives here are usually calm. This new hive is like most hives here, so I expect it to be calm when I open it.",1
statistical syllogism,Urbanism,"Greetings! I am interested in natural language processing and I was wondering if you could help me generate an example of text that illustrates multiple skills in semantics or syntax. The example should be a minimal natural piece of text with up to a few lines in the context of Urbanism that illustrates all of the following skills: statistical syllogism. Please keep the text as short as possible, and make sure the concepts can be found fully from the text. 

For reference, here are the definitions and examples for the concepts:
**statistical syllogism**: A syllogism that argues, using inductive reasoning, from a generalization true for the most part to a particular case. For example, ""Almost all people are taller than 26 inches. Gareth is a person. Therefore, Gareth is taller than 26 inches.""

Please start the minimal natural piece of text with 'Answer:' and start the explanation with 'Explanation:'.

Thanks very much!","Answer: In most cities, over 80% of new bike lanes increase nearby retail foot traffic. The new bike lane on Oak Street is in the city. So it will likely boost foot traffic for the shops there.

Explanation: This is a statistical syllogism: it reasons from a general probabilistic claim about most cases (most city bike lanes raise foot traffic) to a particular case (the Oak Street bike lane), concluding a likely outcome (it will boost foot traffic).","In most cities, over 80% of new bike lanes increase nearby retail foot traffic. The new bike lane on Oak Street is in the city. So it will likely boost foot traffic for the shops there.",1
statistical syllogism,Survivalism,"Greetings! I am interested in natural language processing and I was wondering if you could help me generate an example of text that illustrates multiple skills in semantics or syntax. The example should be a minimal natural piece of text with up to a few lines in the context of Survivalism that illustrates all of the following skills: statistical syllogism. Please keep the text as short as possible, and make sure the concepts can be found fully from the text. 

For reference, here are the definitions and examples for the concepts:
**statistical syllogism**: A syllogism that argues, using inductive reasoning, from a generalization true for the most part to a particular case. For example, ""Almost all people are taller than 26 inches. Gareth is a person. Therefore, Gareth is taller than 26 inches.""

Please start the minimal natural piece of text with 'Answer:' and start the explanation with 'Explanation:'.

Thanks very much!","Answer:
Most preppers who stockpile water avoid dehydration during outages. Mara is a prepper who stockpiles water. So Mara will likely avoid dehydration during this outage.

Explanation:
This illustrates a statistical syllogism: it moves from a generalization that is true for most cases (most preppers who stockpile water avoid dehydration during outages) to a probable conclusion about a particular case (Mara will likely avoid dehydration during this outage). The context is Survivalism (preppers, stockpiling water, outages).",Most preppers who stockpile water avoid dehydration during outages. Mara is a prepper who stockpiles water. So Mara will likely avoid dehydration during this outage.,1
statistical syllogism,The Ottoman Empire,"Greetings! I am interested in natural language processing and I was wondering if you could help me generate an example of text that illustrates multiple skills in semantics or syntax. The example should be a minimal natural piece of text with up to a few lines in the context of The Ottoman Empire that illustrates all of the following skills: statistical syllogism. Please keep the text as short as possible, and make sure the concepts can be found fully from the text. 

For reference, here are the definitions and examples for the concepts:
**statistical syllogism**: A syllogism that argues, using inductive reasoning, from a generalization true for the most part to a particular case. For example, ""Almost all people are taller than 26 inches. Gareth is a person. Therefore, Gareth is taller than 26 inches.""

Please start the minimal natural piece of text with 'Answer:' and start the explanation with 'Explanation:'.

Thanks very much!","Answer:
Most janissaries in the Ottoman Empire could read Ottoman Turkish. Mehmed is a janissary. So, Mehmed can read Ottoman Turkish.

Explanation:
- Statistical syllogism: The text moves from a generalization that is true for most cases (“Most janissaries… could read Ottoman Turkish”) to a conclusion about a specific instance (“Mehmed is a janissary” → “Mehmed can read Ottoman Turkish”).","Most janissaries in the Ottoman Empire could read Ottoman Turkish. Mehmed is a janissary. So, Mehmed can read Ottoman Turkish.",1
statistical syllogism,Sewing,"Greetings! I am interested in natural language processing and I was wondering if you could help me generate an example of text that illustrates multiple skills in semantics or syntax. The example should be a minimal natural piece of text with up to a few lines in the context of Sewing that illustrates all of the following skills: statistical syllogism. Please keep the text as short as possible, and make sure the concepts can be found fully from the text. 

For reference, here are the definitions and examples for the concepts:
**statistical syllogism**: A syllogism that argues, using inductive reasoning, from a generalization true for the most part to a particular case. For example, ""Almost all people are taller than 26 inches. Gareth is a person. Therefore, Gareth is taller than 26 inches.""

Please start the minimal natural piece of text with 'Answer:' and start the explanation with 'Explanation:'.

Thanks very much!","Answer:
Most cotton threads are strong enough for quilting. This spool is cotton thread. So it’s probably strong enough for quilting.

Explanation:
- Statistical syllogism: The text moves from a generalization about most cotton threads to a probable conclusion about a specific spool, using inductive reasoning.",Most cotton threads are strong enough for quilting. This spool is cotton thread. So it’s probably strong enough for quilting.,1
statistical syllogism,The Ottoman Empire,"Greetings! I am interested in natural language processing and I was wondering if you could help me generate an example of text that illustrates multiple skills in semantics or syntax. The example should be a minimal natural piece of text with up to a few lines in the context of The Ottoman Empire that illustrates all of the following skills: statistical syllogism. Please keep the text as short as possible, and make sure the concepts can be found fully from the text. 

For reference, here are the definitions and examples for the concepts:
**statistical syllogism**: A syllogism that argues, using inductive reasoning, from a generalization true for the most part to a particular case. For example, ""Almost all people are taller than 26 inches. Gareth is a person. Therefore, Gareth is taller than 26 inches.""

Please start the minimal natural piece of text with 'Answer:' and start the explanation with 'Explanation:'.

Thanks very much!","Answer:
In the Ottoman Empire, most janissaries were trained from devşirme youths. Hasan is a janissary. So Hasan was likely trained through devşirme.

Explanation:
This illustrates a statistical syllogism: it moves from a generalization about most members of a group (most janissaries were trained from devşirme youths) to a probable conclusion about an individual member (Hasan), yielding a likely but not certain inference.","In the Ottoman Empire, most janissaries were trained from devşirme youths. Hasan is a janissary. So Hasan was likely trained through devşirme.",1
statistical syllogism,Guerilla warfare,"Greetings! I am interested in natural language processing and I was wondering if you could help me generate an example of text that illustrates multiple skills in semantics or syntax. The example should be a minimal natural piece of text with up to a few lines in the context of Guerilla warfare that illustrates all of the following skills: statistical syllogism. Please keep the text as short as possible, and make sure the concepts can be found fully from the text. 

For reference, here are the definitions and examples for the concepts:
**statistical syllogism**: A syllogism that argues, using inductive reasoning, from a generalization true for the most part to a particular case. For example, ""Almost all people are taller than 26 inches. Gareth is a person. Therefore, Gareth is taller than 26 inches.""

Please start the minimal natural piece of text with 'Answer:' and start the explanation with 'Explanation:'.

Thanks very much!","Answer:
In the hills, almost all guerrillas move by night to avoid drones. Elena is a guerrilla. So she likely moves by night.

Explanation:
- Statistical syllogism: The text moves from a generalization that holds for most cases (“Almost all guerrillas move by night to avoid drones”) to a particular conclusion about an individual (“Elena is a guerrilla. So she likely moves by night.”), using inductive reasoning and probabilistic language (“likely”).","In the hills, almost all guerrillas move by night to avoid drones. Elena is a guerrilla. So she likely moves by night.",1
statistical syllogism,The Ottoman Empire,"Greetings! I am interested in natural language processing and I was wondering if you could help me generate an example of text that illustrates multiple skills in semantics or syntax. The example should be a minimal natural piece of text with up to a few lines in the context of The Ottoman Empire that illustrates all of the following skills: statistical syllogism. Please keep the text as short as possible, and make sure the concepts can be found fully from the text. 

For reference, here are the definitions and examples for the concepts:
**statistical syllogism**: A syllogism that argues, using inductive reasoning, from a generalization true for the most part to a particular case. For example, ""Almost all people are taller than 26 inches. Gareth is a person. Therefore, Gareth is taller than 26 inches.""

Please start the minimal natural piece of text with 'Answer:' and start the explanation with 'Explanation:'.

Thanks very much!","Answer:
In the Ottoman army, most janissaries were skilled archers. Hasan was a janissary, so he was probably a skilled archer.

Explanation:
- Statistical syllogism: The text moves from a generalization (“most janissaries were skilled archers”) to a particular case (“Hasan was a janissary”) and infers a probable conclusion (“he was probably a skilled archer”).","In the Ottoman army, most janissaries were skilled archers. Hasan was a janissary, so he was probably a skilled archer.",1
statistical syllogism,Urbanism,"Greetings! I am interested in natural language processing and I was wondering if you could help me generate an example of text that illustrates multiple skills in semantics or syntax. The example should be a minimal natural piece of text with up to a few lines in the context of Urbanism that illustrates all of the following skills: statistical syllogism. Please keep the text as short as possible, and make sure the concepts can be found fully from the text. 

For reference, here are the definitions and examples for the concepts:
**statistical syllogism**: A syllogism that argues, using inductive reasoning, from a generalization true for the most part to a particular case. For example, ""Almost all people are taller than 26 inches. Gareth is a person. Therefore, Gareth is taller than 26 inches.""

Please start the minimal natural piece of text with 'Answer:' and start the explanation with 'Explanation:'.

Thanks very much!","Answer:
Most city parks are busy on sunny Saturdays; Riverside Park is a city park; so it’s probably busy today.

Explanation:
This illustrates a statistical syllogism in an urbanism context: it inductively moves from a generalization about most city parks (premise) to a probable conclusion about a specific park (particular case).",Most city parks are busy on sunny Saturdays; Riverside Park is a city park; so it’s probably busy today.,1
statistical syllogism,Dueling,"Greetings! I am interested in natural language processing and I was wondering if you could help me generate an example of text that illustrates multiple skills in semantics or syntax. The example should be a minimal natural piece of text with up to a few lines in the context of Dueling that illustrates all of the following skills: statistical syllogism. Please keep the text as short as possible, and make sure the concepts can be found fully from the text. 

For reference, here are the definitions and examples for the concepts:
**statistical syllogism**: A syllogism that argues, using inductive reasoning, from a generalization true for the most part to a particular case. For example, ""Almost all people are taller than 26 inches. Gareth is a person. Therefore, Gareth is taller than 26 inches.""

Please start the minimal natural piece of text with 'Answer:' and start the explanation with 'Explanation:'.

Thanks very much!","Answer:
In most duels, the quicker draw wins. Mira draws quicker than most duelists. So Mira will probably win this duel.

Explanation:
This is a statistical syllogism: it moves from a generalization that is true for the majority of cases (“In most duels, the quicker draw wins”) to a probabilistic conclusion about a particular instance (“Mira will probably win this duel”) based on the premise that Mira fits the favored category (“Mira draws quicker than most duelists”).","In most duels, the quicker draw wins. Mira draws quicker than most duelists. So Mira will probably win this duel.",1
statistical syllogism,Guerilla warfare,"Greetings! I am interested in natural language processing and I was wondering if you could help me generate an example of text that illustrates multiple skills in semantics or syntax. The example should be a minimal natural piece of text with up to a few lines in the context of Guerilla warfare that illustrates all of the following skills: statistical syllogism. Please keep the text as short as possible, and make sure the concepts can be found fully from the text. 

For reference, here are the definitions and examples for the concepts:
**statistical syllogism**: A syllogism that argues, using inductive reasoning, from a generalization true for the most part to a particular case. For example, ""Almost all people are taller than 26 inches. Gareth is a person. Therefore, Gareth is taller than 26 inches.""

Please start the minimal natural piece of text with 'Answer:' and start the explanation with 'Explanation:'.

Thanks very much!","Answer:
In these hills, most night patrols stumble into our traps. This unit is a night patrol. So they’ll likely blunder into the ravine snares before dawn.

Explanation:
- Statistical syllogism: The text moves from a generalization about most night patrols in this area (premise) to a claim about a particular unit (case), concluding it will likely meet the same fate.","In these hills, most night patrols stumble into our traps. This unit is a night patrol. So they’ll likely blunder into the ravine snares before dawn.",1
statistical syllogism,Survivalism,"Greetings! I am interested in natural language processing and I was wondering if you could help me generate an example of text that illustrates multiple skills in semantics or syntax. The example should be a minimal natural piece of text with up to a few lines in the context of Survivalism that illustrates all of the following skills: statistical syllogism. Please keep the text as short as possible, and make sure the concepts can be found fully from the text. 

For reference, here are the definitions and examples for the concepts:
**statistical syllogism**: A syllogism that argues, using inductive reasoning, from a generalization true for the most part to a particular case. For example, ""Almost all people are taller than 26 inches. Gareth is a person. Therefore, Gareth is taller than 26 inches.""

Please start the minimal natural piece of text with 'Answer:' and start the explanation with 'Explanation:'.

Thanks very much!","Answer:
Most prepper caches stay dry through a winter. I buried mine on high ground. So, it’ll likely stay dry till spring.

Explanation:
- Statistical syllogism: The text moves from a generalization that is true for the most part (“Most prepper caches stay dry through a winter”) to a particular case (“I buried mine on high ground”) and concludes with a probabilistic inference about that specific case (“So, it’ll likely stay dry till spring”).","Most prepper caches stay dry through a winter. I buried mine on high ground. So, it’ll likely stay dry till spring.",1
statistical syllogism,Dueling,"Greetings! I am interested in natural language processing and I was wondering if you could help me generate an example of text that illustrates multiple skills in semantics or syntax. The example should be a minimal natural piece of text with up to a few lines in the context of Dueling that illustrates all of the following skills: statistical syllogism. Please keep the text as short as possible, and make sure the concepts can be found fully from the text. 

For reference, here are the definitions and examples for the concepts:
**statistical syllogism**: A syllogism that argues, using inductive reasoning, from a generalization true for the most part to a particular case. For example, ""Almost all people are taller than 26 inches. Gareth is a person. Therefore, Gareth is taller than 26 inches.""

Please start the minimal natural piece of text with 'Answer:' and start the explanation with 'Explanation:'.

Thanks very much!","Answer:
In most duels at dawn, the elder challenger tends to tire first. Sir Alden is the elder in this duel; he will likely tire before his opponent.

Explanation:
This illustrates a statistical syllogism:
- Generalization (probabilistic): In most duels at dawn, the elder challenger tends to tire first.
- Particular case: Sir Alden is the elder in this duel.
- Inductive conclusion: Therefore, Sir Alden will likely tire before his opponent.","In most duels at dawn, the elder challenger tends to tire first. Sir Alden is the elder in this duel; he will likely tire before his opponent.",1
statistical syllogism,The Ottoman Empire,"Greetings! I am interested in natural language processing and I was wondering if you could help me generate an example of text that illustrates multiple skills in semantics or syntax. The example should be a minimal natural piece of text with up to a few lines in the context of The Ottoman Empire that illustrates all of the following skills: statistical syllogism. Please keep the text as short as possible, and make sure the concepts can be found fully from the text. 

For reference, here are the definitions and examples for the concepts:
**statistical syllogism**: A syllogism that argues, using inductive reasoning, from a generalization true for the most part to a particular case. For example, ""Almost all people are taller than 26 inches. Gareth is a person. Therefore, Gareth is taller than 26 inches.""

Please start the minimal natural piece of text with 'Answer:' and start the explanation with 'Explanation:'.

Thanks very much!","Answer:
In the Ottoman Empire, most janissaries were loyal to the sultan. Mehmet was a janissary, so Mehmet was likely loyal to the sultan.

Explanation:
This is a statistical syllogism: it uses a generalization that is true for the most part (“most janissaries were loyal to the sultan”) and applies it to a particular case (“Mehmet was a janissary”), yielding a probabilistic conclusion (“Mehmet was likely loyal to the sultan”).","In the Ottoman Empire, most janissaries were loyal to the sultan. Mehmet was a janissary, so Mehmet was likely loyal to the sultan.",1
statistical syllogism,Beekeeping,"Greetings! I am interested in natural language processing and I was wondering if you could help me generate an example of text that illustrates multiple skills in semantics or syntax. The example should be a minimal natural piece of text with up to a few lines in the context of Beekeeping that illustrates all of the following skills: statistical syllogism. Please keep the text as short as possible, and make sure the concepts can be found fully from the text. 

For reference, here are the definitions and examples for the concepts:
**statistical syllogism**: A syllogism that argues, using inductive reasoning, from a generalization true for the most part to a particular case. For example, ""Almost all people are taller than 26 inches. Gareth is a person. Therefore, Gareth is taller than 26 inches.""

Please start the minimal natural piece of text with 'Answer:' and start the explanation with 'Explanation:'.

Thanks very much!","Answer:
Most hives in our apiary survive a mild winter. This colony is one of our apiary’s hives. So, it will probably survive this mild winter.

Explanation:
- Statistical syllogism: The text reasons from a generalization (“Most hives in our apiary survive a mild winter”) to a particular case (“This colony is one of our apiary’s hives”) and infers a probable conclusion (“So, it will probably survive this mild winter”).","Most hives in our apiary survive a mild winter. This colony is one of our apiary’s hives. So, it will probably survive this mild winter.",1
statistical syllogism,Sewing,"Greetings! I am interested in natural language processing and I was wondering if you could help me generate an example of text that illustrates multiple skills in semantics or syntax. The example should be a minimal natural piece of text with up to a few lines in the context of Sewing that illustrates all of the following skills: statistical syllogism. Please keep the text as short as possible, and make sure the concepts can be found fully from the text. 

For reference, here are the definitions and examples for the concepts:
**statistical syllogism**: A syllogism that argues, using inductive reasoning, from a generalization true for the most part to a particular case. For example, ""Almost all people are taller than 26 inches. Gareth is a person. Therefore, Gareth is taller than 26 inches.""

Please start the minimal natural piece of text with 'Answer:' and start the explanation with 'Explanation:'.

Thanks very much!","Answer:
Most seamstresses unspool thread carefully to avoid knots. Marta is a seamstress, so she probably unspools thread carefully.

Explanation:
This illustrates a statistical syllogism: a generalization about most members of a group (most seamstresses unspool carefully), an instance (Marta is a seamstress), and an inductive conclusion about the instance (Marta probably unspools carefully). The sewing context is established by unspooling thread and avoiding knots.","Most seamstresses unspool thread carefully to avoid knots. Marta is a seamstress, so she probably unspools thread carefully.",1
"statistical syllogism, spatial reasoning",Survivalism,"Greetings! I am interested in natural language processing and I was wondering if you could help me generate an example of text that illustrates multiple skills in semantics or syntax. The example should be a minimal natural piece of text with up to a few lines in the context of Survivalism that illustrates all of the following skills: statistical syllogism, spatial reasoning. Please keep the text as short as possible, and make sure the concepts can be found fully from the text. 

For reference, here are the definitions and examples for the concepts:
**statistical syllogism**: A syllogism that argues, using inductive reasoning, from a generalization true for the most part to a particular case. For example, ""Almost all people are taller than 26 inches. Gareth is a person. Therefore, Gareth is taller than 26 inches.""
**spatial reasoning**: The capacity to reason about the spatial relationships between objects. For example, The key fit into the box. Using spatial reasoning, one can deduce that the width of the key was smaller than the width of the box.

Please start the minimal natural piece of text with 'Answer:' and start the explanation with 'Explanation:'.

Thanks very much!","Answer: Most edible woodland mushrooms grow under leaf litter near tree roots. This patch is near oak roots and covered in leaf litter, so this mushroom is likely edible. The cave mouth is narrower than my pack, so I must turn the pack sideways to squeeze through.

Explanation:
- Statistical syllogism: “Most edible woodland mushrooms grow under leaf litter near tree roots. This patch is near oak roots and covered in leaf litter, so this mushroom is likely edible.” This infers a particular case from a mostly-true generalization.
- Spatial reasoning: “The cave mouth is narrower than my pack, so I must turn the pack sideways to squeeze through.” This deduces an orientation change from relative widths.","Most edible woodland mushrooms grow under leaf litter near tree roots. This patch is near oak roots and covered in leaf litter, so this mushroom is likely edible. The cave mouth is narrower than my pack, so I must turn the pack sideways to squeeze through.",2
"statistical syllogism, red herring",Beekeeping,"Greetings! I am interested in natural language processing and I was wondering if you could help me generate an example of text that illustrates multiple skills in semantics or syntax. The example should be a minimal natural piece of text with up to a few lines in the context of Beekeeping that illustrates all of the following skills: statistical syllogism, red herring. Please keep the text as short as possible, and make sure the concepts can be found fully from the text. 

For reference, here are the definitions and examples for the concepts:
**statistical syllogism**: A syllogism that argues, using inductive reasoning, from a generalization true for the most part to a particular case. For example, ""Almost all people are taller than 26 inches. Gareth is a person. Therefore, Gareth is taller than 26 inches.""
**red herring**: Introducing irrelevant points to detract attention from a question. For example, A member of the press asks the president why they voted to expand a welfare program. The president responds, ""The strength of America is the strength of its communities, and I am proud to make our communities better places.""

Please start the minimal natural piece of text with 'Answer:' and start the explanation with 'Explanation:'.

Thanks very much!","Answer:
Almost all healthy hives rear a new queen after a supersedure. My blue-roof hive is healthy, so it will likely rear a new queen. Anyway, did you notice how glossy the smoker looks after I polished it? The shine really brings out the brass.

Explanation:
- Statistical syllogism: ""Almost all healthy hives rear a new queen after a supersedure. My blue-roof hive is healthy, so it will likely rear a new queen."" This infers from a general tendency to a particular case.
- Red herring: ""Anyway, did you notice how glossy the smoker looks..."" shifts attention from the hive’s queen-rearing question to an irrelevant topic (the polished smoker).","Almost all healthy hives rear a new queen after a supersedure. My blue-roof hive is healthy, so it will likely rear a new queen. Anyway, did you notice how glossy the smoker looks after I polished it? The shine really brings out the brass.",2
"folk physics (common knowledge physics), statistical syllogism",Survivalism,"Greetings! I am interested in natural language processing and I was wondering if you could help me generate an example of text that illustrates multiple skills in semantics or syntax. The example should be a minimal natural piece of text with up to a few lines in the context of Survivalism that illustrates all of the following skills: folk physics (common knowledge physics), statistical syllogism. Please keep the text as short as possible, and make sure the concepts can be found fully from the text. 

For reference, here are the definitions and examples for the concepts:
**folk physics (common knowledge physics)**: The untrained human perception of basic physical phenomena. For example, ""If I roll the pen off of the table, it will fall to the floor.""
**statistical syllogism**: A syllogism that argues, using inductive reasoning, from a generalization true for the most part to a particular case. For example, ""Almost all people are taller than 26 inches. Gareth is a person. Therefore, Gareth is taller than 26 inches.""

Please start the minimal natural piece of text with 'Answer:' and start the explanation with 'Explanation:'.

Thanks very much!","Answer:
In the woods, I hang the food high because if a bag is heavy and the rope slips, gravity will yank it down hard. Most bears usually raid ground caches; this stash is a cache; so it’s probably safer up a tree.

Explanation:
- Folk physics: “if a bag is heavy and the rope slips, gravity will yank it down hard” invokes intuitive understanding of weight, slipping, and gravity.
- Statistical syllogism: “Most bears usually raid ground caches; this stash is a cache; so it’s probably safer up a tree” reasons from a general tendency (most bears raid ground caches) to a particular case (this cache) to infer a probable conclusion.","In the woods, I hang the food high because if a bag is heavy and the rope slips, gravity will yank it down hard. Most bears usually raid ground caches; this stash is a cache; so it’s probably safer up a tree.",2
"self serving bias, statistical syllogism",Beekeeping,"Greetings! I am interested in natural language processing and I was wondering if you could help me generate an example of text that illustrates multiple skills in semantics or syntax. The example should be a minimal natural piece of text with up to a few lines in the context of Beekeeping that illustrates all of the following skills: self serving bias, statistical syllogism. Please keep the text as short as possible, and make sure the concepts can be found fully from the text. 

For reference, here are the definitions and examples for the concepts:
**self serving bias**: A cognitive or perceptual process that is distorted by the need to maintain and enhance one’s self esteem. For example, ""If I do well on the exam, it’s because of my academic prowess and hard work. If I do poorly, it’s because the course was poorly taught, and the exam was poorly proctored.""
**statistical syllogism**: A syllogism that argues, using inductive reasoning, from a generalization true for the most part to a particular case. For example, ""Almost all people are taller than 26 inches. Gareth is a person. Therefore, Gareth is taller than 26 inches.""

Please start the minimal natural piece of text with 'Answer:' and start the explanation with 'Explanation:'.

Thanks very much!","Answer: Honey yields were high this year because I’m a skilled beekeeper. Last year’s low harvest was due to freak weather, not my methods. Most hives with young queens thrive; my new nuc has a young queen, so it should thrive.

Explanation:
- Self serving bias: The speaker credits personal skill for success (“high because I’m a skilled beekeeper”) and blames external factors for failure (“low harvest was due to freak weather”).
- Statistical syllogism: General rule (“Most hives with young queens thrive”) applied to a particular case (“my new nuc has a young queen”), yielding a probabilistic conclusion (“so it should thrive”).","Honey yields were high this year because I’m a skilled beekeeper. Last year’s low harvest was due to freak weather, not my methods. Most hives with young queens thrive; my new nuc has a young queen, so it should thrive.",2
"spatial reasoning, statistical syllogism",Dueling,"Greetings! I am interested in natural language processing and I was wondering if you could help me generate an example of text that illustrates multiple skills in semantics or syntax. The example should be a minimal natural piece of text with up to a few lines in the context of Dueling that illustrates all of the following skills: spatial reasoning, statistical syllogism. Please keep the text as short as possible, and make sure the concepts can be found fully from the text. 

For reference, here are the definitions and examples for the concepts:
**spatial reasoning**: The capacity to reason about the spatial relationships between objects. For example, The key fit into the box. Using spatial reasoning, one can deduce that the width of the key was smaller than the width of the box.
**statistical syllogism**: A syllogism that argues, using inductive reasoning, from a generalization true for the most part to a particular case. For example, ""Almost all people are taller than 26 inches. Gareth is a person. Therefore, Gareth is taller than 26 inches.""

Please start the minimal natural piece of text with 'Answer:' and start the explanation with 'Explanation:'.

Thanks very much!","Answer:
Most duels at dawn are fought at ten paces. We stand back-to-back; I take ten steps forward and stop with the oak tree on my left and the ravine in front of him. Since most duelists aim straight at ten paces, I expect his first shot to pass before me if I sidestep right.

Explanation:
- Spatial reasoning: The text specifies positions and orientations (back-to-back, ten steps, oak on left, ravine in front of him) and infers a safe direction (sidestep right) relative to the opponent’s line of fire.
- Statistical syllogism: From the generalization “Most duels at dawn are fought at ten paces” and “Most duelists aim straight at ten paces,” it infers a likely particular outcome for this duel (expecting the first shot’s path and planning a sidestep accordingly).","Most duels at dawn are fought at ten paces. We stand back-to-back; I take ten steps forward and stop with the oak tree on my left and the ravine in front of him. Since most duelists aim straight at ten paces, I expect his first shot to pass before me if I sidestep right.",2
"statistical syllogism, red herring",The Ottoman Empire,"Greetings! I am interested in natural language processing and I was wondering if you could help me generate an example of text that illustrates multiple skills in semantics or syntax. The example should be a minimal natural piece of text with up to a few lines in the context of The Ottoman Empire that illustrates all of the following skills: statistical syllogism, red herring. Please keep the text as short as possible, and make sure the concepts can be found fully from the text. 

For reference, here are the definitions and examples for the concepts:
**statistical syllogism**: A syllogism that argues, using inductive reasoning, from a generalization true for the most part to a particular case. For example, ""Almost all people are taller than 26 inches. Gareth is a person. Therefore, Gareth is taller than 26 inches.""
**red herring**: Introducing irrelevant points to detract attention from a question. For example, A member of the press asks the president why they voted to expand a welfare program. The president responds, ""The strength of America is the strength of its communities, and I am proud to make our communities better places.""

Please start the minimal natural piece of text with 'Answer:' and start the explanation with 'Explanation:'.

Thanks very much!","Answer: In the divan, the vizier said, “Most janissaries obey orders; Ahmed is a janissary, so he will obey.” When asked why the new tax was raised, he replied, “Our silk bazaars are the envy of Europe, and the empire’s poets are flourishing.”

Explanation:
- Statistical syllogism: “Most janissaries obey orders; Ahmed is a janissary, so he will obey.” This infers a particular from a generalization that holds for most cases.
- Red herring: In response to the question about raising a tax, the vizier diverts attention with irrelevant praise about silk bazaars and poets, avoiding the actual reason for the tax.","In the divan, the vizier said, “Most janissaries obey orders; Ahmed is a janissary, so he will obey.” When asked why the new tax was raised, he replied, “Our silk bazaars are the envy of Europe, and the empire’s poets are flourishing.”",2
"red herring, statistical syllogism",Survivalism,"Greetings! I am interested in natural language processing and I was wondering if you could help me generate an example of text that illustrates multiple skills in semantics or syntax. The example should be a minimal natural piece of text with up to a few lines in the context of Survivalism that illustrates all of the following skills: red herring, statistical syllogism. Please keep the text as short as possible, and make sure the concepts can be found fully from the text. 

For reference, here are the definitions and examples for the concepts:
**red herring**: Introducing irrelevant points to detract attention from a question. For example, A member of the press asks the president why they voted to expand a welfare program. The president responds, ""The strength of America is the strength of its communities, and I am proud to make our communities better places.""
**statistical syllogism**: A syllogism that argues, using inductive reasoning, from a generalization true for the most part to a particular case. For example, ""Almost all people are taller than 26 inches. Gareth is a person. Therefore, Gareth is taller than 26 inches.""

Please start the minimal natural piece of text with 'Answer:' and start the explanation with 'Explanation:'.

Thanks very much!","Answer:
“Will the new water filter keep us safe on this trek?” “Look, survival is about grit—my granddad crossed deserts with nothing but a tin cup.” Anyway, nearly all reputable filters remove most pathogens; this one’s a reputable model, so it should keep us safe.

Explanation:
- Red herring: The response about grit and the granddad’s desert trek diverts from the specific question about the filter’s safety, introducing irrelevant nostalgia to deflect.
- Statistical syllogism: “Nearly all reputable filters remove most pathogens; this one’s a reputable model; therefore it should keep us safe.” This infers a particular conclusion from a probabilistic generalization.","“Will the new water filter keep us safe on this trek?” “Look, survival is about grit—my granddad crossed deserts with nothing but a tin cup.” Anyway, nearly all reputable filters remove most pathogens; this one’s a reputable model, so it should keep us safe.",2
"statistical syllogism, folk physics (common knowledge physics)",Beekeeping,"Greetings! I am interested in natural language processing and I was wondering if you could help me generate an example of text that illustrates multiple skills in semantics or syntax. The example should be a minimal natural piece of text with up to a few lines in the context of Beekeeping that illustrates all of the following skills: statistical syllogism, folk physics (common knowledge physics). Please keep the text as short as possible, and make sure the concepts can be found fully from the text. 

For reference, here are the definitions and examples for the concepts:
**statistical syllogism**: A syllogism that argues, using inductive reasoning, from a generalization true for the most part to a particular case. For example, ""Almost all people are taller than 26 inches. Gareth is a person. Therefore, Gareth is taller than 26 inches.""
**folk physics (common knowledge physics)**: The untrained human perception of basic physical phenomena. For example, ""If I roll the pen off of the table, it will fall to the floor.""

Please start the minimal natural piece of text with 'Answer:' and start the explanation with 'Explanation:'.

Thanks very much!","Answer:
Most hives have gentle worker bees, and this one is a hive, so I expect its workers to be gentle. I’ll lift the frame slowly; if I jerk it, the comb could snap and fall.

Explanation:
- Statistical syllogism: “Most hives have gentle worker bees” (generalization) + “this one is a hive” (particular) ⇒ “I expect its workers to be gentle” (probabilistic conclusion).
- Folk physics: “If I jerk it, the comb could snap and fall” reflects everyday understanding that sudden force can break the comb and gravity will make it fall.","Most hives have gentle worker bees, and this one is a hive, so I expect its workers to be gentle. I’ll lift the frame slowly; if I jerk it, the comb could snap and fall.",2
"statistical syllogism, self serving bias",Guerilla warfare,"Greetings! I am interested in natural language processing and I was wondering if you could help me generate an example of text that illustrates multiple skills in semantics or syntax. The example should be a minimal natural piece of text with up to a few lines in the context of Guerilla warfare that illustrates all of the following skills: statistical syllogism, self serving bias. Please keep the text as short as possible, and make sure the concepts can be found fully from the text. 

For reference, here are the definitions and examples for the concepts:
**statistical syllogism**: A syllogism that argues, using inductive reasoning, from a generalization true for the most part to a particular case. For example, ""Almost all people are taller than 26 inches. Gareth is a person. Therefore, Gareth is taller than 26 inches.""
**self serving bias**: A cognitive or perceptual process that is distorted by the need to maintain and enhance one’s self esteem. For example, ""If I do well on the exam, it’s because of my academic prowess and hard work. If I do poorly, it’s because the course was poorly taught, and the exam was poorly proctored.""

Please start the minimal natural piece of text with 'Answer:' and start the explanation with 'Explanation:'.

Thanks very much!","Answer: Almost every village here shelters partisans; this hamlet is a village, so it’s safe to assume allies hide nearby. If our raid succeeds, it’s thanks to my unit’s discipline; if it fails, it’s because the terrain and informants were against us.

Explanation:
- Statistical syllogism: “Almost every village here shelters partisans; this hamlet is a village, so it’s safe to assume allies hide nearby.” This moves from a generalization about most villages to a conclusion about a specific village.
- Self-serving bias: “If our raid succeeds, it’s thanks to my unit’s discipline; if it fails, it’s because the terrain and informants were against us.” Success is attributed to internal factors (discipline), while failure is attributed to external factors (terrain, informants).","Almost every village here shelters partisans; this hamlet is a village, so it’s safe to assume allies hide nearby. If our raid succeeds, it’s thanks to my unit’s discipline; if it fails, it’s because the terrain and informants were against us.",2
"statistical syllogism, spatial reasoning",Dueling,"Greetings! I am interested in natural language processing and I was wondering if you could help me generate an example of text that illustrates multiple skills in semantics or syntax. The example should be a minimal natural piece of text with up to a few lines in the context of Dueling that illustrates all of the following skills: statistical syllogism, spatial reasoning. Please keep the text as short as possible, and make sure the concepts can be found fully from the text. 

For reference, here are the definitions and examples for the concepts:
**statistical syllogism**: A syllogism that argues, using inductive reasoning, from a generalization true for the most part to a particular case. For example, ""Almost all people are taller than 26 inches. Gareth is a person. Therefore, Gareth is taller than 26 inches.""
**spatial reasoning**: The capacity to reason about the spatial relationships between objects. For example, The key fit into the box. Using spatial reasoning, one can deduce that the width of the key was smaller than the width of the box.

Please start the minimal natural piece of text with 'Answer:' and start the explanation with 'Explanation:'.

Thanks very much!","Answer: In the courtyard duel, most fencers keep their sword hand leading. Mira is a fencer, so she likely leads with her right hand. She circles left to keep the sun behind her and the pillar to her opponent’s right, forcing his line of attack to narrow between the pillar and the wall.

Explanation:
- Statistical syllogism: “Most fencers keep their sword hand leading. Mira is a fencer, so she likely leads with her right hand.”
- Spatial reasoning: “She circles left to keep the sun behind her and the pillar to her opponent’s right, forcing his line of attack to narrow between the pillar and the wall.” From this, one infers relative positions (sun behind Mira; pillar on opponent’s right; path constrained between pillar and wall).","In the courtyard duel, most fencers keep their sword hand leading. Mira is a fencer, so she likely leads with her right hand. She circles left to keep the sun behind her and the pillar to her opponent’s right, forcing his line of attack to narrow between the pillar and the wall.",2
"spatial reasoning, statistical syllogism",Urbanism,"Greetings! I am interested in natural language processing and I was wondering if you could help me generate an example of text that illustrates multiple skills in semantics or syntax. The example should be a minimal natural piece of text with up to a few lines in the context of Urbanism that illustrates all of the following skills: spatial reasoning, statistical syllogism. Please keep the text as short as possible, and make sure the concepts can be found fully from the text. 

For reference, here are the definitions and examples for the concepts:
**spatial reasoning**: The capacity to reason about the spatial relationships between objects. For example, The key fit into the box. Using spatial reasoning, one can deduce that the width of the key was smaller than the width of the box.
**statistical syllogism**: A syllogism that argues, using inductive reasoning, from a generalization true for the most part to a particular case. For example, ""Almost all people are taller than 26 inches. Gareth is a person. Therefore, Gareth is taller than 26 inches.""

Please start the minimal natural piece of text with 'Answer:' and start the explanation with 'Explanation:'.

Thanks very much!","Answer:
Most curbside bike racks are within two meters of the curb. This rack is curbside, so it’s likely within two meters. Since the rack sits between the sidewalk and the parking lane, a two-meter span leaves enough room for a bike to fit without blocking the door zone.

Explanation:
- Statistical syllogism: “Most curbside bike racks are within two meters of the curb. This rack is curbside, so it’s likely within two meters.”
- Spatial reasoning: From “between the sidewalk and the parking lane” and “two-meter span,” we infer spatial relationships—there is sufficient space for a bike and it won’t intrude into the car door zone.","Most curbside bike racks are within two meters of the curb. This rack is curbside, so it’s likely within two meters. Since the rack sits between the sidewalk and the parking lane, a two-meter span leaves enough room for a bike to fit without blocking the door zone.",2
"statistical syllogism, self serving bias",Beekeeping,"Greetings! I am interested in natural language processing and I was wondering if you could help me generate an example of text that illustrates multiple skills in semantics or syntax. The example should be a minimal natural piece of text with up to a few lines in the context of Beekeeping that illustrates all of the following skills: statistical syllogism, self serving bias. Please keep the text as short as possible, and make sure the concepts can be found fully from the text. 

For reference, here are the definitions and examples for the concepts:
**statistical syllogism**: A syllogism that argues, using inductive reasoning, from a generalization true for the most part to a particular case. For example, ""Almost all people are taller than 26 inches. Gareth is a person. Therefore, Gareth is taller than 26 inches.""
**self serving bias**: A cognitive or perceptual process that is distorted by the need to maintain and enhance one’s self esteem. For example, ""If I do well on the exam, it’s because of my academic prowess and hard work. If I do poorly, it’s because the course was poorly taught, and the exam was poorly proctored.""

Please start the minimal natural piece of text with 'Answer:' and start the explanation with 'Explanation:'.

Thanks very much!","Answer: Almost all colonies with fresh brood frames thrive; my new hive has fresh brood, so it’ll thrive. And if my honey yield is high, it’s thanks to my careful hive inspections and impeccable timing—if it’s low, it’s because the weather and the neighbors’ pesticides sabotaged the nectar flow.

Explanation:
- Statistical syllogism: “Almost all colonies with fresh brood frames thrive; my new hive has fresh brood, so it’ll thrive.” This moves from a general tendency to a particular case.
- Self-serving bias: “If my honey yield is high, it’s thanks to my careful hive inspections and impeccable timing—if it’s low, it’s because the weather and the neighbors’ pesticides...” This credits success to the beekeeper’s skill and blames failure on external factors.","Almost all colonies with fresh brood frames thrive; my new hive has fresh brood, so it’ll thrive. And if my honey yield is high, it’s thanks to my careful hive inspections and impeccable timing—if it’s low, it’s because the weather and the neighbors’ pesticides sabotaged the nectar flow.",2
"spatial reasoning, statistical syllogism",Dueling,"Greetings! I am interested in natural language processing and I was wondering if you could help me generate an example of text that illustrates multiple skills in semantics or syntax. The example should be a minimal natural piece of text with up to a few lines in the context of Dueling that illustrates all of the following skills: spatial reasoning, statistical syllogism. Please keep the text as short as possible, and make sure the concepts can be found fully from the text. 

For reference, here are the definitions and examples for the concepts:
**spatial reasoning**: The capacity to reason about the spatial relationships between objects. For example, The key fit into the box. Using spatial reasoning, one can deduce that the width of the key was smaller than the width of the box.
**statistical syllogism**: A syllogism that argues, using inductive reasoning, from a generalization true for the most part to a particular case. For example, ""Almost all people are taller than 26 inches. Gareth is a person. Therefore, Gareth is taller than 26 inches.""

Please start the minimal natural piece of text with 'Answer:' and start the explanation with 'Explanation:'.

Thanks very much!","Answer: In the dusty arena, Mira steps to the left of the sunlit chalk line while Rovan stands just inside the shaded circle; her blade can reach him because the circle’s edge is within her arm’s length. Most duelists tire after three exchanges; Rovan is a duelist, so he is likely to slow by the fourth, and she presses then.

Explanation:
- Spatial reasoning: The text states Mira is left of the chalk line and Rovan is inside the shaded circle; it also states the circle’s edge is within her arm’s length, allowing the inference that their relative positions and distances permit her blade to reach him.
- Statistical syllogism: “Most duelists tire after three exchanges; Rovan is a duelist, so he is likely to slow by the fourth” applies a general rule about most members of a group (duelists) to a particular member (Rovan), yielding a probabilistic conclusion.","In the dusty arena, Mira steps to the left of the sunlit chalk line while Rovan stands just inside the shaded circle; her blade can reach him because the circle’s edge is within her arm’s length. Most duelists tire after three exchanges; Rovan is a duelist, so he is likely to slow by the fourth, and she presses then.",2
"folk physics (common knowledge physics), statistical syllogism",Beekeeping,"Greetings! I am interested in natural language processing and I was wondering if you could help me generate an example of text that illustrates multiple skills in semantics or syntax. The example should be a minimal natural piece of text with up to a few lines in the context of Beekeeping that illustrates all of the following skills: folk physics (common knowledge physics), statistical syllogism. Please keep the text as short as possible, and make sure the concepts can be found fully from the text. 

For reference, here are the definitions and examples for the concepts:
**folk physics (common knowledge physics)**: The untrained human perception of basic physical phenomena. For example, ""If I roll the pen off of the table, it will fall to the floor.""
**statistical syllogism**: A syllogism that argues, using inductive reasoning, from a generalization true for the most part to a particular case. For example, ""Almost all people are taller than 26 inches. Gareth is a person. Therefore, Gareth is taller than 26 inches.""

Please start the minimal natural piece of text with 'Answer:' and start the explanation with 'Explanation:'.

Thanks very much!","Answer:
I set the hive box level because if it tilts, frames slide and honey drips downward. Most hives stay calm after dawn when foragers leave; this colony is a hive, so I expect it to be calmer now. Since heavy supers usually bend weak stands, I put the full super on the sturdier stack so it won’t sag.

Explanation:
- Folk physics: “if it tilts, frames slide and honey drips downward” and “heavy supers … bend weak stands … so it won’t sag” rely on intuitive gravity and load-bearing expectations.
- Statistical syllogism: “Most hives stay calm after dawn when foragers leave; this colony is a hive, so I expect it to be calmer now” applies a usually-true generalization to a specific case.","I set the hive box level because if it tilts, frames slide and honey drips downward. Most hives stay calm after dawn when foragers leave; this colony is a hive, so I expect it to be calmer now. Since heavy supers usually bend weak stands, I put the full super on the sturdier stack so it won’t sag.",2
"self serving bias, statistical syllogism",Guerilla warfare,"Greetings! I am interested in natural language processing and I was wondering if you could help me generate an example of text that illustrates multiple skills in semantics or syntax. The example should be a minimal natural piece of text with up to a few lines in the context of Guerilla warfare that illustrates all of the following skills: self serving bias, statistical syllogism. Please keep the text as short as possible, and make sure the concepts can be found fully from the text. 

For reference, here are the definitions and examples for the concepts:
**self serving bias**: A cognitive or perceptual process that is distorted by the need to maintain and enhance one’s self esteem. For example, ""If I do well on the exam, it’s because of my academic prowess and hard work. If I do poorly, it’s because the course was poorly taught, and the exam was poorly proctored.""
**statistical syllogism**: A syllogism that argues, using inductive reasoning, from a generalization true for the most part to a particular case. For example, ""Almost all people are taller than 26 inches. Gareth is a person. Therefore, Gareth is taller than 26 inches.""

Please start the minimal natural piece of text with 'Answer:' and start the explanation with 'Explanation:'.

Thanks very much!","Answer:
We won last night because I planned flawlessly; when we lost last week, it was only because the terrain betrayed us. Most ambushes in this region succeed against supply convoys; tonight’s target is a supply convoy, so this ambush will likely succeed.

Explanation:
- Self-serving bias: The speaker credits victory to their own flawless planning, but blames the prior loss on external factors (“the terrain betrayed us”).
- Statistical syllogism: From the generalization “Most ambushes in this region succeed against supply convoys,” the speaker infers a likely outcome for a particular case: “tonight’s target is a supply convoy, so this ambush will likely succeed.”","We won last night because I planned flawlessly; when we lost last week, it was only because the terrain betrayed us. Most ambushes in this region succeed against supply convoys; tonight’s target is a supply convoy, so this ambush will likely succeed.",2
"self serving bias, statistical syllogism",Beekeeping,"Greetings! I am interested in natural language processing and I was wondering if you could help me generate an example of text that illustrates multiple skills in semantics or syntax. The example should be a minimal natural piece of text with up to a few lines in the context of Beekeeping that illustrates all of the following skills: self serving bias, statistical syllogism. Please keep the text as short as possible, and make sure the concepts can be found fully from the text. 

For reference, here are the definitions and examples for the concepts:
**self serving bias**: A cognitive or perceptual process that is distorted by the need to maintain and enhance one’s self esteem. For example, ""If I do well on the exam, it’s because of my academic prowess and hard work. If I do poorly, it’s because the course was poorly taught, and the exam was poorly proctored.""
**statistical syllogism**: A syllogism that argues, using inductive reasoning, from a generalization true for the most part to a particular case. For example, ""Almost all people are taller than 26 inches. Gareth is a person. Therefore, Gareth is taller than 26 inches.""

Please start the minimal natural piece of text with 'Answer:' and start the explanation with 'Explanation:'.

Thanks very much!","Answer: I keep telling my apprentice, “Most colonies headed by young queens survive winter, and our new hive has a young queen, so it should pull through.” And when my own hives thrive, it’s thanks to my careful management; when one falters, it’s the freak weather and shoddy supplier frames, not me.

Explanation:
- Statistical syllogism: “Most colonies headed by young queens survive winter, and our new hive has a young queen, so it should pull through.”
- Self-serving bias: “When my own hives thrive, it’s thanks to my careful management; when one falters, it’s the freak weather and shoddy supplier frames, not me.”","I keep telling my apprentice, “Most colonies headed by young queens survive winter, and our new hive has a young queen, so it should pull through.” And when my own hives thrive, it’s thanks to my careful management; when one falters, it’s the freak weather and shoddy supplier frames, not me.",2
"statistical syllogism, folk physics (common knowledge physics)",Dueling,"Greetings! I am interested in natural language processing and I was wondering if you could help me generate an example of text that illustrates multiple skills in semantics or syntax. The example should be a minimal natural piece of text with up to a few lines in the context of Dueling that illustrates all of the following skills: statistical syllogism, folk physics (common knowledge physics). Please keep the text as short as possible, and make sure the concepts can be found fully from the text. 

For reference, here are the definitions and examples for the concepts:
**statistical syllogism**: A syllogism that argues, using inductive reasoning, from a generalization true for the most part to a particular case. For example, ""Almost all people are taller than 26 inches. Gareth is a person. Therefore, Gareth is taller than 26 inches.""
**folk physics (common knowledge physics)**: The untrained human perception of basic physical phenomena. For example, ""If I roll the pen off of the table, it will fall to the floor.""

Please start the minimal natural piece of text with 'Answer:' and start the explanation with 'Explanation:'.

Thanks very much!","Answer:
“Most duels end quickly once someone loses their footing. He’s on slick cobblestones, so he’ll probably slip if he lunges hard; if he slips, his blade will clatter down. Since most duelists who drop their blades lose, if he slips, I’ll win.”

Explanation:
- Statistical syllogism: “Most duelists who drop their blades lose. He is a duelist who will drop his blade (if he slips). Therefore, he will probably lose.” This applies a general rule (“most duelists who drop blades lose”) to a particular case.
- Folk physics: “If he lunges hard on slick cobblestones, he’ll probably slip; if he slips, his blade will clatter down.” This relies on everyday physical understanding of slippery surfaces, loss of footing, and objects falling when dropped.","“Most duels end quickly once someone loses their footing. He’s on slick cobblestones, so he’ll probably slip if he lunges hard; if he slips, his blade will clatter down. Since most duelists who drop their blades lose, if he slips, I’ll win.”",2
"statistical syllogism, spatial reasoning",Survivalism,"Greetings! I am interested in natural language processing and I was wondering if you could help me generate an example of text that illustrates multiple skills in semantics or syntax. The example should be a minimal natural piece of text with up to a few lines in the context of Survivalism that illustrates all of the following skills: statistical syllogism, spatial reasoning. Please keep the text as short as possible, and make sure the concepts can be found fully from the text. 

For reference, here are the definitions and examples for the concepts:
**statistical syllogism**: A syllogism that argues, using inductive reasoning, from a generalization true for the most part to a particular case. For example, ""Almost all people are taller than 26 inches. Gareth is a person. Therefore, Gareth is taller than 26 inches.""
**spatial reasoning**: The capacity to reason about the spatial relationships between objects. For example, The key fit into the box. Using spatial reasoning, one can deduce that the width of the key was smaller than the width of the box.

Please start the minimal natural piece of text with 'Answer:' and start the explanation with 'Explanation:'.

Thanks very much!","Answer: Almost all shelters near rivers flood in heavy storms. My camp is 20 paces uphill from the river, behind a boulder that blocks the channel’s line of flow. Therefore, my camp will likely avoid flooding, and the boulder must be wider than the channel’s gap it plugs.

Explanation:
- Statistical syllogism: “Almost all shelters near rivers flood in heavy storms. My camp is near the river (context), therefore it will likely avoid flooding because it is uphill and shielded” shows reasoning from a general probabilistic claim to a particular case with a likely conclusion.
- Spatial reasoning: “the boulder that blocks the channel’s line of flow” and “the boulder must be wider than the channel’s gap it plugs” infer a size relationship (blockage implies the boulder’s width exceeds the gap), and “20 paces uphill from the river” uses spatial relations (distance and elevation) to reason about flood risk.","Almost all shelters near rivers flood in heavy storms. My camp is 20 paces uphill from the river, behind a boulder that blocks the channel’s line of flow. Therefore, my camp will likely avoid flooding, and the boulder must be wider than the channel’s gap it plugs.",2
"statistical syllogism, folk physics (common knowledge physics)",Dueling,"Greetings! I am interested in natural language processing and I was wondering if you could help me generate an example of text that illustrates multiple skills in semantics or syntax. The example should be a minimal natural piece of text with up to a few lines in the context of Dueling that illustrates all of the following skills: statistical syllogism, folk physics (common knowledge physics). Please keep the text as short as possible, and make sure the concepts can be found fully from the text. 

For reference, here are the definitions and examples for the concepts:
**statistical syllogism**: A syllogism that argues, using inductive reasoning, from a generalization true for the most part to a particular case. For example, ""Almost all people are taller than 26 inches. Gareth is a person. Therefore, Gareth is taller than 26 inches.""
**folk physics (common knowledge physics)**: The untrained human perception of basic physical phenomena. For example, ""If I roll the pen off of the table, it will fall to the floor.""

Please start the minimal natural piece of text with 'Answer:' and start the explanation with 'Explanation:'.

Thanks very much!","Answer:
Most duelists wear padded gear; I’m a duelist, so I strap mine on. I keep my feet wide because slippery floors make people fall. I lower my center of gravity before the clash, since a hard shove can topple you if you’re upright.

Explanation:
- Statistical syllogism: “Most duelists wear padded gear; I’m a duelist, so I strap mine on.” This reasons from a general tendency (most duelists do X) to a particular case (I do X).
- Folk physics: “slippery floors make people fall” and “a hard shove can topple you if you’re upright” invoke common-knowledge physical expectations about friction, balance, and center of gravity.","Most duelists wear padded gear; I’m a duelist, so I strap mine on. I keep my feet wide because slippery floors make people fall. I lower my center of gravity before the clash, since a hard shove can topple you if you’re upright.",2
"self serving bias, statistical syllogism",Dueling,"Greetings! I am interested in natural language processing and I was wondering if you could help me generate an example of text that illustrates multiple skills in semantics or syntax. The example should be a minimal natural piece of text with up to a few lines in the context of Dueling that illustrates all of the following skills: self serving bias, statistical syllogism. Please keep the text as short as possible, and make sure the concepts can be found fully from the text. 

For reference, here are the definitions and examples for the concepts:
**self serving bias**: A cognitive or perceptual process that is distorted by the need to maintain and enhance one’s self esteem. For example, ""If I do well on the exam, it’s because of my academic prowess and hard work. If I do poorly, it’s because the course was poorly taught, and the exam was poorly proctored.""
**statistical syllogism**: A syllogism that argues, using inductive reasoning, from a generalization true for the most part to a particular case. For example, ""Almost all people are taller than 26 inches. Gareth is a person. Therefore, Gareth is taller than 26 inches.""

Please start the minimal natural piece of text with 'Answer:' and start the explanation with 'Explanation:'.

Thanks very much!","Answer: I usually win duels because I’m naturally skilled; when I lost to Rowan yesterday, it was only because the arena was slippery. Almost all duelists who train daily outperform casual fighters. I train daily, so I’ll outperform my next casual opponent.

Explanation:
- Self-serving bias: The speaker attributes wins to their own skill (“I’m naturally skilled”) but blames a loss on external circumstances (“the arena was slippery”).
- Statistical syllogism: General rule (“Almost all duelists who train daily outperform casual fighters”), case premise (“I train daily”), conclusion about a particular instance (“I’ll outperform my next casual opponent”).","I usually win duels because I’m naturally skilled; when I lost to Rowan yesterday, it was only because the arena was slippery. Almost all duelists who train daily outperform casual fighters. I train daily, so I’ll outperform my next casual opponent.",2
"statistical syllogism, self serving bias",The Ottoman Empire,"Greetings! I am interested in natural language processing and I was wondering if you could help me generate an example of text that illustrates multiple skills in semantics or syntax. The example should be a minimal natural piece of text with up to a few lines in the context of The Ottoman Empire that illustrates all of the following skills: statistical syllogism, self serving bias. Please keep the text as short as possible, and make sure the concepts can be found fully from the text. 

For reference, here are the definitions and examples for the concepts:
**statistical syllogism**: A syllogism that argues, using inductive reasoning, from a generalization true for the most part to a particular case. For example, ""Almost all people are taller than 26 inches. Gareth is a person. Therefore, Gareth is taller than 26 inches.""
**self serving bias**: A cognitive or perceptual process that is distorted by the need to maintain and enhance one’s self esteem. For example, ""If I do well on the exam, it’s because of my academic prowess and hard work. If I do poorly, it’s because the course was poorly taught, and the exam was poorly proctored.""

Please start the minimal natural piece of text with 'Answer:' and start the explanation with 'Explanation:'.

Thanks very much!","Answer: As an Ottoman scribe, I note that most janissaries excel in battle; Hasan is a janissary, so he will likely excel. When our campaign succeeds, it’s due to my meticulous records; when it falters, it’s because the generals ignored my counsel.

Explanation:
- Statistical syllogism: “Most janissaries excel in battle; Hasan is a janissary, so he will likely excel.”
- Self-serving bias: “When our campaign succeeds, it’s due to my meticulous records; when it falters, it’s because the generals ignored my counsel.”","As an Ottoman scribe, I note that most janissaries excel in battle; Hasan is a janissary, so he will likely excel. When our campaign succeeds, it’s due to my meticulous records; when it falters, it’s because the generals ignored my counsel.",2
"red herring, statistical syllogism",Beekeeping,"Greetings! I am interested in natural language processing and I was wondering if you could help me generate an example of text that illustrates multiple skills in semantics or syntax. The example should be a minimal natural piece of text with up to a few lines in the context of Beekeeping that illustrates all of the following skills: red herring, statistical syllogism. Please keep the text as short as possible, and make sure the concepts can be found fully from the text. 

For reference, here are the definitions and examples for the concepts:
**red herring**: Introducing irrelevant points to detract attention from a question. For example, A member of the press asks the president why they voted to expand a welfare program. The president responds, ""The strength of America is the strength of its communities, and I am proud to make our communities better places.""
**statistical syllogism**: A syllogism that argues, using inductive reasoning, from a generalization true for the most part to a particular case. For example, ""Almost all people are taller than 26 inches. Gareth is a person. Therefore, Gareth is taller than 26 inches.""

Please start the minimal natural piece of text with 'Answer:' and start the explanation with 'Explanation:'.

Thanks very much!","Answer:
Beekeeper: Should we move the hive today before the storm?
Assistant: Almost all experienced beekeepers move hives ahead of storms; you’re an experienced beekeeper, so we should move it now. Also, did you notice how golden the honey looks this year? It would win any county fair.

Explanation:
- Statistical syllogism: “Almost all experienced beekeepers move hives ahead of storms; you’re an experienced beekeeper, so we should move it now.”
- Red herring: The shift to discussing the honey’s golden color and county-fair quality is irrelevant to the question of whether to move the hive before the storm.","Beekeeper: Should we move the hive today before the storm?
Assistant: Almost all experienced beekeepers move hives ahead of storms; you’re an experienced beekeeper, so we should move it now. Also, did you notice how golden the honey looks this year? It would win any county fair.",2
"statistical syllogism, red herring",Survivalism,"Greetings! I am interested in natural language processing and I was wondering if you could help me generate an example of text that illustrates multiple skills in semantics or syntax. The example should be a minimal natural piece of text with up to a few lines in the context of Survivalism that illustrates all of the following skills: statistical syllogism, red herring. Please keep the text as short as possible, and make sure the concepts can be found fully from the text. 

For reference, here are the definitions and examples for the concepts:
**statistical syllogism**: A syllogism that argues, using inductive reasoning, from a generalization true for the most part to a particular case. For example, ""Almost all people are taller than 26 inches. Gareth is a person. Therefore, Gareth is taller than 26 inches.""
**red herring**: Introducing irrelevant points to detract attention from a question. For example, A member of the press asks the president why they voted to expand a welfare program. The president responds, ""The strength of America is the strength of its communities, and I am proud to make our communities better places.""

Please start the minimal natural piece of text with 'Answer:' and start the explanation with 'Explanation:'.

Thanks very much!","Answer:
“Most hikers who carry water filters avoid illness. I’m a hiker, so I’ll probably stay healthy. Anyway, the real issue is that my backpack is forest green, which matches the moss perfectly.”

Explanation:
- Statistical syllogism: “Most hikers who carry water filters avoid illness. I’m a hiker, so I’ll probably stay healthy.” (Inductive move from a general tendency to a specific case.)
- Red herring: The sudden shift to backpack color (“the real issue is that my backpack is forest green…”) diverts attention from the health/survival concern to an irrelevant point.","“Most hikers who carry water filters avoid illness. I’m a hiker, so I’ll probably stay healthy. Anyway, the real issue is that my backpack is forest green, which matches the moss perfectly.”",2
"statistical syllogism, self serving bias",Beekeeping,"Greetings! I am interested in natural language processing and I was wondering if you could help me generate an example of text that illustrates multiple skills in semantics or syntax. The example should be a minimal natural piece of text with up to a few lines in the context of Beekeeping that illustrates all of the following skills: statistical syllogism, self serving bias. Please keep the text as short as possible, and make sure the concepts can be found fully from the text. 

For reference, here are the definitions and examples for the concepts:
**statistical syllogism**: A syllogism that argues, using inductive reasoning, from a generalization true for the most part to a particular case. For example, ""Almost all people are taller than 26 inches. Gareth is a person. Therefore, Gareth is taller than 26 inches.""
**self serving bias**: A cognitive or perceptual process that is distorted by the need to maintain and enhance one’s self esteem. For example, ""If I do well on the exam, it’s because of my academic prowess and hard work. If I do poorly, it’s because the course was poorly taught, and the exam was poorly proctored.""

Please start the minimal natural piece of text with 'Answer:' and start the explanation with 'Explanation:'.

Thanks very much!","Answer: Most hives in this region survive winter, and my new colony is healthy, so it’ll likely make it through. If it thrives, it’s thanks to my expert hive management; if it struggles, the weather and bad nectar flow are to blame.

Explanation:
- Statistical syllogism: “Most hives in this region survive winter... my new colony... so it’ll likely make it through” infers a particular outcome from a general tendency.
- Self-serving bias: Success attributed to “my expert hive management” (internal credit), failure blamed on “the weather and bad nectar flow” (external factors).","Most hives in this region survive winter, and my new colony is healthy, so it’ll likely make it through. If it thrives, it’s thanks to my expert hive management; if it struggles, the weather and bad nectar flow are to blame.",2
"red herring, statistical syllogism",Beekeeping,"Greetings! I am interested in natural language processing and I was wondering if you could help me generate an example of text that illustrates multiple skills in semantics or syntax. The example should be a minimal natural piece of text with up to a few lines in the context of Beekeeping that illustrates all of the following skills: red herring, statistical syllogism. Please keep the text as short as possible, and make sure the concepts can be found fully from the text. 

For reference, here are the definitions and examples for the concepts:
**red herring**: Introducing irrelevant points to detract attention from a question. For example, A member of the press asks the president why they voted to expand a welfare program. The president responds, ""The strength of America is the strength of its communities, and I am proud to make our communities better places.""
**statistical syllogism**: A syllogism that argues, using inductive reasoning, from a generalization true for the most part to a particular case. For example, ""Almost all people are taller than 26 inches. Gareth is a person. Therefore, Gareth is taller than 26 inches.""

Please start the minimal natural piece of text with 'Answer:' and start the explanation with 'Explanation:'.

Thanks very much!","Answer:
Reporter: Why did you skip treating the hives for mites this week?
Beekeeper: Our city just won “Best Outdoor Market,” and my new smoker smells like eucalyptus—anyway, most healthy hives survive autumn without treatments; Hive Seven is healthy, so it will survive.

Explanation:
- Red herring: The beekeeper introduces irrelevant points (the city’s award and the smoker’s scent) to divert from the question about skipping mite treatment.
- Statistical syllogism: From the generalization “most healthy hives survive autumn without treatments” and the premise “Hive Seven is healthy,” the beekeeper infers the particular conclusion “Hive Seven will survive.”","Reporter: Why did you skip treating the hives for mites this week?
Beekeeper: Our city just won “Best Outdoor Market,” and my new smoker smells like eucalyptus—anyway, most healthy hives survive autumn without treatments; Hive Seven is healthy, so it will survive.",2
"red herring, statistical syllogism",Beekeeping,"Greetings! I am interested in natural language processing and I was wondering if you could help me generate an example of text that illustrates multiple skills in semantics or syntax. The example should be a minimal natural piece of text with up to a few lines in the context of Beekeeping that illustrates all of the following skills: red herring, statistical syllogism. Please keep the text as short as possible, and make sure the concepts can be found fully from the text. 

For reference, here are the definitions and examples for the concepts:
**red herring**: Introducing irrelevant points to detract attention from a question. For example, A member of the press asks the president why they voted to expand a welfare program. The president responds, ""The strength of America is the strength of its communities, and I am proud to make our communities better places.""
**statistical syllogism**: A syllogism that argues, using inductive reasoning, from a generalization true for the most part to a particular case. For example, ""Almost all people are taller than 26 inches. Gareth is a person. Therefore, Gareth is taller than 26 inches.""

Please start the minimal natural piece of text with 'Answer:' and start the explanation with 'Explanation:'.

Thanks very much!","Answer:
“Do we need to requeen this hive after the queen failed to lay this week?” asked Mira.
“Most hives that go queenless for a week become aggressive; this hive is like most hives, so it will likely turn aggressive—so yes, requeen,” said Luis. Also, the new smoker is stainless steel and looks great, and last year’s honey won a ribbon.

Explanation:
- Statistical syllogism: “Most hives that go queenless for a week become aggressive; this hive is like most hives, so it will likely turn aggressive—so yes, requeen.” It infers from a general tendency about most hives to a particular hive.
- Red herring: “Also, the new smoker is stainless steel and looks great, and last year’s honey won a ribbon.” These remarks are irrelevant to the decision about requeening and divert attention from the core question.","“Do we need to requeen this hive after the queen failed to lay this week?” asked Mira.
“Most hives that go queenless for a week become aggressive; this hive is like most hives, so it will likely turn aggressive—so yes, requeen,” said Luis. Also, the new smoker is stainless steel and looks great, and last year’s honey won a ribbon.",2
"spatial reasoning, statistical syllogism",Dueling,"Greetings! I am interested in natural language processing and I was wondering if you could help me generate an example of text that illustrates multiple skills in semantics or syntax. The example should be a minimal natural piece of text with up to a few lines in the context of Dueling that illustrates all of the following skills: spatial reasoning, statistical syllogism. Please keep the text as short as possible, and make sure the concepts can be found fully from the text. 

For reference, here are the definitions and examples for the concepts:
**spatial reasoning**: The capacity to reason about the spatial relationships between objects. For example, The key fit into the box. Using spatial reasoning, one can deduce that the width of the key was smaller than the width of the box.
**statistical syllogism**: A syllogism that argues, using inductive reasoning, from a generalization true for the most part to a particular case. For example, ""Almost all people are taller than 26 inches. Gareth is a person. Therefore, Gareth is taller than 26 inches.""

Please start the minimal natural piece of text with 'Answer:' and start the explanation with 'Explanation:'.

Thanks very much!","Answer:
Most duelists keep a blade length under a forearm, so it clears a parry without overreaching. Marta is a duelist; her rapier likely fits that rule. She steps left of Hugo’s lunge, lining her guard outside his wrist so her tip can pass inside his shoulder without touching his sleeve.

Explanation:
- Spatial reasoning: The text specifies positions and sizes—blade length relative to a forearm, Marta stepping left of Hugo’s lunge, guard outside his wrist, tip passing inside his shoulder without touching his sleeve—allowing deductions about spatial relationships (clearance, relative positions, and paths).
- Statistical syllogism: From the generalization “Most duelists keep a blade length under a forearm,” it infers a likely particular case: “Marta is a duelist; her rapier likely fits that rule.”","Most duelists keep a blade length under a forearm, so it clears a parry without overreaching. Marta is a duelist; her rapier likely fits that rule. She steps left of Hugo’s lunge, lining her guard outside his wrist so her tip can pass inside his shoulder without touching his sleeve.",2
"statistical syllogism, spatial reasoning",Dueling,"Greetings! I am interested in natural language processing and I was wondering if you could help me generate an example of text that illustrates multiple skills in semantics or syntax. The example should be a minimal natural piece of text with up to a few lines in the context of Dueling that illustrates all of the following skills: statistical syllogism, spatial reasoning. Please keep the text as short as possible, and make sure the concepts can be found fully from the text. 

For reference, here are the definitions and examples for the concepts:
**statistical syllogism**: A syllogism that argues, using inductive reasoning, from a generalization true for the most part to a particular case. For example, ""Almost all people are taller than 26 inches. Gareth is a person. Therefore, Gareth is taller than 26 inches.""
**spatial reasoning**: The capacity to reason about the spatial relationships between objects. For example, The key fit into the box. Using spatial reasoning, one can deduce that the width of the key was smaller than the width of the box.

Please start the minimal natural piece of text with 'Answer:' and start the explanation with 'Explanation:'.

Thanks very much!","Answer: In the dueling circle, most swordsmen keep their dominant hand forward; my foe steps in right-foot-first with his right shoulder leading, so he’s likely right-handed. I sidestep left; his blade is now outside my guard’s line, leaving my inside lane open.

Explanation:
- Statistical syllogism: The text uses a generalization (“most swordsmen keep their dominant hand forward”) and applies it to a particular case (the foe’s stance) to infer he is right-handed.
- Spatial reasoning: The sidestep left shifts relative positions so the opponent’s blade lies outside the speaker’s guard line, implying the opponent’s weapon no longer intersects the speaker’s inside lane, which is now open for attack.","In the dueling circle, most swordsmen keep their dominant hand forward; my foe steps in right-foot-first with his right shoulder leading, so he’s likely right-handed. I sidestep left; his blade is now outside my guard’s line, leaving my inside lane open.",2
"statistical syllogism, spatial reasoning",Beekeeping,"Greetings! I am interested in natural language processing and I was wondering if you could help me generate an example of text that illustrates multiple skills in semantics or syntax. The example should be a minimal natural piece of text with up to a few lines in the context of Beekeeping that illustrates all of the following skills: statistical syllogism, spatial reasoning. Please keep the text as short as possible, and make sure the concepts can be found fully from the text. 

For reference, here are the definitions and examples for the concepts:
**statistical syllogism**: A syllogism that argues, using inductive reasoning, from a generalization true for the most part to a particular case. For example, ""Almost all people are taller than 26 inches. Gareth is a person. Therefore, Gareth is taller than 26 inches.""
**spatial reasoning**: The capacity to reason about the spatial relationships between objects. For example, The key fit into the box. Using spatial reasoning, one can deduce that the width of the key was smaller than the width of the box.

Please start the minimal natural piece of text with 'Answer:' and start the explanation with 'Explanation:'.

Thanks very much!","Answer: In our apiary, almost all hives with reduced entrance width avoid robbing. This hive’s entrance is reduced. So it will likely avoid robbing. The reducer leaves a 2‑finger gap—narrower than a robber bee’s zig‑zag flight path through a full‑width opening—so guards can block the single narrow channel at the front.

Explanation:
- Statistical syllogism: “Almost all hives with reduced entrance width avoid robbing. This hive’s entrance is reduced. So it will likely avoid robbing.”
- Spatial reasoning: The text reasons about sizes and passageways: a “2‑finger gap” is narrower than the wider, full‑width opening used by robbers’ zig‑zag path, implying that the reduced gap constrains movement so guards can block it.","In our apiary, almost all hives with reduced entrance width avoid robbing. This hive’s entrance is reduced. So it will likely avoid robbing. The reducer leaves a 2‑finger gap—narrower than a robber bee’s zig‑zag flight path through a full‑width opening—so guards can block the single narrow channel at the front.",2
"statistical syllogism, red herring",Beekeeping,"Greetings! I am interested in natural language processing and I was wondering if you could help me generate an example of text that illustrates multiple skills in semantics or syntax. The example should be a minimal natural piece of text with up to a few lines in the context of Beekeeping that illustrates all of the following skills: statistical syllogism, red herring. Please keep the text as short as possible, and make sure the concepts can be found fully from the text. 

For reference, here are the definitions and examples for the concepts:
**statistical syllogism**: A syllogism that argues, using inductive reasoning, from a generalization true for the most part to a particular case. For example, ""Almost all people are taller than 26 inches. Gareth is a person. Therefore, Gareth is taller than 26 inches.""
**red herring**: Introducing irrelevant points to detract attention from a question. For example, A member of the press asks the president why they voted to expand a welfare program. The president responds, ""The strength of America is the strength of its communities, and I am proud to make our communities better places.""

Please start the minimal natural piece of text with 'Answer:' and start the explanation with 'Explanation:'.

Thanks very much!","Answer:
“Most hives with steady forager traffic are healthy; this hive shows steady traffic, so it’s probably healthy. Anyway, did you notice how shiny the smoker is? I polished it for an hour.”

Explanation:
- Statistical syllogism: “Most hives with steady forager traffic are healthy; this hive shows steady traffic, so it’s probably healthy.” This moves from a general tendency to a specific case.
- Red herring: “Anyway, did you notice how shiny the smoker is? I polished it for an hour.” This shifts attention from the hive’s health to an irrelevant topic (the smoker’s shininess).","“Most hives with steady forager traffic are healthy; this hive shows steady traffic, so it’s probably healthy. Anyway, did you notice how shiny the smoker is? I polished it for an hour.”",2
"statistical syllogism, red herring",The Ottoman Empire,"Greetings! I am interested in natural language processing and I was wondering if you could help me generate an example of text that illustrates multiple skills in semantics or syntax. The example should be a minimal natural piece of text with up to a few lines in the context of The Ottoman Empire that illustrates all of the following skills: statistical syllogism, red herring. Please keep the text as short as possible, and make sure the concepts can be found fully from the text. 

For reference, here are the definitions and examples for the concepts:
**statistical syllogism**: A syllogism that argues, using inductive reasoning, from a generalization true for the most part to a particular case. For example, ""Almost all people are taller than 26 inches. Gareth is a person. Therefore, Gareth is taller than 26 inches.""
**red herring**: Introducing irrelevant points to detract attention from a question. For example, A member of the press asks the president why they voted to expand a welfare program. The president responds, ""The strength of America is the strength of its communities, and I am proud to make our communities better places.""

Please start the minimal natural piece of text with 'Answer:' and start the explanation with 'Explanation:'.

Thanks very much!","Answer: In the divan, the vizier said, “Most Ottoman timariots are loyal. Hasan is a timariot, so he is likely loyal. Anyway, have you tasted the new figs from Bursa? Their sweetness outshines any worry about garrisons.” 

Explanation:
- Statistical syllogism: “Most Ottoman timariots are loyal. Hasan is a timariot, so he is likely loyal.” This infers a particular from a generalization that holds for most cases.
- Red herring: “Anyway, have you tasted the new figs from Bursa? Their sweetness outshines any worry about garrisons.” This introduces an irrelevant topic (figs) to divert attention from the loyalty/garrison issue.","In the divan, the vizier said, “Most Ottoman timariots are loyal. Hasan is a timariot, so he is likely loyal. Anyway, have you tasted the new figs from Bursa? Their sweetness outshines any worry about garrisons.”",2
"folk physics (common knowledge physics), statistical syllogism",Sewing,"Greetings! I am interested in natural language processing and I was wondering if you could help me generate an example of text that illustrates multiple skills in semantics or syntax. The example should be a minimal natural piece of text with up to a few lines in the context of Sewing that illustrates all of the following skills: folk physics (common knowledge physics), statistical syllogism. Please keep the text as short as possible, and make sure the concepts can be found fully from the text. 

For reference, here are the definitions and examples for the concepts:
**folk physics (common knowledge physics)**: The untrained human perception of basic physical phenomena. For example, ""If I roll the pen off of the table, it will fall to the floor.""
**statistical syllogism**: A syllogism that argues, using inductive reasoning, from a generalization true for the most part to a particular case. For example, ""Almost all people are taller than 26 inches. Gareth is a person. Therefore, Gareth is taller than 26 inches.""

Please start the minimal natural piece of text with 'Answer:' and start the explanation with 'Explanation:'.

Thanks very much!","Answer:
Most needles are sharp enough to pierce cotton. This is a standard hand-sewing needle. So it will pierce the cotton. If I push the needle through the fabric and let go, the loose end of the thread will hang downward because gravity pulls it.

Explanation:
- Statistical syllogism: “Most needles are sharp enough to pierce cotton. This is a standard hand-sewing needle. So it will pierce the cotton.”
- Folk physics: “If I push the needle through the fabric and let go, the loose end of the thread will hang downward because gravity pulls it.”","Most needles are sharp enough to pierce cotton. This is a standard hand-sewing needle. So it will pierce the cotton. If I push the needle through the fabric and let go, the loose end of the thread will hang downward because gravity pulls it.",2
"self serving bias, statistical syllogism",Survivalism,"Greetings! I am interested in natural language processing and I was wondering if you could help me generate an example of text that illustrates multiple skills in semantics or syntax. The example should be a minimal natural piece of text with up to a few lines in the context of Survivalism that illustrates all of the following skills: self serving bias, statistical syllogism. Please keep the text as short as possible, and make sure the concepts can be found fully from the text. 

For reference, here are the definitions and examples for the concepts:
**self serving bias**: A cognitive or perceptual process that is distorted by the need to maintain and enhance one’s self esteem. For example, ""If I do well on the exam, it’s because of my academic prowess and hard work. If I do poorly, it’s because the course was poorly taught, and the exam was poorly proctored.""
**statistical syllogism**: A syllogism that argues, using inductive reasoning, from a generalization true for the most part to a particular case. For example, ""Almost all people are taller than 26 inches. Gareth is a person. Therefore, Gareth is taller than 26 inches.""

Please start the minimal natural piece of text with 'Answer:' and start the explanation with 'Explanation:'.

Thanks very much!","Answer: Out here, most preppers thrive after disasters; I’m a prepper, so I’ll likely thrive too. And if our camp falters, it’s only because the weather was freakish and the others didn’t follow my plan.

Explanation:
- Statistical syllogism: “Most preppers thrive after disasters; I’m a prepper; therefore I’ll likely thrive.”
- Self-serving bias: Success attributed to self (“I’ll likely thrive” due to being a prepper), while failure blamed on external factors and others (“weather was freakish” and “the others didn’t follow my plan”).","Out here, most preppers thrive after disasters; I’m a prepper, so I’ll likely thrive too. And if our camp falters, it’s only because the weather was freakish and the others didn’t follow my plan.",2
"self serving bias, statistical syllogism",Dueling,"Greetings! I am interested in natural language processing and I was wondering if you could help me generate an example of text that illustrates multiple skills in semantics or syntax. The example should be a minimal natural piece of text with up to a few lines in the context of Dueling that illustrates all of the following skills: self serving bias, statistical syllogism. Please keep the text as short as possible, and make sure the concepts can be found fully from the text. 

For reference, here are the definitions and examples for the concepts:
**self serving bias**: A cognitive or perceptual process that is distorted by the need to maintain and enhance one’s self esteem. For example, ""If I do well on the exam, it’s because of my academic prowess and hard work. If I do poorly, it’s because the course was poorly taught, and the exam was poorly proctored.""
**statistical syllogism**: A syllogism that argues, using inductive reasoning, from a generalization true for the most part to a particular case. For example, ""Almost all people are taller than 26 inches. Gareth is a person. Therefore, Gareth is taller than 26 inches.""

Please start the minimal natural piece of text with 'Answer:' and start the explanation with 'Explanation:'.

Thanks very much!","Answer: I’m favored to win this duel—almost all champions beat newcomers, and he’s a newcomer. If I win, it’s thanks to my superior skill; if I lose, the referee’s bias and the slippery floor are to blame.

Explanation:
- Self-serving bias: The speaker credits a potential win to their own superior skill but blames a potential loss on external factors (referee’s bias, slippery floor).
- Statistical syllogism: From the generalization “Almost all champions beat newcomers” and the particular “he’s a newcomer,” the speaker infers “I’m favored to win this duel.”","I’m favored to win this duel—almost all champions beat newcomers, and he’s a newcomer. If I win, it’s thanks to my superior skill; if I lose, the referee’s bias and the slippery floor are to blame.",2
"red herring, statistical syllogism",Beekeeping,"Greetings! I am interested in natural language processing and I was wondering if you could help me generate an example of text that illustrates multiple skills in semantics or syntax. The example should be a minimal natural piece of text with up to a few lines in the context of Beekeeping that illustrates all of the following skills: red herring, statistical syllogism. Please keep the text as short as possible, and make sure the concepts can be found fully from the text. 

For reference, here are the definitions and examples for the concepts:
**red herring**: Introducing irrelevant points to detract attention from a question. For example, A member of the press asks the president why they voted to expand a welfare program. The president responds, ""The strength of America is the strength of its communities, and I am proud to make our communities better places.""
**statistical syllogism**: A syllogism that argues, using inductive reasoning, from a generalization true for the most part to a particular case. For example, ""Almost all people are taller than 26 inches. Gareth is a person. Therefore, Gareth is taller than 26 inches.""

Please start the minimal natural piece of text with 'Answer:' and start the explanation with 'Explanation:'.

Thanks very much!","Answer:
“Do most new beekeepers lose a colony their first winter? Almost all first-year hives in this county fail. Mina’s hive is first-year, so it will probably fail. Anyway, the wildflowers look gorgeous this season—did you see the sunrise? Now, about that winter survival rate…”

Explanation:
- Statistical syllogism: “Almost all first-year hives in this county fail. Mina’s hive is first-year, so it will probably fail.”
- Red herring: The sudden shift to irrelevant points (“the wildflowers… the sunrise”) distracts from the question about winter survival.","“Do most new beekeepers lose a colony their first winter? Almost all first-year hives in this county fail. Mina’s hive is first-year, so it will probably fail. Anyway, the wildflowers look gorgeous this season—did you see the sunrise? Now, about that winter survival rate…”",2
"spatial reasoning, statistical syllogism",Survivalism,"Greetings! I am interested in natural language processing and I was wondering if you could help me generate an example of text that illustrates multiple skills in semantics or syntax. The example should be a minimal natural piece of text with up to a few lines in the context of Survivalism that illustrates all of the following skills: spatial reasoning, statistical syllogism. Please keep the text as short as possible, and make sure the concepts can be found fully from the text. 

For reference, here are the definitions and examples for the concepts:
**spatial reasoning**: The capacity to reason about the spatial relationships between objects. For example, The key fit into the box. Using spatial reasoning, one can deduce that the width of the key was smaller than the width of the box.
**statistical syllogism**: A syllogism that argues, using inductive reasoning, from a generalization true for the most part to a particular case. For example, ""Almost all people are taller than 26 inches. Gareth is a person. Therefore, Gareth is taller than 26 inches.""

Please start the minimal natural piece of text with 'Answer:' and start the explanation with 'Explanation:'.

Thanks very much!","Answer:
I hide rations in the cave’s narrow alcove: the pack fits, so it’s thinner than the opening. Most caves here stay at least 10 degrees cooler than the outside; this is a cave here, so it’s likely cooler, making it safer for food storage.

Explanation:
- Spatial reasoning: From “the pack fits” into the “narrow alcove,” we infer the pack’s width is less than the alcove’s opening.
- Statistical syllogism: General rule “Most caves here stay at least 10 degrees cooler than the outside.” Particular case “this is a cave here.” Inductive conclusion “it’s likely cooler,” supporting a survivalist decision about food storage.","I hide rations in the cave’s narrow alcove: the pack fits, so it’s thinner than the opening. Most caves here stay at least 10 degrees cooler than the outside; this is a cave here, so it’s likely cooler, making it safer for food storage.",2
"statistical syllogism, red herring",Sewing,"Greetings! I am interested in natural language processing and I was wondering if you could help me generate an example of text that illustrates multiple skills in semantics or syntax. The example should be a minimal natural piece of text with up to a few lines in the context of Sewing that illustrates all of the following skills: statistical syllogism, red herring. Please keep the text as short as possible, and make sure the concepts can be found fully from the text. 

For reference, here are the definitions and examples for the concepts:
**statistical syllogism**: A syllogism that argues, using inductive reasoning, from a generalization true for the most part to a particular case. For example, ""Almost all people are taller than 26 inches. Gareth is a person. Therefore, Gareth is taller than 26 inches.""
**red herring**: Introducing irrelevant points to detract attention from a question. For example, A member of the press asks the president why they voted to expand a welfare program. The president responds, ""The strength of America is the strength of its communities, and I am proud to make our communities better places.""

Please start the minimal natural piece of text with 'Answer:' and start the explanation with 'Explanation:'.

Thanks very much!","Answer:
“Almost all straight stitches hold seams well; this hem is a straight stitch, so it should hold. But speaking of seams, did you see the new floral fabric on sale? The colors are stunning.”

Explanation:
- Statistical syllogism: “Almost all straight stitches hold seams well; this hem is a straight stitch, so it should hold.” This infers a particular case from a generalization that is true for the most part.
- Red herring: “But speaking of seams, did you see the new floral fabric on sale? The colors are stunning.” This introduces an irrelevant topic (fabric aesthetics and sales) that distracts from the question of the hem’s stitch holding.","“Almost all straight stitches hold seams well; this hem is a straight stitch, so it should hold. But speaking of seams, did you see the new floral fabric on sale? The colors are stunning.”",2
"statistical syllogism, self serving bias",Survivalism,"Greetings! I am interested in natural language processing and I was wondering if you could help me generate an example of text that illustrates multiple skills in semantics or syntax. The example should be a minimal natural piece of text with up to a few lines in the context of Survivalism that illustrates all of the following skills: statistical syllogism, self serving bias. Please keep the text as short as possible, and make sure the concepts can be found fully from the text. 

For reference, here are the definitions and examples for the concepts:
**statistical syllogism**: A syllogism that argues, using inductive reasoning, from a generalization true for the most part to a particular case. For example, ""Almost all people are taller than 26 inches. Gareth is a person. Therefore, Gareth is taller than 26 inches.""
**self serving bias**: A cognitive or perceptual process that is distorted by the need to maintain and enhance one’s self esteem. For example, ""If I do well on the exam, it’s because of my academic prowess and hard work. If I do poorly, it’s because the course was poorly taught, and the exam was poorly proctored.""

Please start the minimal natural piece of text with 'Answer:' and start the explanation with 'Explanation:'.

Thanks very much!","Answer: Almost all rookies panic in their first storm; Caleb is a rookie, so he’ll probably panic. If I kept calm last night, it’s because of my elite bushcraft training—if I froze up, it’s because the wind ruined the radio and the map was useless.

Explanation: 
- Statistical syllogism: “Almost all rookies panic in their first storm; Caleb is a rookie, so he’ll probably panic.” This moves from a generalization about most rookies to a prediction about a specific rookie.
- Self-serving bias: “If I kept calm … it’s because of my elite bushcraft training—if I froze up, it’s because the wind ruined the radio and the map was useless.” Success is attributed to internal skill; failure is blamed on external factors.","Almost all rookies panic in their first storm; Caleb is a rookie, so he’ll probably panic. If I kept calm last night, it’s because of my elite bushcraft training—if I froze up, it’s because the wind ruined the radio and the map was useless.",2
"statistical syllogism, red herring",Urbanism,"Greetings! I am interested in natural language processing and I was wondering if you could help me generate an example of text that illustrates multiple skills in semantics or syntax. The example should be a minimal natural piece of text with up to a few lines in the context of Urbanism that illustrates all of the following skills: statistical syllogism, red herring. Please keep the text as short as possible, and make sure the concepts can be found fully from the text. 

For reference, here are the definitions and examples for the concepts:
**statistical syllogism**: A syllogism that argues, using inductive reasoning, from a generalization true for the most part to a particular case. For example, ""Almost all people are taller than 26 inches. Gareth is a person. Therefore, Gareth is taller than 26 inches.""
**red herring**: Introducing irrelevant points to detract attention from a question. For example, A member of the press asks the president why they voted to expand a welfare program. The president responds, ""The strength of America is the strength of its communities, and I am proud to make our communities better places.""

Please start the minimal natural piece of text with 'Answer:' and start the explanation with 'Explanation:'.

Thanks very much!","Answer:
Almost all downtowns with new bike lanes see reduced car congestion; our city just added bike lanes, so we’ll likely see less congestion. But instead of debating traffic outcomes, can we admire how beautifully the sunset reflects off the new glass towers?

Explanation:
- Statistical syllogism: From the general claim “Almost all downtowns with new bike lanes see reduced car congestion” and the premise “our city just added bike lanes,” it infers the particular conclusion “we’ll likely see less congestion.”
- Red herring: The sudden shift to “admire how beautifully the sunset reflects off the new glass towers” introduces an irrelevant aesthetic point to distract from the traffic outcome discussion.","Almost all downtowns with new bike lanes see reduced car congestion; our city just added bike lanes, so we’ll likely see less congestion. But instead of debating traffic outcomes, can we admire how beautifully the sunset reflects off the new glass towers?",2
"statistical syllogism, spatial reasoning",Dueling,"Greetings! I am interested in natural language processing and I was wondering if you could help me generate an example of text that illustrates multiple skills in semantics or syntax. The example should be a minimal natural piece of text with up to a few lines in the context of Dueling that illustrates all of the following skills: statistical syllogism, spatial reasoning. Please keep the text as short as possible, and make sure the concepts can be found fully from the text. 

For reference, here are the definitions and examples for the concepts:
**statistical syllogism**: A syllogism that argues, using inductive reasoning, from a generalization true for the most part to a particular case. For example, ""Almost all people are taller than 26 inches. Gareth is a person. Therefore, Gareth is taller than 26 inches.""
**spatial reasoning**: The capacity to reason about the spatial relationships between objects. For example, The key fit into the box. Using spatial reasoning, one can deduce that the width of the key was smaller than the width of the box.

Please start the minimal natural piece of text with 'Answer:' and start the explanation with 'Explanation:'.

Thanks very much!","Answer: In the courtyard, most seasoned duelists favor the left side for better footing; Mira is a seasoned duelist, so she takes the left. Her rapier reaches past the center line, but his dagger cannot cross it, so she can strike while staying out of his range.

Explanation:
- Statistical syllogism: “Most seasoned duelists favor the left side… Mira is a seasoned duelist, so she takes the left.”
- Spatial reasoning: “Her rapier reaches past the center line, but his dagger cannot cross it,” allowing the inference that the rapier’s reach is longer than the dagger’s and that she can hit him while remaining beyond his reach.","In the courtyard, most seasoned duelists favor the left side for better footing; Mira is a seasoned duelist, so she takes the left. Her rapier reaches past the center line, but his dagger cannot cross it, so she can strike while staying out of his range.",2
"self serving bias, statistical syllogism",Sewing,"Greetings! I am interested in natural language processing and I was wondering if you could help me generate an example of text that illustrates multiple skills in semantics or syntax. The example should be a minimal natural piece of text with up to a few lines in the context of Sewing that illustrates all of the following skills: self serving bias, statistical syllogism. Please keep the text as short as possible, and make sure the concepts can be found fully from the text. 

For reference, here are the definitions and examples for the concepts:
**self serving bias**: A cognitive or perceptual process that is distorted by the need to maintain and enhance one’s self esteem. For example, ""If I do well on the exam, it’s because of my academic prowess and hard work. If I do poorly, it’s because the course was poorly taught, and the exam was poorly proctored.""
**statistical syllogism**: A syllogism that argues, using inductive reasoning, from a generalization true for the most part to a particular case. For example, ""Almost all people are taller than 26 inches. Gareth is a person. Therefore, Gareth is taller than 26 inches.""

Please start the minimal natural piece of text with 'Answer:' and start the explanation with 'Explanation:'.

Thanks very much!","Answer: I aced the quilt because I’m meticulous with my stitches; last week’s crooked seam was just the machine acting up. Most sewing needles bend after heavy use, and this one’s been through three denim hems; so this needle is probably bent.

Explanation:
- Self-serving bias: The speaker credits success (“I aced the quilt… because I’m meticulous”) to personal skill, but blames failure (“crooked seam”) on an external factor (“the machine acting up”).
- Statistical syllogism: Generalization (“Most sewing needles bend after heavy use”) applied to a particular case (“this one’s been through three denim hems”), leading to a probabilistic conclusion (“so this needle is probably bent”).","I aced the quilt because I’m meticulous with my stitches; last week’s crooked seam was just the machine acting up. Most sewing needles bend after heavy use, and this one’s been through three denim hems; so this needle is probably bent.",2
"red herring, statistical syllogism",Beekeeping,"Greetings! I am interested in natural language processing and I was wondering if you could help me generate an example of text that illustrates multiple skills in semantics or syntax. The example should be a minimal natural piece of text with up to a few lines in the context of Beekeeping that illustrates all of the following skills: red herring, statistical syllogism. Please keep the text as short as possible, and make sure the concepts can be found fully from the text. 

For reference, here are the definitions and examples for the concepts:
**red herring**: Introducing irrelevant points to detract attention from a question. For example, A member of the press asks the president why they voted to expand a welfare program. The president responds, ""The strength of America is the strength of its communities, and I am proud to make our communities better places.""
**statistical syllogism**: A syllogism that argues, using inductive reasoning, from a generalization true for the most part to a particular case. For example, ""Almost all people are taller than 26 inches. Gareth is a person. Therefore, Gareth is taller than 26 inches.""

Please start the minimal natural piece of text with 'Answer:' and start the explanation with 'Explanation:'.

Thanks very much!","Answer:
Beekeeper: Should we move the hives before the storm?
Assistant: Our honey won a blue ribbon last year, and the flowers look lovely today. Anyway, most storms topple exposed hives; this hive is exposed; so it will probably topple. Let’s secure it now.

Explanation:
- Red herring: The assistant diverts from the decision about moving hives by bringing up irrelevant points (“our honey won a blue ribbon,” “the flowers look lovely”).
- Statistical syllogism: From the generalization “Most storms topple exposed hives” and the particular “this hive is exposed,” it infers the likely conclusion “it will probably topple,” applying an inductive generalization to a specific case.","Beekeeper: Should we move the hives before the storm?
Assistant: Our honey won a blue ribbon last year, and the flowers look lovely today. Anyway, most storms topple exposed hives; this hive is exposed; so it will probably topple. Let’s secure it now.",2
"self serving bias, statistical syllogism",Survivalism,"Greetings! I am interested in natural language processing and I was wondering if you could help me generate an example of text that illustrates multiple skills in semantics or syntax. The example should be a minimal natural piece of text with up to a few lines in the context of Survivalism that illustrates all of the following skills: self serving bias, statistical syllogism. Please keep the text as short as possible, and make sure the concepts can be found fully from the text. 

For reference, here are the definitions and examples for the concepts:
**self serving bias**: A cognitive or perceptual process that is distorted by the need to maintain and enhance one’s self esteem. For example, ""If I do well on the exam, it’s because of my academic prowess and hard work. If I do poorly, it’s because the course was poorly taught, and the exam was poorly proctored.""
**statistical syllogism**: A syllogism that argues, using inductive reasoning, from a generalization true for the most part to a particular case. For example, ""Almost all people are taller than 26 inches. Gareth is a person. Therefore, Gareth is taller than 26 inches.""

Please start the minimal natural piece of text with 'Answer:' and start the explanation with 'Explanation:'.

Thanks very much!","Answer: When our shelter stood through the storm, it proved my planning is solid. When the water filter clogged, that was just cheap gear failing. Most preppers stash dry beans; I’m a prepper; so I’m stocking dry beans today.

Explanation:
- Self-serving bias: The speaker credits success (“shelter stood”) to their own planning but blames failure (“filter clogged”) on external factors (“cheap gear”).
- Statistical syllogism: From the generalization “Most preppers stash dry beans” and the particular “I’m a prepper,” the speaker infers the specific action “so I’m stocking dry beans.”","When our shelter stood through the storm, it proved my planning is solid. When the water filter clogged, that was just cheap gear failing. Most preppers stash dry beans; I’m a prepper; so I’m stocking dry beans today.",2
"red herring, statistical syllogism",The Ottoman Empire,"Greetings! I am interested in natural language processing and I was wondering if you could help me generate an example of text that illustrates multiple skills in semantics or syntax. The example should be a minimal natural piece of text with up to a few lines in the context of The Ottoman Empire that illustrates all of the following skills: red herring, statistical syllogism. Please keep the text as short as possible, and make sure the concepts can be found fully from the text. 

For reference, here are the definitions and examples for the concepts:
**red herring**: Introducing irrelevant points to detract attention from a question. For example, A member of the press asks the president why they voted to expand a welfare program. The president responds, ""The strength of America is the strength of its communities, and I am proud to make our communities better places.""
**statistical syllogism**: A syllogism that argues, using inductive reasoning, from a generalization true for the most part to a particular case. For example, ""Almost all people are taller than 26 inches. Gareth is a person. Therefore, Gareth is taller than 26 inches.""

Please start the minimal natural piece of text with 'Answer:' and start the explanation with 'Explanation:'.

Thanks very much!","Answer: Grand Vizier: “Most janissaries are loyal and disciplined; Hasan is a janissary, so he is surely loyal. As for why the treasury is empty—let us celebrate our glorious miniature painters, whose art inspires the empire.”

Explanation:
- Statistical syllogism: “Most janissaries are loyal and disciplined; Hasan is a janissary, so he is surely loyal.” This infers a particular case from a generalization that holds for most.
- Red herring: When asked about the empty treasury, the speaker diverts to praising Ottoman miniature painters, an irrelevant topic that distracts from the financial question.","Grand Vizier: “Most janissaries are loyal and disciplined; Hasan is a janissary, so he is surely loyal. As for why the treasury is empty—let us celebrate our glorious miniature painters, whose art inspires the empire.”",2
"spatial reasoning, statistical syllogism",Urbanism,"Greetings! I am interested in natural language processing and I was wondering if you could help me generate an example of text that illustrates multiple skills in semantics or syntax. The example should be a minimal natural piece of text with up to a few lines in the context of Urbanism that illustrates all of the following skills: spatial reasoning, statistical syllogism. Please keep the text as short as possible, and make sure the concepts can be found fully from the text. 

For reference, here are the definitions and examples for the concepts:
**spatial reasoning**: The capacity to reason about the spatial relationships between objects. For example, The key fit into the box. Using spatial reasoning, one can deduce that the width of the key was smaller than the width of the box.
**statistical syllogism**: A syllogism that argues, using inductive reasoning, from a generalization true for the most part to a particular case. For example, ""Almost all people are taller than 26 inches. Gareth is a person. Therefore, Gareth is taller than 26 inches.""

Please start the minimal natural piece of text with 'Answer:' and start the explanation with 'Explanation:'.

Thanks very much!","Answer:
Most curbside bike racks in this city are within two meters of the curb. This rack is by the curb, so it’s probably within two meters. It sits between the street and the café’s door; since the sidewalk spans three meters from curb to façade, the rack must be closer to the street than to the door.

Explanation:
- Statistical syllogism: “Most curbside bike racks in this city are within two meters of the curb. This rack is by the curb, so it’s probably within two meters.”
- Spatial reasoning: The relation “between the street and the café’s door,” with a sidewalk three meters deep, implies the rack’s distance to the street is less than its distance to the door, concluding it is nearer the street than the door.","Most curbside bike racks in this city are within two meters of the curb. This rack is by the curb, so it’s probably within two meters. It sits between the street and the café’s door; since the sidewalk spans three meters from curb to façade, the rack must be closer to the street than to the door.",2
"folk physics (common knowledge physics), statistical syllogism",Survivalism,"Greetings! I am interested in natural language processing and I was wondering if you could help me generate an example of text that illustrates multiple skills in semantics or syntax. The example should be a minimal natural piece of text with up to a few lines in the context of Survivalism that illustrates all of the following skills: folk physics (common knowledge physics), statistical syllogism. Please keep the text as short as possible, and make sure the concepts can be found fully from the text. 

For reference, here are the definitions and examples for the concepts:
**folk physics (common knowledge physics)**: The untrained human perception of basic physical phenomena. For example, ""If I roll the pen off of the table, it will fall to the floor.""
**statistical syllogism**: A syllogism that argues, using inductive reasoning, from a generalization true for the most part to a particular case. For example, ""Almost all people are taller than 26 inches. Gareth is a person. Therefore, Gareth is taller than 26 inches.""

Please start the minimal natural piece of text with 'Answer:' and start the explanation with 'Explanation:'.

Thanks very much!","Answer:
The wind is picking up; if I let go of the tarp, it will blow away. Most wild berries around here are edible, and this bush looks like the kind locals eat, so I’ll try one carefully.

Explanation:
- Folk physics: “The wind is picking up; if I let go of the tarp, it will blow away” invokes intuitive physics about wind force and objects becoming airborne when not secured.
- Statistical syllogism: “Most wild berries around here are edible. This bush looks like the kind locals eat. Therefore, I’ll try one carefully” applies a general probabilistic claim (most are edible) to a particular instance (these berries), leading to a tentative action.","The wind is picking up; if I let go of the tarp, it will blow away. Most wild berries around here are edible, and this bush looks like the kind locals eat, so I’ll try one carefully.",2
"statistical syllogism, self serving bias",Sewing,"Greetings! I am interested in natural language processing and I was wondering if you could help me generate an example of text that illustrates multiple skills in semantics or syntax. The example should be a minimal natural piece of text with up to a few lines in the context of Sewing that illustrates all of the following skills: statistical syllogism, self serving bias. Please keep the text as short as possible, and make sure the concepts can be found fully from the text. 

For reference, here are the definitions and examples for the concepts:
**statistical syllogism**: A syllogism that argues, using inductive reasoning, from a generalization true for the most part to a particular case. For example, ""Almost all people are taller than 26 inches. Gareth is a person. Therefore, Gareth is taller than 26 inches.""
**self serving bias**: A cognitive or perceptual process that is distorted by the need to maintain and enhance one’s self esteem. For example, ""If I do well on the exam, it’s because of my academic prowess and hard work. If I do poorly, it’s because the course was poorly taught, and the exam was poorly proctored.""

Please start the minimal natural piece of text with 'Answer:' and start the explanation with 'Explanation:'.

Thanks very much!","Answer: Most quilts turn out neat when stitched with even tension; I’m stitching with even tension, so my quilt will be neat. If the hem looks perfect, it’s because I have great technique; if it puckers, it’s only because this fabric is fussy.

Explanation: The first sentence is a statistical syllogism: it applies a general tendency (“Most quilts turn out neat when stitched with even tension”) to a specific case (“I’m stitching with even tension, so my quilt will be neat”). The second sentence shows self serving bias: success is attributed to personal skill (“great technique”), while failure is blamed on external factors (“this fabric is fussy”).","Most quilts turn out neat when stitched with even tension; I’m stitching with even tension, so my quilt will be neat. If the hem looks perfect, it’s because I have great technique; if it puckers, it’s only because this fabric is fussy.",2
"statistical syllogism, folk physics (common knowledge physics)",Survivalism,"Greetings! I am interested in natural language processing and I was wondering if you could help me generate an example of text that illustrates multiple skills in semantics or syntax. The example should be a minimal natural piece of text with up to a few lines in the context of Survivalism that illustrates all of the following skills: statistical syllogism, folk physics (common knowledge physics). Please keep the text as short as possible, and make sure the concepts can be found fully from the text. 

For reference, here are the definitions and examples for the concepts:
**statistical syllogism**: A syllogism that argues, using inductive reasoning, from a generalization true for the most part to a particular case. For example, ""Almost all people are taller than 26 inches. Gareth is a person. Therefore, Gareth is taller than 26 inches.""
**folk physics (common knowledge physics)**: The untrained human perception of basic physical phenomena. For example, ""If I roll the pen off of the table, it will fall to the floor.""

Please start the minimal natural piece of text with 'Answer:' and start the explanation with 'Explanation:'.

Thanks very much!","Answer: Out here, most dry twigs snap easily when bent. This twig is dry, so it should snap for kindling. If I prop the pot over the flames, the heat will rise and boil the water.

Explanation: 
- Statistical syllogism: “Most dry twigs snap easily when bent. This twig is dry, so it should snap” reasons from a general tendency to a particular case.
- Folk physics: “If I prop the pot over the flames, the heat will rise and boil the water” relies on common-sense physics about heat rising and causing boiling.","Out here, most dry twigs snap easily when bent. This twig is dry, so it should snap for kindling. If I prop the pot over the flames, the heat will rise and boil the water.",2
"red herring, statistical syllogism",Dueling,"Greetings! I am interested in natural language processing and I was wondering if you could help me generate an example of text that illustrates multiple skills in semantics or syntax. The example should be a minimal natural piece of text with up to a few lines in the context of Dueling that illustrates all of the following skills: red herring, statistical syllogism. Please keep the text as short as possible, and make sure the concepts can be found fully from the text. 

For reference, here are the definitions and examples for the concepts:
**red herring**: Introducing irrelevant points to detract attention from a question. For example, A member of the press asks the president why they voted to expand a welfare program. The president responds, ""The strength of America is the strength of its communities, and I am proud to make our communities better places.""
**statistical syllogism**: A syllogism that argues, using inductive reasoning, from a generalization true for the most part to a particular case. For example, ""Almost all people are taller than 26 inches. Gareth is a person. Therefore, Gareth is taller than 26 inches.""

Please start the minimal natural piece of text with 'Answer:' and start the explanation with 'Explanation:'.

Thanks very much!","Answer:
Challenger: Why did you refuse the duel at dawn?
Duelist: The town loves sunrise festivals and the baker’s scones sell out by morning—have you tried them?
Challenger: Most duelists accept dawn challenges; I am a duelist; so I should accept this one.

Explanation:
- Red herring: The Duelist responds with irrelevant points about festivals and scones to distract from the question of why they refused the duel.
- Statistical syllogism: The Challenger infers from the generalization “Most duelists accept dawn challenges” to the particular case “I am a duelist; therefore I should accept this one.”","Challenger: Why did you refuse the duel at dawn?
Duelist: The town loves sunrise festivals and the baker’s scones sell out by morning—have you tried them?
Challenger: Most duelists accept dawn challenges; I am a duelist; so I should accept this one.",2
"spatial reasoning, statistical syllogism",Dueling,"Greetings! I am interested in natural language processing and I was wondering if you could help me generate an example of text that illustrates multiple skills in semantics or syntax. The example should be a minimal natural piece of text with up to a few lines in the context of Dueling that illustrates all of the following skills: spatial reasoning, statistical syllogism. Please keep the text as short as possible, and make sure the concepts can be found fully from the text. 

For reference, here are the definitions and examples for the concepts:
**spatial reasoning**: The capacity to reason about the spatial relationships between objects. For example, The key fit into the box. Using spatial reasoning, one can deduce that the width of the key was smaller than the width of the box.
**statistical syllogism**: A syllogism that argues, using inductive reasoning, from a generalization true for the most part to a particular case. For example, ""Almost all people are taller than 26 inches. Gareth is a person. Therefore, Gareth is taller than 26 inches.""

Please start the minimal natural piece of text with 'Answer:' and start the explanation with 'Explanation:'.

Thanks very much!","Answer: The ring is narrow; only a sword thinner than a clenched fist can pass between the pillars. Most duelists favor light rapiers in such arenas. Mira is a duelist here and carries a rapier, so her blade should slip through the gap as she circles her foe.

Explanation:
- Spatial reasoning: From “only a sword thinner than a clenched fist can pass between the pillars” and “her blade should slip through the gap,” one infers the rapier’s width is less than the gap set by a clenched fist and thus can physically fit between the pillars during movement.
- Statistical syllogism: From the generalization “Most duelists favor light rapiers in such arenas,” and the fact “Mira is a duelist here,” it inductively concludes that Mira carries a rapier.","The ring is narrow; only a sword thinner than a clenched fist can pass between the pillars. Most duelists favor light rapiers in such arenas. Mira is a duelist here and carries a rapier, so her blade should slip through the gap as she circles her foe.",2
"statistical syllogism, self serving bias",Dueling,"Greetings! I am interested in natural language processing and I was wondering if you could help me generate an example of text that illustrates multiple skills in semantics or syntax. The example should be a minimal natural piece of text with up to a few lines in the context of Dueling that illustrates all of the following skills: statistical syllogism, self serving bias. Please keep the text as short as possible, and make sure the concepts can be found fully from the text. 

For reference, here are the definitions and examples for the concepts:
**statistical syllogism**: A syllogism that argues, using inductive reasoning, from a generalization true for the most part to a particular case. For example, ""Almost all people are taller than 26 inches. Gareth is a person. Therefore, Gareth is taller than 26 inches.""
**self serving bias**: A cognitive or perceptual process that is distorted by the need to maintain and enhance one’s self esteem. For example, ""If I do well on the exam, it’s because of my academic prowess and hard work. If I do poorly, it’s because the course was poorly taught, and the exam was poorly proctored.""

Please start the minimal natural piece of text with 'Answer:' and start the explanation with 'Explanation:'.

Thanks very much!","Answer:
“Most seasoned duelists win their matches. I’m a duelist, so I’ll likely win today. And if I do win, it’s thanks to my superior technique; if I somehow lose, it’ll be because the arena was slippery and the judge was biased.”

Explanation:
- Statistical syllogism: “Most seasoned duelists win their matches. I’m a duelist, so I’ll likely win today.” This moves from a generalization (most seasoned duelists win) to a particular case (the speaker will likely win).
- Self-serving bias: “If I do win, it’s thanks to my superior technique; if I somehow lose, it’ll be because the arena was slippery and the judge was biased.” Success is attributed to internal factors, while failure is attributed to external factors.","“Most seasoned duelists win their matches. I’m a duelist, so I’ll likely win today. And if I do win, it’s thanks to my superior technique; if I somehow lose, it’ll be because the arena was slippery and the judge was biased.”",2
"statistical syllogism, folk physics (common knowledge physics)",Urbanism,"Greetings! I am interested in natural language processing and I was wondering if you could help me generate an example of text that illustrates multiple skills in semantics or syntax. The example should be a minimal natural piece of text with up to a few lines in the context of Urbanism that illustrates all of the following skills: statistical syllogism, folk physics (common knowledge physics). Please keep the text as short as possible, and make sure the concepts can be found fully from the text. 

For reference, here are the definitions and examples for the concepts:
**statistical syllogism**: A syllogism that argues, using inductive reasoning, from a generalization true for the most part to a particular case. For example, ""Almost all people are taller than 26 inches. Gareth is a person. Therefore, Gareth is taller than 26 inches.""
**folk physics (common knowledge physics)**: The untrained human perception of basic physical phenomena. For example, ""If I roll the pen off of the table, it will fall to the floor.""

Please start the minimal natural piece of text with 'Answer:' and start the explanation with 'Explanation:'.

Thanks very much!","Answer: In our city, most apartment blocks over five stories use elevators. This new six-story infill on Maple is an apartment block, so it probably has an elevator. And if a bike rolls off its balcony, it will fall to the sidewalk.

Explanation:
- Statistical syllogism: “Most apartment blocks over five stories use elevators. This new six-story infill on Maple is an apartment block, so it probably has an elevator.”
- Folk physics: “If a bike rolls off its balcony, it will fall to the sidewalk.”","In our city, most apartment blocks over five stories use elevators. This new six-story infill on Maple is an apartment block, so it probably has an elevator. And if a bike rolls off its balcony, it will fall to the sidewalk.",2
"statistical syllogism, red herring",Guerilla warfare,"Greetings! I am interested in natural language processing and I was wondering if you could help me generate an example of text that illustrates multiple skills in semantics or syntax. The example should be a minimal natural piece of text with up to a few lines in the context of Guerilla warfare that illustrates all of the following skills: statistical syllogism, red herring. Please keep the text as short as possible, and make sure the concepts can be found fully from the text. 

For reference, here are the definitions and examples for the concepts:
**statistical syllogism**: A syllogism that argues, using inductive reasoning, from a generalization true for the most part to a particular case. For example, ""Almost all people are taller than 26 inches. Gareth is a person. Therefore, Gareth is taller than 26 inches.""
**red herring**: Introducing irrelevant points to detract attention from a question. For example, A member of the press asks the president why they voted to expand a welfare program. The president responds, ""The strength of America is the strength of its communities, and I am proud to make our communities better places.""

Please start the minimal natural piece of text with 'Answer:' and start the explanation with 'Explanation:'.

Thanks very much!","Answer:
“Most villages here secretly aid our guerrillas. Marta is from San Isidro, so she’ll likely help us. Anyway, the real issue is that the sunset paints the hills a glorious gold—have you ever seen such colors? Now, about tonight’s supply route…”

Explanation:
- Statistical syllogism: “Most villages here secretly aid our guerrillas. Marta is from San Isidro, so she’ll likely help us.” This infers a particular (Marta) from a generalization that holds for most cases.
- Red herring: “Anyway, the real issue is that the sunset paints the hills a glorious gold—have you ever seen such colors?” This introduces irrelevant scenic remarks to distract from the operational question.","“Most villages here secretly aid our guerrillas. Marta is from San Isidro, so she’ll likely help us. Anyway, the real issue is that the sunset paints the hills a glorious gold—have you ever seen such colors? Now, about tonight’s supply route…”",2
"statistical syllogism, folk physics (common knowledge physics)",Urbanism,"Greetings! I am interested in natural language processing and I was wondering if you could help me generate an example of text that illustrates multiple skills in semantics or syntax. The example should be a minimal natural piece of text with up to a few lines in the context of Urbanism that illustrates all of the following skills: statistical syllogism, folk physics (common knowledge physics). Please keep the text as short as possible, and make sure the concepts can be found fully from the text. 

For reference, here are the definitions and examples for the concepts:
**statistical syllogism**: A syllogism that argues, using inductive reasoning, from a generalization true for the most part to a particular case. For example, ""Almost all people are taller than 26 inches. Gareth is a person. Therefore, Gareth is taller than 26 inches.""
**folk physics (common knowledge physics)**: The untrained human perception of basic physical phenomena. For example, ""If I roll the pen off of the table, it will fall to the floor.""

Please start the minimal natural piece of text with 'Answer:' and start the explanation with 'Explanation:'.

Thanks very much!","Answer: In most cities, nearly every bus arrives within ten minutes at rush hour; this stop is in the city, so this bus should arrive soon. If the curb is sloped, the unattended scooter will roll downhill unless someone blocks a wheel.

Explanation: 
- Statistical syllogism: The text generalizes “In most cities, nearly every bus arrives within ten minutes at rush hour,” identifies a particular case “this stop is in the city,” and infers “this bus should arrive soon.”
- Folk physics: It invokes everyday physical reasoning that a wheeled scooter on a slope will roll downhill unless a wheel is blocked.","In most cities, nearly every bus arrives within ten minutes at rush hour; this stop is in the city, so this bus should arrive soon. If the curb is sloped, the unattended scooter will roll downhill unless someone blocks a wheel.",2
"statistical syllogism, self serving bias",Dueling,"Greetings! I am interested in natural language processing and I was wondering if you could help me generate an example of text that illustrates multiple skills in semantics or syntax. The example should be a minimal natural piece of text with up to a few lines in the context of Dueling that illustrates all of the following skills: statistical syllogism, self serving bias. Please keep the text as short as possible, and make sure the concepts can be found fully from the text. 

For reference, here are the definitions and examples for the concepts:
**statistical syllogism**: A syllogism that argues, using inductive reasoning, from a generalization true for the most part to a particular case. For example, ""Almost all people are taller than 26 inches. Gareth is a person. Therefore, Gareth is taller than 26 inches.""
**self serving bias**: A cognitive or perceptual process that is distorted by the need to maintain and enhance one’s self esteem. For example, ""If I do well on the exam, it’s because of my academic prowess and hard work. If I do poorly, it’s because the course was poorly taught, and the exam was poorly proctored.""

Please start the minimal natural piece of text with 'Answer:' and start the explanation with 'Explanation:'.

Thanks very much!","Answer:
""Most seasoned duelists win their matches. I’m a seasoned duelist, so I’ll likely win today. And if I do, it’s thanks to my skill; if I lose, it’s only because the arena’s footing is unfair.""

Explanation:
- Statistical syllogism: “Most seasoned duelists win their matches. I’m a seasoned duelist, so I’ll likely win today.” This infers a particular outcome from a general trend.
- Self-serving bias: “If I win, it’s thanks to my skill; if I lose, it’s only because the arena’s footing is unfair.” Success is attributed internally to ability; failure is attributed externally to situational factors.","""Most seasoned duelists win their matches. I’m a seasoned duelist, so I’ll likely win today. And if I do, it’s thanks to my skill; if I lose, it’s only because the arena’s footing is unfair.""",2
"statistical syllogism, spatial reasoning",The Ottoman Empire,"Greetings! I am interested in natural language processing and I was wondering if you could help me generate an example of text that illustrates multiple skills in semantics or syntax. The example should be a minimal natural piece of text with up to a few lines in the context of The Ottoman Empire that illustrates all of the following skills: statistical syllogism, spatial reasoning. Please keep the text as short as possible, and make sure the concepts can be found fully from the text. 

For reference, here are the definitions and examples for the concepts:
**statistical syllogism**: A syllogism that argues, using inductive reasoning, from a generalization true for the most part to a particular case. For example, ""Almost all people are taller than 26 inches. Gareth is a person. Therefore, Gareth is taller than 26 inches.""
**spatial reasoning**: The capacity to reason about the spatial relationships between objects. For example, The key fit into the box. Using spatial reasoning, one can deduce that the width of the key was smaller than the width of the box.

Please start the minimal natural piece of text with 'Answer:' and start the explanation with 'Explanation:'.

Thanks very much!","Answer:
Most Janissaries carry scimitars. Mehmed is a Janissary, so he likely carries a scimitar. He tucked it at his left hip and passed through the palace’s narrow door, scabbard brushing the frame.

Explanation:
- Statistical syllogism: “Most Janissaries carry scimitars. Mehmed is a Janissary, so he likely carries a scimitar.”
- Spatial reasoning: Passing through a narrow door with the scabbard brushing the frame implies the combined width of Mehmed plus scabbard was slightly less than the doorway; the contact (“brushing”) indicates close spatial fit and relative positions (scabbard at left hip near the frame).","Most Janissaries carry scimitars. Mehmed is a Janissary, so he likely carries a scimitar. He tucked it at his left hip and passed through the palace’s narrow door, scabbard brushing the frame.",2
"folk physics (common knowledge physics), statistical syllogism",Sewing,"Greetings! I am interested in natural language processing and I was wondering if you could help me generate an example of text that illustrates multiple skills in semantics or syntax. The example should be a minimal natural piece of text with up to a few lines in the context of Sewing that illustrates all of the following skills: folk physics (common knowledge physics), statistical syllogism. Please keep the text as short as possible, and make sure the concepts can be found fully from the text. 

For reference, here are the definitions and examples for the concepts:
**folk physics (common knowledge physics)**: The untrained human perception of basic physical phenomena. For example, ""If I roll the pen off of the table, it will fall to the floor.""
**statistical syllogism**: A syllogism that argues, using inductive reasoning, from a generalization true for the most part to a particular case. For example, ""Almost all people are taller than 26 inches. Gareth is a person. Therefore, Gareth is taller than 26 inches.""

Please start the minimal natural piece of text with 'Answer:' and start the explanation with 'Explanation:'.

Thanks very much!","Answer: The pin will drop to the floor if I knock it off the table. Most cotton threads fray when rubbed; this spool is cotton, so it will likely fray. I’ll wax the thread to reduce fraying before I stitch.

Explanation: 
- Folk physics: “The pin will drop to the floor if I knock it off the table” reflects basic physical causation and gravity.
- Statistical syllogism: “Most cotton threads fray when rubbed; this spool is cotton, so it will likely fray” moves from a general tendency about cotton threads to a likely conclusion about a particular cotton spool.","The pin will drop to the floor if I knock it off the table. Most cotton threads fray when rubbed; this spool is cotton, so it will likely fray. I’ll wax the thread to reduce fraying before I stitch.",2
"statistical syllogism, spatial reasoning",Beekeeping,"Greetings! I am interested in natural language processing and I was wondering if you could help me generate an example of text that illustrates multiple skills in semantics or syntax. The example should be a minimal natural piece of text with up to a few lines in the context of Beekeeping that illustrates all of the following skills: statistical syllogism, spatial reasoning. Please keep the text as short as possible, and make sure the concepts can be found fully from the text. 

For reference, here are the definitions and examples for the concepts:
**statistical syllogism**: A syllogism that argues, using inductive reasoning, from a generalization true for the most part to a particular case. For example, ""Almost all people are taller than 26 inches. Gareth is a person. Therefore, Gareth is taller than 26 inches.""
**spatial reasoning**: The capacity to reason about the spatial relationships between objects. For example, The key fit into the box. Using spatial reasoning, one can deduce that the width of the key was smaller than the width of the box.

Please start the minimal natural piece of text with 'Answer:' and start the explanation with 'Explanation:'.

Thanks very much!","Answer: Most hive entrances are narrower than a mouse’s shoulders. This entrance is typical, and a mouse is at the barn door. So the mouse won’t fit through the hive entrance. I’ll place the feeder above the brood box and below the honey supers to keep syrup warm and out of robbers’ reach.

Explanation: 
- Statistical syllogism: “Most hive entrances are narrower than a mouse’s shoulders” (generalization). “This entrance is typical” (case belongs to the general class). Therefore, “the mouse won’t fit through the hive entrance” (probable conclusion about the particular case).
- Spatial reasoning: From “entrance narrower than a mouse’s shoulders,” we infer the mouse cannot pass through the entrance because the mouse’s width exceeds the entrance width. The feeder placement “above the brood box and below the honey supers” also uses spatial relations among hive components.","Most hive entrances are narrower than a mouse’s shoulders. This entrance is typical, and a mouse is at the barn door. So the mouse won’t fit through the hive entrance. I’ll place the feeder above the brood box and below the honey supers to keep syrup warm and out of robbers’ reach.",2
"statistical syllogism, folk physics (common knowledge physics)",Dueling,"Greetings! I am interested in natural language processing and I was wondering if you could help me generate an example of text that illustrates multiple skills in semantics or syntax. The example should be a minimal natural piece of text with up to a few lines in the context of Dueling that illustrates all of the following skills: statistical syllogism, folk physics (common knowledge physics). Please keep the text as short as possible, and make sure the concepts can be found fully from the text. 

For reference, here are the definitions and examples for the concepts:
**statistical syllogism**: A syllogism that argues, using inductive reasoning, from a generalization true for the most part to a particular case. For example, ""Almost all people are taller than 26 inches. Gareth is a person. Therefore, Gareth is taller than 26 inches.""
**folk physics (common knowledge physics)**: The untrained human perception of basic physical phenomena. For example, ""If I roll the pen off of the table, it will fall to the floor.""

Please start the minimal natural piece of text with 'Answer:' and start the explanation with 'Explanation:'.

Thanks very much!","Answer:
Most duelists draw blood in the first exchange; my opponent is a duelist, so I brace to be cut. I keep my blade low because if I parry high, his heavy sword will knock mine aside and my arm will swing back. Steel is heavier than air, so when he misses and overextends, his tip drops toward the ground.

Explanation:
- Statistical syllogism: “Most duelists draw blood in the first exchange; my opponent is a duelist, so I brace to be cut.” This infers a particular outcome from a generalization that is true for most cases.
- Folk physics: “If I parry high, his heavy sword will knock mine aside and my arm will swing back” and “Steel is heavier than air, so when he misses and overextends, his tip drops toward the ground.” These statements use everyday physical intuition about weight, force, and gravity.","Most duelists draw blood in the first exchange; my opponent is a duelist, so I brace to be cut. I keep my blade low because if I parry high, his heavy sword will knock mine aside and my arm will swing back. Steel is heavier than air, so when he misses and overextends, his tip drops toward the ground.",2
"self serving bias, statistical syllogism",Dueling,"Greetings! I am interested in natural language processing and I was wondering if you could help me generate an example of text that illustrates multiple skills in semantics or syntax. The example should be a minimal natural piece of text with up to a few lines in the context of Dueling that illustrates all of the following skills: self serving bias, statistical syllogism. Please keep the text as short as possible, and make sure the concepts can be found fully from the text. 

For reference, here are the definitions and examples for the concepts:
**self serving bias**: A cognitive or perceptual process that is distorted by the need to maintain and enhance one’s self esteem. For example, ""If I do well on the exam, it’s because of my academic prowess and hard work. If I do poorly, it’s because the course was poorly taught, and the exam was poorly proctored.""
**statistical syllogism**: A syllogism that argues, using inductive reasoning, from a generalization true for the most part to a particular case. For example, ""Almost all people are taller than 26 inches. Gareth is a person. Therefore, Gareth is taller than 26 inches.""

Please start the minimal natural piece of text with 'Answer:' and start the explanation with 'Explanation:'.

Thanks very much!","Answer: 
“I’ll win this duel—most seasoned duelists prevail, and I’m a seasoned duelist. If I do win, it’ll be due to my superior skill; if I somehow lose, it’ll only be because the sun was in my eyes and the judge was biased.”

Explanation:
- Statistical syllogism: “Most seasoned duelists prevail, and I’m a seasoned duelist. Therefore, I’ll win.” This moves from a probabilistic generalization to a particular case.
- Self-serving bias: Success attributed internally (“due to my superior skill”) while potential failure is blamed on external factors (“the sun” and “the judge”).","“I’ll win this duel—most seasoned duelists prevail, and I’m a seasoned duelist. If I do win, it’ll be due to my superior skill; if I somehow lose, it’ll only be because the sun was in my eyes and the judge was biased.”",2
"statistical syllogism, self serving bias",Guerilla warfare,"Greetings! I am interested in natural language processing and I was wondering if you could help me generate an example of text that illustrates multiple skills in semantics or syntax. The example should be a minimal natural piece of text with up to a few lines in the context of Guerilla warfare that illustrates all of the following skills: statistical syllogism, self serving bias. Please keep the text as short as possible, and make sure the concepts can be found fully from the text. 

For reference, here are the definitions and examples for the concepts:
**statistical syllogism**: A syllogism that argues, using inductive reasoning, from a generalization true for the most part to a particular case. For example, ""Almost all people are taller than 26 inches. Gareth is a person. Therefore, Gareth is taller than 26 inches.""
**self serving bias**: A cognitive or perceptual process that is distorted by the need to maintain and enhance one’s self esteem. For example, ""If I do well on the exam, it’s because of my academic prowess and hard work. If I do poorly, it’s because the course was poorly taught, and the exam was poorly proctored.""

Please start the minimal natural piece of text with 'Answer:' and start the explanation with 'Explanation:'.

Thanks very much!","Answer: In the hills, almost all villagers shelter insurgents; this farmer is a villager, so he’s likely hiding our target. If today’s ambush succeeds, it’s because of my planning; if it fails, it’ll be the terrain and faulty intel.

Explanation:
- Statistical syllogism: “Almost all villagers shelter insurgents; this farmer is a villager, so he’s likely hiding our target.” This infers a particular from a high-frequency generalization.
- Self-serving bias: “If today’s ambush succeeds, it’s because of my planning; if it fails, it’ll be the terrain and faulty intel.” Success is attributed internally (skill), failure externally (situational factors).","In the hills, almost all villagers shelter insurgents; this farmer is a villager, so he’s likely hiding our target. If today’s ambush succeeds, it’s because of my planning; if it fails, it’ll be the terrain and faulty intel.",2
"red herring, statistical syllogism",Urbanism,"Greetings! I am interested in natural language processing and I was wondering if you could help me generate an example of text that illustrates multiple skills in semantics or syntax. The example should be a minimal natural piece of text with up to a few lines in the context of Urbanism that illustrates all of the following skills: red herring, statistical syllogism. Please keep the text as short as possible, and make sure the concepts can be found fully from the text. 

For reference, here are the definitions and examples for the concepts:
**red herring**: Introducing irrelevant points to detract attention from a question. For example, A member of the press asks the president why they voted to expand a welfare program. The president responds, ""The strength of America is the strength of its communities, and I am proud to make our communities better places.""
**statistical syllogism**: A syllogism that argues, using inductive reasoning, from a generalization true for the most part to a particular case. For example, ""Almost all people are taller than 26 inches. Gareth is a person. Therefore, Gareth is taller than 26 inches.""

Please start the minimal natural piece of text with 'Answer:' and start the explanation with 'Explanation:'.

Thanks very much!","Answer:
Reporter: Why did you back the rezoning that may raise rents?
Planner: Our city’s soul lives in its murals—did you see the new waterfront art festival?
Also, almost all transit-oriented districts boost small-business foot traffic; Maple Square is a transit-oriented district; therefore Maple Square will boost small-business foot traffic.

Explanation:
- Red herring: The planner diverts from the rezoning/rent question by talking about murals and an art festival, which is irrelevant to the concern raised.
- Statistical syllogism: From the generalization “Almost all transit-oriented districts boost small-business foot traffic” and the premise “Maple Square is a transit-oriented district,” it concludes that Maple Square will boost small-business foot traffic.","Reporter: Why did you back the rezoning that may raise rents?
Planner: Our city’s soul lives in its murals—did you see the new waterfront art festival?
Also, almost all transit-oriented districts boost small-business foot traffic; Maple Square is a transit-oriented district; therefore Maple Square will boost small-business foot traffic.",2
"self serving bias, statistical syllogism",The Ottoman Empire,"Greetings! I am interested in natural language processing and I was wondering if you could help me generate an example of text that illustrates multiple skills in semantics or syntax. The example should be a minimal natural piece of text with up to a few lines in the context of The Ottoman Empire that illustrates all of the following skills: self serving bias, statistical syllogism. Please keep the text as short as possible, and make sure the concepts can be found fully from the text. 

For reference, here are the definitions and examples for the concepts:
**self serving bias**: A cognitive or perceptual process that is distorted by the need to maintain and enhance one’s self esteem. For example, ""If I do well on the exam, it’s because of my academic prowess and hard work. If I do poorly, it’s because the course was poorly taught, and the exam was poorly proctored.""
**statistical syllogism**: A syllogism that argues, using inductive reasoning, from a generalization true for the most part to a particular case. For example, ""Almost all people are taller than 26 inches. Gareth is a person. Therefore, Gareth is taller than 26 inches.""

Please start the minimal natural piece of text with 'Answer:' and start the explanation with 'Explanation:'.

Thanks very much!","Answer: Most janissaries flourish after campaigns; I am a janissary, so I shall flourish. And if our raid failed, it was the vizier’s muddled orders—not my strategy—that doomed it.

Explanation:
- Statistical syllogism: “Most janissaries flourish after campaigns; I am a janissary, so I shall flourish.” This moves from a generalization about most members of a class (janissaries) to a conclusion about a particular member (the speaker).
- Self-serving bias: “If our raid failed, it was the vizier’s muddled orders—not my strategy—that doomed it.” The speaker attributes failure to external factors (the vizier) rather than to themselves, protecting self-esteem in the Ottoman military context.","Most janissaries flourish after campaigns; I am a janissary, so I shall flourish. And if our raid failed, it was the vizier’s muddled orders—not my strategy—that doomed it.",2
"statistical syllogism, red herring",Dueling,"Greetings! I am interested in natural language processing and I was wondering if you could help me generate an example of text that illustrates multiple skills in semantics or syntax. The example should be a minimal natural piece of text with up to a few lines in the context of Dueling that illustrates all of the following skills: statistical syllogism, red herring. Please keep the text as short as possible, and make sure the concepts can be found fully from the text. 

For reference, here are the definitions and examples for the concepts:
**statistical syllogism**: A syllogism that argues, using inductive reasoning, from a generalization true for the most part to a particular case. For example, ""Almost all people are taller than 26 inches. Gareth is a person. Therefore, Gareth is taller than 26 inches.""
**red herring**: Introducing irrelevant points to detract attention from a question. For example, A member of the press asks the president why they voted to expand a welfare program. The president responds, ""The strength of America is the strength of its communities, and I am proud to make our communities better places.""

Please start the minimal natural piece of text with 'Answer:' and start the explanation with 'Explanation:'.

Thanks very much!","Answer:
“Almost every duelist at this tournament wins their first bout. Rina is a duelist here, so she’ll probably win her first. Anyway, did you notice how her cloak is embroidered with phoenixes? The thread is imported silk—it gleams under torchlight.”

Explanation:
- Statistical syllogism: “Almost every duelist at this tournament wins their first bout. Rina is a duelist here, so she’ll probably win her first.” This infers a particular from a general tendency.
- Red herring: “Anyway, did you notice how her cloak is embroidered with phoenixes? The thread is imported silk—it gleams under torchlight.” This shifts attention from Rina’s likely victory (the relevant question) to irrelevant details about her clothing.","“Almost every duelist at this tournament wins their first bout. Rina is a duelist here, so she’ll probably win her first. Anyway, did you notice how her cloak is embroidered with phoenixes? The thread is imported silk—it gleams under torchlight.”",2
"self serving bias, statistical syllogism",Beekeeping,"Greetings! I am interested in natural language processing and I was wondering if you could help me generate an example of text that illustrates multiple skills in semantics or syntax. The example should be a minimal natural piece of text with up to a few lines in the context of Beekeeping that illustrates all of the following skills: self serving bias, statistical syllogism. Please keep the text as short as possible, and make sure the concepts can be found fully from the text. 

For reference, here are the definitions and examples for the concepts:
**self serving bias**: A cognitive or perceptual process that is distorted by the need to maintain and enhance one’s self esteem. For example, ""If I do well on the exam, it’s because of my academic prowess and hard work. If I do poorly, it’s because the course was poorly taught, and the exam was poorly proctored.""
**statistical syllogism**: A syllogism that argues, using inductive reasoning, from a generalization true for the most part to a particular case. For example, ""Almost all people are taller than 26 inches. Gareth is a person. Therefore, Gareth is taller than 26 inches.""

Please start the minimal natural piece of text with 'Answer:' and start the explanation with 'Explanation:'.

Thanks very much!","Answer: I’m a great beekeeper—my hives thrived because I managed them expertly; last year’s losses were just due to freak weather. Almost all colonies headed by young queens overwinter well; this hive has a young queen, so it should overwinter well.

Explanation:
- Self-serving bias: The speaker credits success (“my hives thrived”) to personal skill (“I managed them expertly”) and blames failure (“last year’s losses”) on external factors (“freak weather”).
- Statistical syllogism: From the generalization (“Almost all colonies headed by young queens overwinter well”) and the particular case (“this hive has a young queen”), the speaker concludes the likely outcome for that specific hive (“so it should overwinter well”).","I’m a great beekeeper—my hives thrived because I managed them expertly; last year’s losses were just due to freak weather. Almost all colonies headed by young queens overwinter well; this hive has a young queen, so it should overwinter well.",2
"folk physics (common knowledge physics), statistical syllogism",Urbanism,"Greetings! I am interested in natural language processing and I was wondering if you could help me generate an example of text that illustrates multiple skills in semantics or syntax. The example should be a minimal natural piece of text with up to a few lines in the context of Urbanism that illustrates all of the following skills: folk physics (common knowledge physics), statistical syllogism. Please keep the text as short as possible, and make sure the concepts can be found fully from the text. 

For reference, here are the definitions and examples for the concepts:
**folk physics (common knowledge physics)**: The untrained human perception of basic physical phenomena. For example, ""If I roll the pen off of the table, it will fall to the floor.""
**statistical syllogism**: A syllogism that argues, using inductive reasoning, from a generalization true for the most part to a particular case. For example, ""Almost all people are taller than 26 inches. Gareth is a person. Therefore, Gareth is taller than 26 inches.""

Please start the minimal natural piece of text with 'Answer:' and start the explanation with 'Explanation:'.

Thanks very much!","Answer: Most bike lanes in this city are painted green, so this new lane is probably green. If we don’t bolt the traffic-calming bollard to the curb, passing trucks will shake it loose and it will tip over.

Explanation:
- Statistical syllogism: “Most bike lanes in this city are painted green, so this new lane is probably green.”
- Folk physics (common knowledge physics): “If we don’t bolt the traffic-calming bollard to the curb, passing trucks will shake it loose and it will tip over.”","Most bike lanes in this city are painted green, so this new lane is probably green. If we don’t bolt the traffic-calming bollard to the curb, passing trucks will shake it loose and it will tip over.",2
"self serving bias, statistical syllogism",Guerilla warfare,"Greetings! I am interested in natural language processing and I was wondering if you could help me generate an example of text that illustrates multiple skills in semantics or syntax. The example should be a minimal natural piece of text with up to a few lines in the context of Guerilla warfare that illustrates all of the following skills: self serving bias, statistical syllogism. Please keep the text as short as possible, and make sure the concepts can be found fully from the text. 

For reference, here are the definitions and examples for the concepts:
**self serving bias**: A cognitive or perceptual process that is distorted by the need to maintain and enhance one’s self esteem. For example, ""If I do well on the exam, it’s because of my academic prowess and hard work. If I do poorly, it’s because the course was poorly taught, and the exam was poorly proctored.""
**statistical syllogism**: A syllogism that argues, using inductive reasoning, from a generalization true for the most part to a particular case. For example, ""Almost all people are taller than 26 inches. Gareth is a person. Therefore, Gareth is taller than 26 inches.""

Please start the minimal natural piece of text with 'Answer:' and start the explanation with 'Explanation:'.

Thanks very much!","Answer:
We won last night because I planned brilliantly; when we lost last week, it was only because the terrain cheated us. Most local fighters blend into the hills; Rafi is a local fighter, so he’ll blend into the hills during tonight’s raid.

Explanation:
- Self-serving bias: “We won last night because I planned brilliantly; when we lost last week, it was only because the terrain cheated us.” The speaker credits success to their own ability and blames failure on external factors.
- Statistical syllogism: “Most local fighters blend into the hills; Rafi is a local fighter, so he’ll blend into the hills during tonight’s raid.” This moves from a generalization about most members of a group to a claim about a particular member.","We won last night because I planned brilliantly; when we lost last week, it was only because the terrain cheated us. Most local fighters blend into the hills; Rafi is a local fighter, so he’ll blend into the hills during tonight’s raid.",2
"folk physics (common knowledge physics), statistical syllogism",Guerilla warfare,"Greetings! I am interested in natural language processing and I was wondering if you could help me generate an example of text that illustrates multiple skills in semantics or syntax. The example should be a minimal natural piece of text with up to a few lines in the context of Guerilla warfare that illustrates all of the following skills: folk physics (common knowledge physics), statistical syllogism. Please keep the text as short as possible, and make sure the concepts can be found fully from the text. 

For reference, here are the definitions and examples for the concepts:
**folk physics (common knowledge physics)**: The untrained human perception of basic physical phenomena. For example, ""If I roll the pen off of the table, it will fall to the floor.""
**statistical syllogism**: A syllogism that argues, using inductive reasoning, from a generalization true for the most part to a particular case. For example, ""Almost all people are taller than 26 inches. Gareth is a person. Therefore, Gareth is taller than 26 inches.""

Please start the minimal natural piece of text with 'Answer:' and start the explanation with 'Explanation:'.

Thanks very much!","Answer:
The scout whispers, “If we push this crate off the ledge, gravity will pull it down and it’ll crash loud enough to draw the patrol.” Then he adds, “Most ambushes work because the enemy follows the noise; this is an ambush, so they’ll probably rush toward the crash.”

Explanation:
- Folk physics: “If we push this crate off the ledge, gravity will pull it down and it’ll crash loud enough...” relies on common-sense physics about falling objects and impact noise.
- Statistical syllogism: “Most ambushes work because the enemy follows the noise; this is an ambush, so they’ll probably rush toward the crash.” This infers a particular outcome from a general tendency.","The scout whispers, “If we push this crate off the ledge, gravity will pull it down and it’ll crash loud enough to draw the patrol.” Then he adds, “Most ambushes work because the enemy follows the noise; this is an ambush, so they’ll probably rush toward the crash.”",2
"self serving bias, statistical syllogism",The Ottoman Empire,"Greetings! I am interested in natural language processing and I was wondering if you could help me generate an example of text that illustrates multiple skills in semantics or syntax. The example should be a minimal natural piece of text with up to a few lines in the context of The Ottoman Empire that illustrates all of the following skills: self serving bias, statistical syllogism. Please keep the text as short as possible, and make sure the concepts can be found fully from the text. 

For reference, here are the definitions and examples for the concepts:
**self serving bias**: A cognitive or perceptual process that is distorted by the need to maintain and enhance one’s self esteem. For example, ""If I do well on the exam, it’s because of my academic prowess and hard work. If I do poorly, it’s because the course was poorly taught, and the exam was poorly proctored.""
**statistical syllogism**: A syllogism that argues, using inductive reasoning, from a generalization true for the most part to a particular case. For example, ""Almost all people are taller than 26 inches. Gareth is a person. Therefore, Gareth is taller than 26 inches.""

Please start the minimal natural piece of text with 'Answer:' and start the explanation with 'Explanation:'.

Thanks very much!","Answer: Our janissary cohort usually wins its skirmishes; Hassan is in our cohort, so he’ll likely win tomorrow. When we triumphed at Varna, it was due to my shrewd command; when we faltered at the Danube, the fog and treacherous scouts were to blame.

Explanation:
- Statistical syllogism: “Our janissary cohort usually wins its skirmishes; Hassan is in our cohort, so he’ll likely win tomorrow.” This moves from a generalization about most cases (usually wins) to a prediction about a particular member (Hassan).
- Self-serving bias: “When we triumphed at Varna, it was due to my shrewd command; when we faltered at the Danube, the fog and treacherous scouts were to blame.” Success is attributed to the speaker’s own ability, while failure is attributed to external factors.","Our janissary cohort usually wins its skirmishes; Hassan is in our cohort, so he’ll likely win tomorrow. When we triumphed at Varna, it was due to my shrewd command; when we faltered at the Danube, the fog and treacherous scouts were to blame.",2
"spatial reasoning, statistical syllogism",The Ottoman Empire,"Greetings! I am interested in natural language processing and I was wondering if you could help me generate an example of text that illustrates multiple skills in semantics or syntax. The example should be a minimal natural piece of text with up to a few lines in the context of The Ottoman Empire that illustrates all of the following skills: spatial reasoning, statistical syllogism. Please keep the text as short as possible, and make sure the concepts can be found fully from the text. 

For reference, here are the definitions and examples for the concepts:
**spatial reasoning**: The capacity to reason about the spatial relationships between objects. For example, The key fit into the box. Using spatial reasoning, one can deduce that the width of the key was smaller than the width of the box.
**statistical syllogism**: A syllogism that argues, using inductive reasoning, from a generalization true for the most part to a particular case. For example, ""Almost all people are taller than 26 inches. Gareth is a person. Therefore, Gareth is taller than 26 inches.""

Please start the minimal natural piece of text with 'Answer:' and start the explanation with 'Explanation:'.

Thanks very much!","Answer: In 1565, the Ottoman flagship could pass beneath the lower span of the Galata bridge; its mast, therefore, was shorter than the arch’s clearance. Most Janissaries were paid in aspers; Hasan was a Janissary, so he was likely paid in aspers.

Explanation:
- Spatial reasoning: From “the flagship could pass beneath the lower span,” we infer the mast’s height was less than the arch’s clearance.
- Statistical syllogism: From the generalization “Most Janissaries were paid in aspers” and the fact “Hasan was a Janissary,” we infer the likely conclusion that Hasan was paid in aspers.","In 1565, the Ottoman flagship could pass beneath the lower span of the Galata bridge; its mast, therefore, was shorter than the arch’s clearance. Most Janissaries were paid in aspers; Hasan was a Janissary, so he was likely paid in aspers.",2
"spatial reasoning, statistical syllogism",Urbanism,"Greetings! I am interested in natural language processing and I was wondering if you could help me generate an example of text that illustrates multiple skills in semantics or syntax. The example should be a minimal natural piece of text with up to a few lines in the context of Urbanism that illustrates all of the following skills: spatial reasoning, statistical syllogism. Please keep the text as short as possible, and make sure the concepts can be found fully from the text. 

For reference, here are the definitions and examples for the concepts:
**spatial reasoning**: The capacity to reason about the spatial relationships between objects. For example, The key fit into the box. Using spatial reasoning, one can deduce that the width of the key was smaller than the width of the box.
**statistical syllogism**: A syllogism that argues, using inductive reasoning, from a generalization true for the most part to a particular case. For example, ""Almost all people are taller than 26 inches. Gareth is a person. Therefore, Gareth is taller than 26 inches.""

Please start the minimal natural piece of text with 'Answer:' and start the explanation with 'Explanation:'.

Thanks very much!","Answer:
Most curbs along River Street are high enough to block stormwater from reaching storefronts. This shop sits behind one of those curbs and slightly uphill from the river, so its doorway will likely stay dry when the next heavy rain flows downhill toward the drains.

Explanation:
- Spatial reasoning: The text reasons about relative positions and barriers—curbs being higher than water flow, the shop being behind the curb and uphill, and rain moving downhill toward drains—implying the doorway remains dry.
- Statistical syllogism: From the generalization “Most curbs along River Street are high enough to block stormwater,” and the specific “This shop sits behind one of those curbs,” it infers probabilistically that this shop’s doorway will likely stay dry.","Most curbs along River Street are high enough to block stormwater from reaching storefronts. This shop sits behind one of those curbs and slightly uphill from the river, so its doorway will likely stay dry when the next heavy rain flows downhill toward the drains.",2
"self serving bias, statistical syllogism",Beekeeping,"Greetings! I am interested in natural language processing and I was wondering if you could help me generate an example of text that illustrates multiple skills in semantics or syntax. The example should be a minimal natural piece of text with up to a few lines in the context of Beekeeping that illustrates all of the following skills: self serving bias, statistical syllogism. Please keep the text as short as possible, and make sure the concepts can be found fully from the text. 

For reference, here are the definitions and examples for the concepts:
**self serving bias**: A cognitive or perceptual process that is distorted by the need to maintain and enhance one’s self esteem. For example, ""If I do well on the exam, it’s because of my academic prowess and hard work. If I do poorly, it’s because the course was poorly taught, and the exam was poorly proctored.""
**statistical syllogism**: A syllogism that argues, using inductive reasoning, from a generalization true for the most part to a particular case. For example, ""Almost all people are taller than 26 inches. Gareth is a person. Therefore, Gareth is taller than 26 inches.""

Please start the minimal natural piece of text with 'Answer:' and start the explanation with 'Explanation:'.

Thanks very much!","Answer: I’m a talented beekeeper—my hives thrive because I manage them so well. When one colony collapsed, that was due to freak weather, not my methods. Most colonies with fresh queens survive the winter; I just requeened Hive Three, so it will make it through for sure.

Explanation:
- Self-serving bias: The speaker credits success (“my hives thrive because I manage them so well”) to personal ability, while blaming failure (“one colony collapsed”) on external factors (“freak weather”).
- Statistical syllogism: From the generalization (“Most colonies with fresh queens survive the winter”) and the particular case (“I just requeened Hive Three”), the speaker infers the specific conclusion (“so it will make it through for sure”).","I’m a talented beekeeper—my hives thrive because I manage them so well. When one colony collapsed, that was due to freak weather, not my methods. Most colonies with fresh queens survive the winter; I just requeened Hive Three, so it will make it through for sure.",2
"red herring, statistical syllogism",Dueling,"Greetings! I am interested in natural language processing and I was wondering if you could help me generate an example of text that illustrates multiple skills in semantics or syntax. The example should be a minimal natural piece of text with up to a few lines in the context of Dueling that illustrates all of the following skills: red herring, statistical syllogism. Please keep the text as short as possible, and make sure the concepts can be found fully from the text. 

For reference, here are the definitions and examples for the concepts:
**red herring**: Introducing irrelevant points to detract attention from a question. For example, A member of the press asks the president why they voted to expand a welfare program. The president responds, ""The strength of America is the strength of its communities, and I am proud to make our communities better places.""
**statistical syllogism**: A syllogism that argues, using inductive reasoning, from a generalization true for the most part to a particular case. For example, ""Almost all people are taller than 26 inches. Gareth is a person. Therefore, Gareth is taller than 26 inches.""

Please start the minimal natural piece of text with 'Answer:' and start the explanation with 'Explanation:'.

Thanks very much!","Answer:
Challenger: Why did you refuse the duel at dawn?  
Defender: Our town’s festival starts at sunrise, with music and pastries—everyone loves it.  
Challenger: Most duelists honor dawn challenges; you are a duelist; so you should honor this one.

Explanation:
- Red herring: The Defender diverts from the question about refusing the duel by talking about the sunrise festival, which is irrelevant to the refusal.
- Statistical syllogism: The Challenger reasons from a generalization (“Most duelists honor dawn challenges”) to a particular case (“you are a duelist; so you should honor this one”).","Challenger: Why did you refuse the duel at dawn?  
Defender: Our town’s festival starts at sunrise, with music and pastries—everyone loves it.  
Challenger: Most duelists honor dawn challenges; you are a duelist; so you should honor this one.",2
"self serving bias, statistical syllogism",The Ottoman Empire,"Greetings! I am interested in natural language processing and I was wondering if you could help me generate an example of text that illustrates multiple skills in semantics or syntax. The example should be a minimal natural piece of text with up to a few lines in the context of The Ottoman Empire that illustrates all of the following skills: self serving bias, statistical syllogism. Please keep the text as short as possible, and make sure the concepts can be found fully from the text. 

For reference, here are the definitions and examples for the concepts:
**self serving bias**: A cognitive or perceptual process that is distorted by the need to maintain and enhance one’s self esteem. For example, ""If I do well on the exam, it’s because of my academic prowess and hard work. If I do poorly, it’s because the course was poorly taught, and the exam was poorly proctored.""
**statistical syllogism**: A syllogism that argues, using inductive reasoning, from a generalization true for the most part to a particular case. For example, ""Almost all people are taller than 26 inches. Gareth is a person. Therefore, Gareth is taller than 26 inches.""

Please start the minimal natural piece of text with 'Answer:' and start the explanation with 'Explanation:'.

Thanks very much!","Answer:
The vizier wrote: “Most janissaries are loyal to the sultan; Hasan is a janissary, so he is loyal. As for our victory at Chaldiran, it was my brilliant plan. The setback at Vienna? Only foul weather and unreliable scouts are to blame.”

Explanation:
- Statistical syllogism: “Most janissaries are loyal to the sultan; Hasan is a janissary, so he is loyal.” This infers a particular case from a generally true-for-the-most-part claim.
- Self-serving bias: The speaker credits personal brilliance for victory (“it was my brilliant plan”) but blames external factors for failure (“foul weather and unreliable scouts”).","The vizier wrote: “Most janissaries are loyal to the sultan; Hasan is a janissary, so he is loyal. As for our victory at Chaldiran, it was my brilliant plan. The setback at Vienna? Only foul weather and unreliable scouts are to blame.”",2
"statistical syllogism, folk physics (common knowledge physics)",Beekeeping,"Greetings! I am interested in natural language processing and I was wondering if you could help me generate an example of text that illustrates multiple skills in semantics or syntax. The example should be a minimal natural piece of text with up to a few lines in the context of Beekeeping that illustrates all of the following skills: statistical syllogism, folk physics (common knowledge physics). Please keep the text as short as possible, and make sure the concepts can be found fully from the text. 

For reference, here are the definitions and examples for the concepts:
**statistical syllogism**: A syllogism that argues, using inductive reasoning, from a generalization true for the most part to a particular case. For example, ""Almost all people are taller than 26 inches. Gareth is a person. Therefore, Gareth is taller than 26 inches.""
**folk physics (common knowledge physics)**: The untrained human perception of basic physical phenomena. For example, ""If I roll the pen off of the table, it will fall to the floor.""

Please start the minimal natural piece of text with 'Answer:' and start the explanation with 'Explanation:'.

Thanks very much!","Answer:
Most hives calm down after dusk; this one is a hive, so it should quiet soon. I set the smoker gently because hot metal burns skin, and I keep the supers stacked straight so they don’t tip and crush the comb.

Explanation:
- Statistical syllogism: “Most hives calm down after dusk; this one is a hive, so it should quiet soon.” This reasons from a general tendency to a particular case.
- Folk physics: “hot metal burns skin” (heat causes burns) and “keep the supers stacked straight so they don’t tip and crush the comb” (gravity and balance affect tipping and crushing).","Most hives calm down after dusk; this one is a hive, so it should quiet soon. I set the smoker gently because hot metal burns skin, and I keep the supers stacked straight so they don’t tip and crush the comb.",2
"statistical syllogism, red herring",Guerilla warfare,"Greetings! I am interested in natural language processing and I was wondering if you could help me generate an example of text that illustrates multiple skills in semantics or syntax. The example should be a minimal natural piece of text with up to a few lines in the context of Guerilla warfare that illustrates all of the following skills: statistical syllogism, red herring. Please keep the text as short as possible, and make sure the concepts can be found fully from the text. 

For reference, here are the definitions and examples for the concepts:
**statistical syllogism**: A syllogism that argues, using inductive reasoning, from a generalization true for the most part to a particular case. For example, ""Almost all people are taller than 26 inches. Gareth is a person. Therefore, Gareth is taller than 26 inches.""
**red herring**: Introducing irrelevant points to detract attention from a question. For example, A member of the press asks the president why they voted to expand a welfare program. The president responds, ""The strength of America is the strength of its communities, and I am proud to make our communities better places.""

Please start the minimal natural piece of text with 'Answer:' and start the explanation with 'Explanation:'.

Thanks very much!","Answer:
“Most villagers quietly aid the rebels, and Laila is a villager, so she’ll likely give us shelter. Anyway, the mountain sunsets here are breathtaking—did you know the old fort was built by a poet? Now, back to our route.”

Explanation:
- Statistical syllogism: “Most villagers quietly aid the rebels, and Laila is a villager, so she’ll likely give us shelter.” This infers a particular case from a general tendency.
- Red herring: “Anyway, the mountain sunsets here are breathtaking—did you know the old fort was built by a poet?” This introduces irrelevant points (sunsets, poet-built fort) to distract from the operational question before returning to the route.","“Most villagers quietly aid the rebels, and Laila is a villager, so she’ll likely give us shelter. Anyway, the mountain sunsets here are breathtaking—did you know the old fort was built by a poet? Now, back to our route.”",2
"self serving bias, statistical syllogism",Survivalism,"Greetings! I am interested in natural language processing and I was wondering if you could help me generate an example of text that illustrates multiple skills in semantics or syntax. The example should be a minimal natural piece of text with up to a few lines in the context of Survivalism that illustrates all of the following skills: self serving bias, statistical syllogism. Please keep the text as short as possible, and make sure the concepts can be found fully from the text. 

For reference, here are the definitions and examples for the concepts:
**self serving bias**: A cognitive or perceptual process that is distorted by the need to maintain and enhance one’s self esteem. For example, ""If I do well on the exam, it’s because of my academic prowess and hard work. If I do poorly, it’s because the course was poorly taught, and the exam was poorly proctored.""
**statistical syllogism**: A syllogism that argues, using inductive reasoning, from a generalization true for the most part to a particular case. For example, ""Almost all people are taller than 26 inches. Gareth is a person. Therefore, Gareth is taller than 26 inches.""

Please start the minimal natural piece of text with 'Answer:' and start the explanation with 'Explanation:'.

Thanks very much!","Answer:
Out here, most caches stay dry; mine’s a cache, so it should be fine. If my shelter holds tonight, it’s thanks to my careful planning—if it fails, the forecast was bogus and the tarp manufacturer cut corners.

Explanation:
- Statistical syllogism: “Most caches stay dry; mine’s a cache, so it should be fine.” This moves from a generalization about most caches to a prediction about a particular cache.
- Self-serving bias: “If my shelter holds... it’s thanks to my careful planning—if it fails, the forecast was bogus and the tarp manufacturer cut corners.” Success is attributed to the speaker’s skill; failure is blamed on external factors.","Out here, most caches stay dry; mine’s a cache, so it should be fine. If my shelter holds tonight, it’s thanks to my careful planning—if it fails, the forecast was bogus and the tarp manufacturer cut corners.",2
"red herring, statistical syllogism",Survivalism,"Greetings! I am interested in natural language processing and I was wondering if you could help me generate an example of text that illustrates multiple skills in semantics or syntax. The example should be a minimal natural piece of text with up to a few lines in the context of Survivalism that illustrates all of the following skills: red herring, statistical syllogism. Please keep the text as short as possible, and make sure the concepts can be found fully from the text. 

For reference, here are the definitions and examples for the concepts:
**red herring**: Introducing irrelevant points to detract attention from a question. For example, A member of the press asks the president why they voted to expand a welfare program. The president responds, ""The strength of America is the strength of its communities, and I am proud to make our communities better places.""
**statistical syllogism**: A syllogism that argues, using inductive reasoning, from a generalization true for the most part to a particular case. For example, ""Almost all people are taller than 26 inches. Gareth is a person. Therefore, Gareth is taller than 26 inches.""

Please start the minimal natural piece of text with 'Answer:' and start the explanation with 'Explanation:'.

Thanks very much!","Answer:
“Should we cache more water before winter?” “Look, our campfire cooking has really brought the group together.” Anyway, most veteran preppers keep redundant water stores; Lena’s a veteran prepper, so she likely keeps redundant water.

Explanation:
- Red herring: The second speaker dodges the water-caching question by bringing up campfire cooking and group bonding, which is irrelevant to the immediate decision.
- Statistical syllogism: “Most veteran preppers keep redundant water stores; Lena’s a veteran prepper; therefore, she likely keeps redundant water” generalizes from “most” to a particular case (Lena).","“Should we cache more water before winter?” “Look, our campfire cooking has really brought the group together.” Anyway, most veteran preppers keep redundant water stores; Lena’s a veteran prepper, so she likely keeps redundant water.",2
"folk physics (common knowledge physics), statistical syllogism",Guerilla warfare,"Greetings! I am interested in natural language processing and I was wondering if you could help me generate an example of text that illustrates multiple skills in semantics or syntax. The example should be a minimal natural piece of text with up to a few lines in the context of Guerilla warfare that illustrates all of the following skills: folk physics (common knowledge physics), statistical syllogism. Please keep the text as short as possible, and make sure the concepts can be found fully from the text. 

For reference, here are the definitions and examples for the concepts:
**folk physics (common knowledge physics)**: The untrained human perception of basic physical phenomena. For example, ""If I roll the pen off of the table, it will fall to the floor.""
**statistical syllogism**: A syllogism that argues, using inductive reasoning, from a generalization true for the most part to a particular case. For example, ""Almost all people are taller than 26 inches. Gareth is a person. Therefore, Gareth is taller than 26 inches.""

Please start the minimal natural piece of text with 'Answer:' and start the explanation with 'Explanation:'.

Thanks very much!","Answer:
The scout whispered, “If we step on the dry twig, it will snap and make noise.” Most ambushes start before dawn. It’s almost dawn now, so this is probably an ambush. We crouched low; heavier packs slide downhill faster, so we stayed on the ridge.

Explanation:
- Folk physics: “If we step on the dry twig, it will snap and make noise” and “heavier packs slide downhill faster” appeal to basic, common-sense physical expectations.
- Statistical syllogism: “Most ambushes start before dawn. It’s almost dawn now, so this is probably an ambush” infers a likely particular case from a general tendency.","The scout whispered, “If we step on the dry twig, it will snap and make noise.” Most ambushes start before dawn. It’s almost dawn now, so this is probably an ambush. We crouched low; heavier packs slide downhill faster, so we stayed on the ridge.",2
"spatial reasoning, statistical syllogism",Beekeeping,"Greetings! I am interested in natural language processing and I was wondering if you could help me generate an example of text that illustrates multiple skills in semantics or syntax. The example should be a minimal natural piece of text with up to a few lines in the context of Beekeeping that illustrates all of the following skills: spatial reasoning, statistical syllogism. Please keep the text as short as possible, and make sure the concepts can be found fully from the text. 

For reference, here are the definitions and examples for the concepts:
**spatial reasoning**: The capacity to reason about the spatial relationships between objects. For example, The key fit into the box. Using spatial reasoning, one can deduce that the width of the key was smaller than the width of the box.
**statistical syllogism**: A syllogism that argues, using inductive reasoning, from a generalization true for the most part to a particular case. For example, ""Almost all people are taller than 26 inches. Gareth is a person. Therefore, Gareth is taller than 26 inches.""

Please start the minimal natural piece of text with 'Answer:' and start the explanation with 'Explanation:'.

Thanks very much!","Answer: I slid the thin entrance reducer into the front gap of the hive; since it fit beneath the landing board, it must be shorter than the board’s width and thinner than the gap’s height. Almost all hive inspections in midsummer reveal capped brood; this is a midsummer inspection, so I expect to see capped brood when I lift the top super.

Explanation:
- Spatial reasoning: From “the reducer fit beneath the landing board” and into “the front gap,” we infer the reducer’s dimensions are smaller than those spaces (shorter than the board’s width and thinner than the gap’s height).
- Statistical syllogism: General rule “Almost all hive inspections in midsummer reveal capped brood.” Particular case “this is a midsummer inspection.” Conclusion “I expect to see capped brood.”","I slid the thin entrance reducer into the front gap of the hive; since it fit beneath the landing board, it must be shorter than the board’s width and thinner than the gap’s height. Almost all hive inspections in midsummer reveal capped brood; this is a midsummer inspection, so I expect to see capped brood when I lift the top super.",2
"self serving bias, statistical syllogism",Dueling,"Greetings! I am interested in natural language processing and I was wondering if you could help me generate an example of text that illustrates multiple skills in semantics or syntax. The example should be a minimal natural piece of text with up to a few lines in the context of Dueling that illustrates all of the following skills: self serving bias, statistical syllogism. Please keep the text as short as possible, and make sure the concepts can be found fully from the text. 

For reference, here are the definitions and examples for the concepts:
**self serving bias**: A cognitive or perceptual process that is distorted by the need to maintain and enhance one’s self esteem. For example, ""If I do well on the exam, it’s because of my academic prowess and hard work. If I do poorly, it’s because the course was poorly taught, and the exam was poorly proctored.""
**statistical syllogism**: A syllogism that argues, using inductive reasoning, from a generalization true for the most part to a particular case. For example, ""Almost all people are taller than 26 inches. Gareth is a person. Therefore, Gareth is taller than 26 inches.""

Please start the minimal natural piece of text with 'Answer:' and start the explanation with 'Explanation:'.

Thanks very much!","Answer:
“I won because I’m the more skilled duelist—my footwork was flawless. When I lost yesterday, it was only because the wind threw my aim. Almost all champion duelists practice at dawn; I practice at dawn, so I’m almost certainly championship material.”

Explanation:
- Self-serving bias: The speaker credits victory to personal skill (“I’m the more skilled duelist”) and blames defeat on external factors (“the wind threw my aim”).
- Statistical syllogism: From the generalization “Almost all champion duelists practice at dawn,” and the particular “I practice at dawn,” the speaker infers the probable conclusion “I’m almost certainly championship material.”","“I won because I’m the more skilled duelist—my footwork was flawless. When I lost yesterday, it was only because the wind threw my aim. Almost all champion duelists practice at dawn; I practice at dawn, so I’m almost certainly championship material.”",2
"statistical syllogism, spatial reasoning",The Ottoman Empire,"Greetings! I am interested in natural language processing and I was wondering if you could help me generate an example of text that illustrates multiple skills in semantics or syntax. The example should be a minimal natural piece of text with up to a few lines in the context of The Ottoman Empire that illustrates all of the following skills: statistical syllogism, spatial reasoning. Please keep the text as short as possible, and make sure the concepts can be found fully from the text. 

For reference, here are the definitions and examples for the concepts:
**statistical syllogism**: A syllogism that argues, using inductive reasoning, from a generalization true for the most part to a particular case. For example, ""Almost all people are taller than 26 inches. Gareth is a person. Therefore, Gareth is taller than 26 inches.""
**spatial reasoning**: The capacity to reason about the spatial relationships between objects. For example, The key fit into the box. Using spatial reasoning, one can deduce that the width of the key was smaller than the width of the box.

Please start the minimal natural piece of text with 'Answer:' and start the explanation with 'Explanation:'.

Thanks very much!","Answer:
In Istanbul during the Ottoman Empire, most Janissaries wore boots. Hasan is a Janissary, so he likely wore boots. His boots stood inside the doorway; the doorway was wider than his boots.

Explanation:
- Statistical syllogism: “Most Janissaries wore boots. Hasan is a Janissary. Therefore, Hasan likely wore boots.”
- Spatial reasoning: “His boots stood inside the doorway” implies the boots’ width was smaller than the doorway’s width.","In Istanbul during the Ottoman Empire, most Janissaries wore boots. Hasan is a Janissary, so he likely wore boots. His boots stood inside the doorway; the doorway was wider than his boots.",2
"statistical syllogism, spatial reasoning",Urbanism,"Greetings! I am interested in natural language processing and I was wondering if you could help me generate an example of text that illustrates multiple skills in semantics or syntax. The example should be a minimal natural piece of text with up to a few lines in the context of Urbanism that illustrates all of the following skills: statistical syllogism, spatial reasoning. Please keep the text as short as possible, and make sure the concepts can be found fully from the text. 

For reference, here are the definitions and examples for the concepts:
**statistical syllogism**: A syllogism that argues, using inductive reasoning, from a generalization true for the most part to a particular case. For example, ""Almost all people are taller than 26 inches. Gareth is a person. Therefore, Gareth is taller than 26 inches.""
**spatial reasoning**: The capacity to reason about the spatial relationships between objects. For example, The key fit into the box. Using spatial reasoning, one can deduce that the width of the key was smaller than the width of the box.

Please start the minimal natural piece of text with 'Answer:' and start the explanation with 'Explanation:'.

Thanks very much!","Answer: In our city, most new apartment blocks include rooftop gardens. The Rivera Building is a new apartment block, so it likely has a rooftop garden. The garden sits above the fifth floor and is set back from the street edge; therefore, it must be higher than the neighboring three-story shops and cannot overhang the sidewalk.

Explanation:
- Statistical syllogism: “Most new apartment blocks include rooftop gardens. The Rivera Building is a new apartment block, so it likely has a rooftop garden.”
- Spatial reasoning: From “The garden sits above the fifth floor and is set back from the street edge,” we infer it is higher than the neighboring three-story shops and that being set back means it does not extend over (cannot overhang) the sidewalk.","In our city, most new apartment blocks include rooftop gardens. The Rivera Building is a new apartment block, so it likely has a rooftop garden. The garden sits above the fifth floor and is set back from the street edge; therefore, it must be higher than the neighboring three-story shops and cannot overhang the sidewalk.",2
"statistical syllogism, red herring",Dueling,"Greetings! I am interested in natural language processing and I was wondering if you could help me generate an example of text that illustrates multiple skills in semantics or syntax. The example should be a minimal natural piece of text with up to a few lines in the context of Dueling that illustrates all of the following skills: statistical syllogism, red herring. Please keep the text as short as possible, and make sure the concepts can be found fully from the text. 

For reference, here are the definitions and examples for the concepts:
**statistical syllogism**: A syllogism that argues, using inductive reasoning, from a generalization true for the most part to a particular case. For example, ""Almost all people are taller than 26 inches. Gareth is a person. Therefore, Gareth is taller than 26 inches.""
**red herring**: Introducing irrelevant points to detract attention from a question. For example, A member of the press asks the president why they voted to expand a welfare program. The president responds, ""The strength of America is the strength of its communities, and I am proud to make our communities better places.""

Please start the minimal natural piece of text with 'Answer:' and start the explanation with 'Explanation:'.

Thanks very much!","Answer:
“Almost every professional duelist keeps their blade sharp; Sir Edwin is a professional, so he likely keeps his blade sharp. But before you ask about tomorrow’s duel, consider the exquisite embroidery on his scabbard and the festival’s music—such craftsmanship shows our town’s refined taste.”

Explanation:
- Statistical syllogism: “Almost every professional duelist keeps their blade sharp; Sir Edwin is a professional, so he likely keeps his blade sharp.”
- Red herring: The shift to “consider the exquisite embroidery on his scabbard and the festival’s music—such craftsmanship shows our town’s refined taste,” which is irrelevant to the question about tomorrow’s duel.","“Almost every professional duelist keeps their blade sharp; Sir Edwin is a professional, so he likely keeps his blade sharp. But before you ask about tomorrow’s duel, consider the exquisite embroidery on his scabbard and the festival’s music—such craftsmanship shows our town’s refined taste.”",2
"statistical syllogism, spatial reasoning",Beekeeping,"Greetings! I am interested in natural language processing and I was wondering if you could help me generate an example of text that illustrates multiple skills in semantics or syntax. The example should be a minimal natural piece of text with up to a few lines in the context of Beekeeping that illustrates all of the following skills: statistical syllogism, spatial reasoning. Please keep the text as short as possible, and make sure the concepts can be found fully from the text. 

For reference, here are the definitions and examples for the concepts:
**statistical syllogism**: A syllogism that argues, using inductive reasoning, from a generalization true for the most part to a particular case. For example, ""Almost all people are taller than 26 inches. Gareth is a person. Therefore, Gareth is taller than 26 inches.""
**spatial reasoning**: The capacity to reason about the spatial relationships between objects. For example, The key fit into the box. Using spatial reasoning, one can deduce that the width of the key was smaller than the width of the box.

Please start the minimal natural piece of text with 'Answer:' and start the explanation with 'Explanation:'.

Thanks very much!","Answer: Most hives here keep their brood near the center frames. This frame is in the center, so it likely holds brood. The queen is usually longer than a worker; she slips through the brood gap between these two adjacent combs, which are only a finger-width apart.

Explanation:
- Statistical syllogism: From “Most hives here keep their brood near the center frames” (generalization) and “This frame is in the center” (particular), we infer “so it likely holds brood.”
- Spatial reasoning: The queen being longer than a worker yet able to “slip through the brood gap between these two adjacent combs, which are only a finger-width apart,” relies on reasoning about sizes and distances to conclude her body can pass through that narrow gap.","Most hives here keep their brood near the center frames. This frame is in the center, so it likely holds brood. The queen is usually longer than a worker; she slips through the brood gap between these two adjacent combs, which are only a finger-width apart.",2
"statistical syllogism, self serving bias",Urbanism,"Greetings! I am interested in natural language processing and I was wondering if you could help me generate an example of text that illustrates multiple skills in semantics or syntax. The example should be a minimal natural piece of text with up to a few lines in the context of Urbanism that illustrates all of the following skills: statistical syllogism, self serving bias. Please keep the text as short as possible, and make sure the concepts can be found fully from the text. 

For reference, here are the definitions and examples for the concepts:
**statistical syllogism**: A syllogism that argues, using inductive reasoning, from a generalization true for the most part to a particular case. For example, ""Almost all people are taller than 26 inches. Gareth is a person. Therefore, Gareth is taller than 26 inches.""
**self serving bias**: A cognitive or perceptual process that is distorted by the need to maintain and enhance one’s self esteem. For example, ""If I do well on the exam, it’s because of my academic prowess and hard work. If I do poorly, it’s because the course was poorly taught, and the exam was poorly proctored.""

Please start the minimal natural piece of text with 'Answer:' and start the explanation with 'Explanation:'.

Thanks very much!","Answer:
Most residents prefer walkable neighborhoods; I designed this block, so it’s probably popular. And if foot traffic drops, that’s because the city underfunded transit—not my plan.

Explanation:
- Statistical syllogism: The text moves from a generalization (“Most residents prefer walkable neighborhoods”) to a particular case (“I designed this block, so it’s probably popular”), inferring likely popularity based on the general trend.
- Self-serving bias: The speaker credits anticipated success to their own design (“I designed this block, so it’s probably popular”) but attributes potential failure (“if foot traffic drops”) to external factors (“the city underfunded transit”), protecting self-esteem.","Most residents prefer walkable neighborhoods; I designed this block, so it’s probably popular. And if foot traffic drops, that’s because the city underfunded transit—not my plan.",2
"statistical syllogism, spatial reasoning",Survivalism,"Greetings! I am interested in natural language processing and I was wondering if you could help me generate an example of text that illustrates multiple skills in semantics or syntax. The example should be a minimal natural piece of text with up to a few lines in the context of Survivalism that illustrates all of the following skills: statistical syllogism, spatial reasoning. Please keep the text as short as possible, and make sure the concepts can be found fully from the text. 

For reference, here are the definitions and examples for the concepts:
**statistical syllogism**: A syllogism that argues, using inductive reasoning, from a generalization true for the most part to a particular case. For example, ""Almost all people are taller than 26 inches. Gareth is a person. Therefore, Gareth is taller than 26 inches.""
**spatial reasoning**: The capacity to reason about the spatial relationships between objects. For example, The key fit into the box. Using spatial reasoning, one can deduce that the width of the key was smaller than the width of the box.

Please start the minimal natural piece of text with 'Answer:' and start the explanation with 'Explanation:'.

Thanks very much!","Answer: Almost all wild berries here are edible; this grove’s berries are from here, so I eat them. I hide my fire behind the boulder because the rock is between the flames and the valley, so scouts below can’t see the light.

Explanation:
- Statistical syllogism: “Almost all wild berries here are edible” (generalization). “This grove’s berries are from here” (particular). “So I eat them” (conclusion to a particular case).
- Spatial reasoning: The fire is hidden “behind the boulder” and “the rock is between the flames and the valley,” leading to the conclusion that observers in the valley can’t see the light due to line-of-sight being blocked.","Almost all wild berries here are edible; this grove’s berries are from here, so I eat them. I hide my fire behind the boulder because the rock is between the flames and the valley, so scouts below can’t see the light.",2
"statistical syllogism, spatial reasoning",The Ottoman Empire,"Greetings! I am interested in natural language processing and I was wondering if you could help me generate an example of text that illustrates multiple skills in semantics or syntax. The example should be a minimal natural piece of text with up to a few lines in the context of The Ottoman Empire that illustrates all of the following skills: statistical syllogism, spatial reasoning. Please keep the text as short as possible, and make sure the concepts can be found fully from the text. 

For reference, here are the definitions and examples for the concepts:
**statistical syllogism**: A syllogism that argues, using inductive reasoning, from a generalization true for the most part to a particular case. For example, ""Almost all people are taller than 26 inches. Gareth is a person. Therefore, Gareth is taller than 26 inches.""
**spatial reasoning**: The capacity to reason about the spatial relationships between objects. For example, The key fit into the box. Using spatial reasoning, one can deduce that the width of the key was smaller than the width of the box.

Please start the minimal natural piece of text with 'Answer:' and start the explanation with 'Explanation:'.

Thanks very much!","Answer:
Most Ottoman janissaries typically wore boots suited for long marches. Hasan is a janissary, so he likely wears such boots. In the Topkapı Palace, the treasury lies behind the courtyard and to the north of the gate; thus, if Hasan stands at the gate facing inward, the courtyard is ahead of him and the treasury is beyond it to his left.

Explanation:
- Statistical syllogism: “Most Ottoman janissaries typically wore boots suited for long marches. Hasan is a janissary, so he likely wears such boots.” This infers a particular (Hasan) from a general tendency (most janissaries).
- Spatial reasoning: The text specifies relative positions—gate, courtyard, treasury—and Hasan’s facing direction. From “the treasury lies behind the courtyard and to the north of the gate” and “standing at the gate facing inward,” one deduces the courtyard is directly ahead, and since north is to his left, the treasury is beyond the courtyard to his left.","Most Ottoman janissaries typically wore boots suited for long marches. Hasan is a janissary, so he likely wears such boots. In the Topkapı Palace, the treasury lies behind the courtyard and to the north of the gate; thus, if Hasan stands at the gate facing inward, the courtyard is ahead of him and the treasury is beyond it to his left.",2
"statistical syllogism, red herring",Sewing,"Greetings! I am interested in natural language processing and I was wondering if you could help me generate an example of text that illustrates multiple skills in semantics or syntax. The example should be a minimal natural piece of text with up to a few lines in the context of Sewing that illustrates all of the following skills: statistical syllogism, red herring. Please keep the text as short as possible, and make sure the concepts can be found fully from the text. 

For reference, here are the definitions and examples for the concepts:
**statistical syllogism**: A syllogism that argues, using inductive reasoning, from a generalization true for the most part to a particular case. For example, ""Almost all people are taller than 26 inches. Gareth is a person. Therefore, Gareth is taller than 26 inches.""
**red herring**: Introducing irrelevant points to detract attention from a question. For example, A member of the press asks the president why they voted to expand a welfare program. The president responds, ""The strength of America is the strength of its communities, and I am proud to make our communities better places.""

Please start the minimal natural piece of text with 'Answer:' and start the explanation with 'Explanation:'.

Thanks very much!","Answer:
Most seamstresses finish hems neatly; Lina is a seamstress, so her hem is probably neat. Also, the thimble is shiny, and the fabric store playlist is catchy—so clearly this thread color is perfect.

Explanation:
- Statistical syllogism: “Most seamstresses finish hems neatly; Lina is a seamstress, so her hem is probably neat.” This infers a particular from a general tendency.
- Red herring: “Also, the thimble is shiny, and the fabric store playlist is catchy—so clearly this thread color is perfect.” The shiny thimble and music are irrelevant distractions introduced to support a conclusion about thread color.","Most seamstresses finish hems neatly; Lina is a seamstress, so her hem is probably neat. Also, the thimble is shiny, and the fabric store playlist is catchy—so clearly this thread color is perfect.",2
"statistical syllogism, red herring",The Ottoman Empire,"Greetings! I am interested in natural language processing and I was wondering if you could help me generate an example of text that illustrates multiple skills in semantics or syntax. The example should be a minimal natural piece of text with up to a few lines in the context of The Ottoman Empire that illustrates all of the following skills: statistical syllogism, red herring. Please keep the text as short as possible, and make sure the concepts can be found fully from the text. 

For reference, here are the definitions and examples for the concepts:
**statistical syllogism**: A syllogism that argues, using inductive reasoning, from a generalization true for the most part to a particular case. For example, ""Almost all people are taller than 26 inches. Gareth is a person. Therefore, Gareth is taller than 26 inches.""
**red herring**: Introducing irrelevant points to detract attention from a question. For example, A member of the press asks the president why they voted to expand a welfare program. The president responds, ""The strength of America is the strength of its communities, and I am proud to make our communities better places.""

Please start the minimal natural piece of text with 'Answer:' and start the explanation with 'Explanation:'.

Thanks very much!","Answer: In the divan, the vizier argued, “Most janissaries are loyal to the sultan; Hasan is a janissary, so he is likely loyal. And anyway, let us celebrate the tulips in the palace gardens—have you seen their splendid colors this spring?”

Explanation:
- Statistical syllogism: “Most janissaries are loyal to the sultan; Hasan is a janissary, so he is likely loyal.” This infers a particular from a generalization that holds for most cases.
- Red herring: “And anyway, let us celebrate the tulips in the palace gardens—have you seen their splendid colors this spring?” This diverts from the loyalty question to irrelevant talk about tulips.","In the divan, the vizier argued, “Most janissaries are loyal to the sultan; Hasan is a janissary, so he is likely loyal. And anyway, let us celebrate the tulips in the palace gardens—have you seen their splendid colors this spring?”",2
"self serving bias, statistical syllogism",Guerilla warfare,"Greetings! I am interested in natural language processing and I was wondering if you could help me generate an example of text that illustrates multiple skills in semantics or syntax. The example should be a minimal natural piece of text with up to a few lines in the context of Guerilla warfare that illustrates all of the following skills: self serving bias, statistical syllogism. Please keep the text as short as possible, and make sure the concepts can be found fully from the text. 

For reference, here are the definitions and examples for the concepts:
**self serving bias**: A cognitive or perceptual process that is distorted by the need to maintain and enhance one’s self esteem. For example, ""If I do well on the exam, it’s because of my academic prowess and hard work. If I do poorly, it’s because the course was poorly taught, and the exam was poorly proctored.""
**statistical syllogism**: A syllogism that argues, using inductive reasoning, from a generalization true for the most part to a particular case. For example, ""Almost all people are taller than 26 inches. Gareth is a person. Therefore, Gareth is taller than 26 inches.""

Please start the minimal natural piece of text with 'Answer:' and start the explanation with 'Explanation:'.

Thanks very much!","Answer:
Our unit usually wins skirmishes because of my tactics; when we lost last night, it was only because the villagers betrayed us. Most ambushes succeed when launched at dusk; tonight’s strike begins at dusk, so it should succeed.

Explanation:
- Self-serving bias: “Our unit usually wins skirmishes because of my tactics; when we lost last night, it was only because the villagers betrayed us.” Success is attributed to the speaker’s own skill, while failure is blamed on external factors.
- Statistical syllogism: “Most ambushes succeed when launched at dusk; tonight’s strike begins at dusk, so it should succeed.” This moves from a generalization about most cases to a particular case, inferring a likely outcome.","Our unit usually wins skirmishes because of my tactics; when we lost last night, it was only because the villagers betrayed us. Most ambushes succeed when launched at dusk; tonight’s strike begins at dusk, so it should succeed.",2
"red herring, statistical syllogism",The Ottoman Empire,"Greetings! I am interested in natural language processing and I was wondering if you could help me generate an example of text that illustrates multiple skills in semantics or syntax. The example should be a minimal natural piece of text with up to a few lines in the context of The Ottoman Empire that illustrates all of the following skills: red herring, statistical syllogism. Please keep the text as short as possible, and make sure the concepts can be found fully from the text. 

For reference, here are the definitions and examples for the concepts:
**red herring**: Introducing irrelevant points to detract attention from a question. For example, A member of the press asks the president why they voted to expand a welfare program. The president responds, ""The strength of America is the strength of its communities, and I am proud to make our communities better places.""
**statistical syllogism**: A syllogism that argues, using inductive reasoning, from a generalization true for the most part to a particular case. For example, ""Almost all people are taller than 26 inches. Gareth is a person. Therefore, Gareth is taller than 26 inches.""

Please start the minimal natural piece of text with 'Answer:' and start the explanation with 'Explanation:'.

Thanks very much!","Answer:
Janissary: Why did the vizier raise the grain tax this winter?
Vizier: The empire’s border forts are magnificent symbols of our heritage, and our poets honor them nightly—now, Mehmed here is a cautious treasurer, and most treasurers in the empire are prudent; Mehmed is a treasurer, so he is prudent.

Explanation:
- Red herring: The vizier shifts from the question about raising the grain tax to irrelevant points (border forts as heritage, poets honoring them), diverting attention.
- Statistical syllogism: “Most treasurers in the empire are prudent; Mehmed is a treasurer; therefore, he is prudent.” This infers a particular case from a generalization that holds for most.","Janissary: Why did the vizier raise the grain tax this winter?
Vizier: The empire’s border forts are magnificent symbols of our heritage, and our poets honor them nightly—now, Mehmed here is a cautious treasurer, and most treasurers in the empire are prudent; Mehmed is a treasurer, so he is prudent.",2
"red herring, statistical syllogism",Urbanism,"Greetings! I am interested in natural language processing and I was wondering if you could help me generate an example of text that illustrates multiple skills in semantics or syntax. The example should be a minimal natural piece of text with up to a few lines in the context of Urbanism that illustrates all of the following skills: red herring, statistical syllogism. Please keep the text as short as possible, and make sure the concepts can be found fully from the text. 

For reference, here are the definitions and examples for the concepts:
**red herring**: Introducing irrelevant points to detract attention from a question. For example, A member of the press asks the president why they voted to expand a welfare program. The president responds, ""The strength of America is the strength of its communities, and I am proud to make our communities better places.""
**statistical syllogism**: A syllogism that argues, using inductive reasoning, from a generalization true for the most part to a particular case. For example, ""Almost all people are taller than 26 inches. Gareth is a person. Therefore, Gareth is taller than 26 inches.""

Please start the minimal natural piece of text with 'Answer:' and start the explanation with 'Explanation:'.

Thanks very much!","Answer:
Reporter: Why approve the new bus-only lanes downtown?
Planner: Our city’s soccer team drew record crowds last night—doesn’t that show our civic spirit?
Planner: Anyway, most cities that add bus lanes see commute times drop; Metroville is a city, so we should expect shorter commutes here.

Explanation:
- Red herring: The planner diverts from the question about bus-only lanes by bringing up the soccer team’s crowd and “civic spirit,” which is irrelevant to the transit policy.
- Statistical syllogism: “Most cities that add bus lanes see commute times drop; Metroville is a city, so we should expect shorter commutes here.” This infers a particular outcome from a general tendency.","Reporter: Why approve the new bus-only lanes downtown?
Planner: Our city’s soccer team drew record crowds last night—doesn’t that show our civic spirit?
Planner: Anyway, most cities that add bus lanes see commute times drop; Metroville is a city, so we should expect shorter commutes here.",2
"spatial reasoning, statistical syllogism",Dueling,"Greetings! I am interested in natural language processing and I was wondering if you could help me generate an example of text that illustrates multiple skills in semantics or syntax. The example should be a minimal natural piece of text with up to a few lines in the context of Dueling that illustrates all of the following skills: spatial reasoning, statistical syllogism. Please keep the text as short as possible, and make sure the concepts can be found fully from the text. 

For reference, here are the definitions and examples for the concepts:
**spatial reasoning**: The capacity to reason about the spatial relationships between objects. For example, The key fit into the box. Using spatial reasoning, one can deduce that the width of the key was smaller than the width of the box.
**statistical syllogism**: A syllogism that argues, using inductive reasoning, from a generalization true for the most part to a particular case. For example, ""Almost all people are taller than 26 inches. Gareth is a person. Therefore, Gareth is taller than 26 inches.""

Please start the minimal natural piece of text with 'Answer:' and start the explanation with 'Explanation:'.

Thanks very much!","Answer: The dueling circle is only two paces wide; Mira’s rapier fits between the posts, so she slips left along the inside path. Almost all duelists lunge with their dominant right hand; her opponent is right-handed, so his first thrust will likely come from her front-right. She angles her guard to that side and steps past his shoulder.

Explanation:
- Spatial reasoning: From “The dueling circle is only two paces wide; Mira’s rapier fits between the posts,” one can infer the rapier’s width is less than the gap between posts, and that there is enough lateral space for her to “slip left along the inside path,” reasoning about positions and clearances in the ring.
- Statistical syllogism: From the generalization “Almost all duelists lunge with their dominant right hand,” and the instance “her opponent is right-handed,” she infers the particular conclusion that “his first thrust will likely come from her front-right.”","The dueling circle is only two paces wide; Mira’s rapier fits between the posts, so she slips left along the inside path. Almost all duelists lunge with their dominant right hand; her opponent is right-handed, so his first thrust will likely come from her front-right. She angles her guard to that side and steps past his shoulder.",2
"red herring, statistical syllogism",Guerilla warfare,"Greetings! I am interested in natural language processing and I was wondering if you could help me generate an example of text that illustrates multiple skills in semantics or syntax. The example should be a minimal natural piece of text with up to a few lines in the context of Guerilla warfare that illustrates all of the following skills: red herring, statistical syllogism. Please keep the text as short as possible, and make sure the concepts can be found fully from the text. 

For reference, here are the definitions and examples for the concepts:
**red herring**: Introducing irrelevant points to detract attention from a question. For example, A member of the press asks the president why they voted to expand a welfare program. The president responds, ""The strength of America is the strength of its communities, and I am proud to make our communities better places.""
**statistical syllogism**: A syllogism that argues, using inductive reasoning, from a generalization true for the most part to a particular case. For example, ""Almost all people are taller than 26 inches. Gareth is a person. Therefore, Gareth is taller than 26 inches.""

Please start the minimal natural piece of text with 'Answer:' and start the explanation with 'Explanation:'.

Thanks very much!","Answer:
Reporter: Why did you ambush the convoy at dusk?
Guerrilla: The village festival proves our culture is strong; drums echoed all night. Anyway, most night ambushes succeed, and this is a night ambush, so it will succeed.

Explanation:
- Red herring: The guerrilla introduces an irrelevant point about the village festival and cultural strength to distract from the direct question about the ambush.
- Statistical syllogism: “Most night ambushes succeed. This is a night ambush. Therefore, it will succeed.” This moves from a general tendency to a particular case using inductive reasoning.","Reporter: Why did you ambush the convoy at dusk?
Guerrilla: The village festival proves our culture is strong; drums echoed all night. Anyway, most night ambushes succeed, and this is a night ambush, so it will succeed.",2
"spatial reasoning, statistical syllogism",Survivalism,"Greetings! I am interested in natural language processing and I was wondering if you could help me generate an example of text that illustrates multiple skills in semantics or syntax. The example should be a minimal natural piece of text with up to a few lines in the context of Survivalism that illustrates all of the following skills: spatial reasoning, statistical syllogism. Please keep the text as short as possible, and make sure the concepts can be found fully from the text. 

For reference, here are the definitions and examples for the concepts:
**spatial reasoning**: The capacity to reason about the spatial relationships between objects. For example, The key fit into the box. Using spatial reasoning, one can deduce that the width of the key was smaller than the width of the box.
**statistical syllogism**: A syllogism that argues, using inductive reasoning, from a generalization true for the most part to a particular case. For example, ""Almost all people are taller than 26 inches. Gareth is a person. Therefore, Gareth is taller than 26 inches.""

Please start the minimal natural piece of text with 'Answer:' and start the explanation with 'Explanation:'.

Thanks very much!","Answer:
The cave entrance is narrower than my shoulders, so I turn sideways to squeeze through. Most caves here stay cool and dry; this is a cave, so it’s likely cool and dry enough to store jerky safely. I stash the food on the highest ledge above the damp floor.

Explanation:
- Spatial reasoning: “The cave entrance is narrower than my shoulders, so I turn sideways to squeeze through” and “highest ledge above the damp floor” rely on spatial relations (width comparison, vertical positioning).
- Statistical syllogism: “Most caves here stay cool and dry; this is a cave, so it’s likely cool and dry enough to store jerky safely” infers a probable property of this particular cave from a general trend.","The cave entrance is narrower than my shoulders, so I turn sideways to squeeze through. Most caves here stay cool and dry; this is a cave, so it’s likely cool and dry enough to store jerky safely. I stash the food on the highest ledge above the damp floor.",2
"statistical syllogism, spatial reasoning",Dueling,"Greetings! I am interested in natural language processing and I was wondering if you could help me generate an example of text that illustrates multiple skills in semantics or syntax. The example should be a minimal natural piece of text with up to a few lines in the context of Dueling that illustrates all of the following skills: statistical syllogism, spatial reasoning. Please keep the text as short as possible, and make sure the concepts can be found fully from the text. 

For reference, here are the definitions and examples for the concepts:
**statistical syllogism**: A syllogism that argues, using inductive reasoning, from a generalization true for the most part to a particular case. For example, ""Almost all people are taller than 26 inches. Gareth is a person. Therefore, Gareth is taller than 26 inches.""
**spatial reasoning**: The capacity to reason about the spatial relationships between objects. For example, The key fit into the box. Using spatial reasoning, one can deduce that the width of the key was smaller than the width of the box.

Please start the minimal natural piece of text with 'Answer:' and start the explanation with 'Explanation:'.

Thanks very much!","Answer:
“Almost all duelists draw their blades before stepping inside the circle. Mira is a duelist, so she likely draws first. She waits at the rim while I stand in the center; since she is outside me and the ring is narrow, her lunge must pass by my left to reach my chest.”

Explanation:
- Statistical syllogism: “Almost all duelists draw their blades before stepping inside the circle. Mira is a duelist, so she likely draws first.” This infers a particular from a high-frequency generalization.
- Spatial reasoning: “She waits at the rim while I stand in the center; since she is outside me and the ring is narrow, her lunge must pass by my left to reach my chest.” This deduces the path of the lunge from the relative positions (rim vs. center), the narrow ring, and directional approach.","“Almost all duelists draw their blades before stepping inside the circle. Mira is a duelist, so she likely draws first. She waits at the rim while I stand in the center; since she is outside me and the ring is narrow, her lunge must pass by my left to reach my chest.”",2
"self serving bias, statistical syllogism",The Ottoman Empire,"Greetings! I am interested in natural language processing and I was wondering if you could help me generate an example of text that illustrates multiple skills in semantics or syntax. The example should be a minimal natural piece of text with up to a few lines in the context of The Ottoman Empire that illustrates all of the following skills: self serving bias, statistical syllogism. Please keep the text as short as possible, and make sure the concepts can be found fully from the text. 

For reference, here are the definitions and examples for the concepts:
**self serving bias**: A cognitive or perceptual process that is distorted by the need to maintain and enhance one’s self esteem. For example, ""If I do well on the exam, it’s because of my academic prowess and hard work. If I do poorly, it’s because the course was poorly taught, and the exam was poorly proctored.""
**statistical syllogism**: A syllogism that argues, using inductive reasoning, from a generalization true for the most part to a particular case. For example, ""Almost all people are taller than 26 inches. Gareth is a person. Therefore, Gareth is taller than 26 inches.""

Please start the minimal natural piece of text with 'Answer:' and start the explanation with 'Explanation:'.

Thanks very much!","Answer:
""Most Janissaries who train daily win favor at court; I am a Janissary who trains daily, so the vizier will surely commend me. And when my patrol went poorly last night, it was only because the sultan’s maps were faulty, not my judgment.""

Explanation:
- Statistical syllogism: “Most Janissaries who train daily win favor at court; I am a Janissary who trains daily, so the vizier will surely commend me.” This reasons from a generalization about most members of a group to a particular case.
- Self-serving bias: “When my patrol went poorly… it was only because the sultan’s maps were faulty, not my judgment.” Success is attributed to personal merit (anticipated commendation), while failure is blamed on external factors (faulty maps).","""Most Janissaries who train daily win favor at court; I am a Janissary who trains daily, so the vizier will surely commend me. And when my patrol went poorly last night, it was only because the sultan’s maps were faulty, not my judgment.""",2
"statistical syllogism, red herring",Beekeeping,"Greetings! I am interested in natural language processing and I was wondering if you could help me generate an example of text that illustrates multiple skills in semantics or syntax. The example should be a minimal natural piece of text with up to a few lines in the context of Beekeeping that illustrates all of the following skills: statistical syllogism, red herring. Please keep the text as short as possible, and make sure the concepts can be found fully from the text. 

For reference, here are the definitions and examples for the concepts:
**statistical syllogism**: A syllogism that argues, using inductive reasoning, from a generalization true for the most part to a particular case. For example, ""Almost all people are taller than 26 inches. Gareth is a person. Therefore, Gareth is taller than 26 inches.""
**red herring**: Introducing irrelevant points to detract attention from a question. For example, A member of the press asks the president why they voted to expand a welfare program. The president responds, ""The strength of America is the strength of its communities, and I am proud to make our communities better places.""

Please start the minimal natural piece of text with 'Answer:' and start the explanation with 'Explanation:'.

Thanks very much!","Answer: Most experienced beekeepers keep gentle Carniolan queens; my new supplier is an experienced beekeeper, so this queen is probably gentle. Anyway, have you seen how shiny the new hive tools are? They come in three colors and the blue one really matches my smoker.

Explanation:
- Statistical syllogism: “Most experienced beekeepers keep gentle Carniolan queens; my new supplier is an experienced beekeeper, so this queen is probably gentle.” This infers a particular case from a generalization that holds for most.
- Red herring: “Anyway, have you seen how shiny the new hive tools are? They come in three colors and the blue one really matches my smoker.” This shifts to irrelevant details (tool colors) to distract from the queen’s gentleness.","Most experienced beekeepers keep gentle Carniolan queens; my new supplier is an experienced beekeeper, so this queen is probably gentle. Anyway, have you seen how shiny the new hive tools are? They come in three colors and the blue one really matches my smoker.",2
"statistical syllogism, red herring",Sewing,"Greetings! I am interested in natural language processing and I was wondering if you could help me generate an example of text that illustrates multiple skills in semantics or syntax. The example should be a minimal natural piece of text with up to a few lines in the context of Sewing that illustrates all of the following skills: statistical syllogism, red herring. Please keep the text as short as possible, and make sure the concepts can be found fully from the text. 

For reference, here are the definitions and examples for the concepts:
**statistical syllogism**: A syllogism that argues, using inductive reasoning, from a generalization true for the most part to a particular case. For example, ""Almost all people are taller than 26 inches. Gareth is a person. Therefore, Gareth is taller than 26 inches.""
**red herring**: Introducing irrelevant points to detract attention from a question. For example, A member of the press asks the president why they voted to expand a welfare program. The president responds, ""The strength of America is the strength of its communities, and I am proud to make our communities better places.""

Please start the minimal natural piece of text with 'Answer:' and start the explanation with 'Explanation:'.

Thanks very much!","Answer:
“Most cotton threads fray after heavy use; this bobbin is cotton, so it’ll likely fray. But speaking of thread, did you know vintage Singer logos changed fonts in 1951?”

Explanation:
- Statistical syllogism: “Most cotton threads fray after heavy use; this bobbin is cotton, so it’ll likely fray” moves from a general statement (most cotton threads fray) to a particular case (this cotton bobbin will likely fray).
- Red herring: “But speaking of thread, did you know vintage Singer logos changed fonts in 1951?” introduces irrelevant trivia to distract from the thread-fraying issue.","“Most cotton threads fray after heavy use; this bobbin is cotton, so it’ll likely fray. But speaking of thread, did you know vintage Singer logos changed fonts in 1951?”",2
"statistical syllogism, folk physics (common knowledge physics), spatial reasoning",Survivalism,"Greetings! I am interested in natural language processing and I was wondering if you could help me generate an example of text that illustrates multiple skills in semantics or syntax. The example should be a minimal natural piece of text with up to a few lines in the context of Survivalism that illustrates all of the following skills: statistical syllogism, folk physics (common knowledge physics), spatial reasoning. Please keep the text as short as possible, and make sure the concepts can be found fully from the text. 

For reference, here are the definitions and examples for the concepts:
**statistical syllogism**: A syllogism that argues, using inductive reasoning, from a generalization true for the most part to a particular case. For example, ""Almost all people are taller than 26 inches. Gareth is a person. Therefore, Gareth is taller than 26 inches.""
**folk physics (common knowledge physics)**: The untrained human perception of basic physical phenomena. For example, ""If I roll the pen off of the table, it will fall to the floor.""
**spatial reasoning**: The capacity to reason about the spatial relationships between objects. For example, The key fit into the box. Using spatial reasoning, one can deduce that the width of the key was smaller than the width of the box.

Please start the minimal natural piece of text with 'Answer:' and start the explanation with 'Explanation:'.

Thanks very much!","Answer: Almost every dry twig snaps when bent. I’m at the north edge of camp, where the wind funnels between two boulders; sound travels farther there. So I bend a short twig to signal—if it snaps, the echo from the left wall will reach the trail, and the noise won’t carry uphill to the shelter behind me.

Explanation:
- Statistical syllogism: “Almost every dry twig snaps when bent… I bend a short twig… [therefore it will likely snap].”
- Folk physics: Bending a dry twig causes it to snap; sound travels and echoes off a rock wall; wind funnels between boulders affects how sound carries.
- Spatial reasoning: The narrator positions themselves at the north edge between two boulders, predicts the echo from the left wall reaching the trail, and that uphill to the shelter is a different direction, implying relative locations and sound paths.","Almost every dry twig snaps when bent. I’m at the north edge of camp, where the wind funnels between two boulders; sound travels farther there. So I bend a short twig to signal—if it snaps, the echo from the left wall will reach the trail, and the noise won’t carry uphill to the shelter behind me.",3
"statistical syllogism, spatial reasoning, red herring",Beekeeping,"Greetings! I am interested in natural language processing and I was wondering if you could help me generate an example of text that illustrates multiple skills in semantics or syntax. The example should be a minimal natural piece of text with up to a few lines in the context of Beekeeping that illustrates all of the following skills: statistical syllogism, spatial reasoning, red herring. Please keep the text as short as possible, and make sure the concepts can be found fully from the text. 

For reference, here are the definitions and examples for the concepts:
**statistical syllogism**: A syllogism that argues, using inductive reasoning, from a generalization true for the most part to a particular case. For example, ""Almost all people are taller than 26 inches. Gareth is a person. Therefore, Gareth is taller than 26 inches.""
**spatial reasoning**: The capacity to reason about the spatial relationships between objects. For example, The key fit into the box. Using spatial reasoning, one can deduce that the width of the key was smaller than the width of the box.
**red herring**: Introducing irrelevant points to detract attention from a question. For example, A member of the press asks the president why they voted to expand a welfare program. The president responds, ""The strength of America is the strength of its communities, and I am proud to make our communities better places.""

Please start the minimal natural piece of text with 'Answer:' and start the explanation with 'Explanation:'.

Thanks very much!","Answer: Most hives in this valley stay calm when smoked; this hive is in this valley, so it’ll likely calm down. Put the smoker upwind of the brood box and stand behind the hive, because the entrance faces south and the supers stack above it. Anyway, did you know honey labels are prettier in blue?

Explanation:
- Statistical syllogism: “Most hives in this valley stay calm when smoked; this hive is in this valley, so it’ll likely calm down.”
- Spatial reasoning: “Put the smoker upwind of the brood box and stand behind the hive, because the entrance faces south and the supers stack above it.” This relies on positions and orientations (upwind/behind/entrance direction/vertical stacking).
- Red herring: “Anyway, did you know honey labels are prettier in blue?” This is irrelevant to handling the hive and distracts from the procedure.","Most hives in this valley stay calm when smoked; this hive is in this valley, so it’ll likely calm down. Put the smoker upwind of the brood box and stand behind the hive, because the entrance faces south and the supers stack above it. Anyway, did you know honey labels are prettier in blue?",3
"folk physics (common knowledge physics), red herring, statistical syllogism",Survivalism,"Greetings! I am interested in natural language processing and I was wondering if you could help me generate an example of text that illustrates multiple skills in semantics or syntax. The example should be a minimal natural piece of text with up to a few lines in the context of Survivalism that illustrates all of the following skills: folk physics (common knowledge physics), red herring, statistical syllogism. Please keep the text as short as possible, and make sure the concepts can be found fully from the text. 

For reference, here are the definitions and examples for the concepts:
**folk physics (common knowledge physics)**: The untrained human perception of basic physical phenomena. For example, ""If I roll the pen off of the table, it will fall to the floor.""
**red herring**: Introducing irrelevant points to detract attention from a question. For example, A member of the press asks the president why they voted to expand a welfare program. The president responds, ""The strength of America is the strength of its communities, and I am proud to make our communities better places.""
**statistical syllogism**: A syllogism that argues, using inductive reasoning, from a generalization true for the most part to a particular case. For example, ""Almost all people are taller than 26 inches. Gareth is a person. Therefore, Gareth is taller than 26 inches.""

Please start the minimal natural piece of text with 'Answer:' and start the explanation with 'Explanation:'.

Thanks very much!","Answer:
The fire’s heat will boil the creek water, so it’ll be safe to drink. Most berries around here are poisonous; this one’s a berry, so it’s probably dangerous. Anyway, did you know my compass is vintage brass and looks great on camera?

Explanation:
- Folk physics: “The fire’s heat will boil the creek water” relies on common-sense physics that heating water makes it boil and boiling makes it safe.
- Statistical syllogism: “Most berries around here are poisonous; this one’s a berry, so it’s probably dangerous” infers a likely property of a particular berry from a general statistical claim.
- Red herring: “Anyway, did you know my compass is vintage brass and looks great on camera?” distracts from the urgent survival topic (safety of water and berries) with an irrelevant, aesthetic comment.","The fire’s heat will boil the creek water, so it’ll be safe to drink. Most berries around here are poisonous; this one’s a berry, so it’s probably dangerous. Anyway, did you know my compass is vintage brass and looks great on camera?",3
"red herring, self serving bias, statistical syllogism",Beekeeping,"Greetings! I am interested in natural language processing and I was wondering if you could help me generate an example of text that illustrates multiple skills in semantics or syntax. The example should be a minimal natural piece of text with up to a few lines in the context of Beekeeping that illustrates all of the following skills: red herring, self serving bias, statistical syllogism. Please keep the text as short as possible, and make sure the concepts can be found fully from the text. 

For reference, here are the definitions and examples for the concepts:
**red herring**: Introducing irrelevant points to detract attention from a question. For example, A member of the press asks the president why they voted to expand a welfare program. The president responds, ""The strength of America is the strength of its communities, and I am proud to make our communities better places.""
**self serving bias**: A cognitive or perceptual process that is distorted by the need to maintain and enhance one’s self esteem. For example, ""If I do well on the exam, it’s because of my academic prowess and hard work. If I do poorly, it’s because the course was poorly taught, and the exam was poorly proctored.""
**statistical syllogism**: A syllogism that argues, using inductive reasoning, from a generalization true for the most part to a particular case. For example, ""Almost all people are taller than 26 inches. Gareth is a person. Therefore, Gareth is taller than 26 inches.""

Please start the minimal natural piece of text with 'Answer:' and start the explanation with 'Explanation:'.

Thanks very much!","Answer:
“Why did your hives lose a colony?” “Before we get into that, let me say our honey took a blue ribbon, and the jars look beautiful on the shelf. Anyway, most colonies survive winter, and my apiary is like most, so this one should have survived too. When it didn’t, it was because the weather was freakishly bad—not my management. When my splits thrive, that’s due to my careful feeding and queen selection.”

Explanation:
- Red herring: The speaker diverts from the question about the lost colony by talking about winning a blue ribbon and pretty jars (irrelevant to the cause of the loss).
- Statistical syllogism: “Most colonies survive winter… my apiary is like most, so this one should have survived” infers a particular outcome from a general tendency.
- Self-serving bias: Successes (“my splits thrive”) are credited to the speaker’s skill, while the failure (lost colony) is blamed on external factors (“freakishly bad” weather).","“Why did your hives lose a colony?” “Before we get into that, let me say our honey took a blue ribbon, and the jars look beautiful on the shelf. Anyway, most colonies survive winter, and my apiary is like most, so this one should have survived too. When it didn’t, it was because the weather was freakishly bad—not my management. When my splits thrive, that’s due to my careful feeding and queen selection.”",3
"spatial reasoning, red herring, statistical syllogism",Dueling,"Greetings! I am interested in natural language processing and I was wondering if you could help me generate an example of text that illustrates multiple skills in semantics or syntax. The example should be a minimal natural piece of text with up to a few lines in the context of Dueling that illustrates all of the following skills: spatial reasoning, red herring, statistical syllogism. Please keep the text as short as possible, and make sure the concepts can be found fully from the text. 

For reference, here are the definitions and examples for the concepts:
**spatial reasoning**: The capacity to reason about the spatial relationships between objects. For example, The key fit into the box. Using spatial reasoning, one can deduce that the width of the key was smaller than the width of the box.
**red herring**: Introducing irrelevant points to detract attention from a question. For example, A member of the press asks the president why they voted to expand a welfare program. The president responds, ""The strength of America is the strength of its communities, and I am proud to make our communities better places.""
**statistical syllogism**: A syllogism that argues, using inductive reasoning, from a generalization true for the most part to a particular case. For example, ""Almost all people are taller than 26 inches. Gareth is a person. Therefore, Gareth is taller than 26 inches.""

Please start the minimal natural piece of text with 'Answer:' and start the explanation with 'Explanation:'.

Thanks very much!","Answer: The crowd guessed I’d lunge left, since most duelists favor their sword hand. My opponent boasted about his silk cuffs and the mayor’s applause, but I noted the pillar stands two paces to his right; if I sidestep toward the fence behind me, his blade can’t clear the gap between pillar and rail. Most right-handed duelists overextend on the third pass; he’s right-handed, so I feint twice, then slip right. His thrust jams; I touch his shoulder.

Explanation:
- Spatial reasoning: The narrator reasons about the physical layout—pillar two paces to the opponent’s right, fence behind the narrator, and the gap between pillar and rail limiting the opponent’s blade clearance—using this to trap the opponent’s thrust.
- Red herring: The opponent’s boasting about silk cuffs and the mayor’s applause is irrelevant to the duel’s outcome and distracts from the tactical considerations.
- Statistical syllogism: The narrator uses a generalization (“Most duelists favor their sword hand” and “Most right-handed duelists overextend on the third pass”), identifies the opponent as right-handed, and predicts his behavior in this specific case.","The crowd guessed I’d lunge left, since most duelists favor their sword hand. My opponent boasted about his silk cuffs and the mayor’s applause, but I noted the pillar stands two paces to his right; if I sidestep toward the fence behind me, his blade can’t clear the gap between pillar and rail. Most right-handed duelists overextend on the third pass; he’s right-handed, so I feint twice, then slip right. His thrust jams; I touch his shoulder.",3
"self serving bias, red herring, statistical syllogism",The Ottoman Empire,"Greetings! I am interested in natural language processing and I was wondering if you could help me generate an example of text that illustrates multiple skills in semantics or syntax. The example should be a minimal natural piece of text with up to a few lines in the context of The Ottoman Empire that illustrates all of the following skills: self serving bias, red herring, statistical syllogism. Please keep the text as short as possible, and make sure the concepts can be found fully from the text. 

For reference, here are the definitions and examples for the concepts:
**self serving bias**: A cognitive or perceptual process that is distorted by the need to maintain and enhance one’s self esteem. For example, ""If I do well on the exam, it’s because of my academic prowess and hard work. If I do poorly, it’s because the course was poorly taught, and the exam was poorly proctored.""
**red herring**: Introducing irrelevant points to detract attention from a question. For example, A member of the press asks the president why they voted to expand a welfare program. The president responds, ""The strength of America is the strength of its communities, and I am proud to make our communities better places.""
**statistical syllogism**: A syllogism that argues, using inductive reasoning, from a generalization true for the most part to a particular case. For example, ""Almost all people are taller than 26 inches. Gareth is a person. Therefore, Gareth is taller than 26 inches.""

Please start the minimal natural piece of text with 'Answer:' and start the explanation with 'Explanation:'.

Thanks very much!","Answer:
""My grain tax reform succeeded because of my prudence; when it failed in Rumelia, corrupt sub-governors sabotaged it. But rather than dwell on that, recall how splendid our navy looked in yesterday’s parade. Most Janissaries obey orders, and Hasan is a Janissary, so he will obey the new levy without trouble.""

Explanation:
- Self-serving bias: “My grain tax reform succeeded because of my prudence; when it failed in Rumelia, corrupt sub-governors sabotaged it.” The speaker credits success to personal qualities and blames failure on external factors.
- Red herring: “But rather than dwell on that, recall how splendid our navy looked in yesterday’s parade.” This shifts attention from the tax policy’s failure to an irrelevant, flattering topic.
- Statistical syllogism: “Most Janissaries obey orders, and Hasan is a Janissary, so he will obey the new levy without trouble.” It applies a generalization about most Janissaries to the particular case of Hasan.","""My grain tax reform succeeded because of my prudence; when it failed in Rumelia, corrupt sub-governors sabotaged it. But rather than dwell on that, recall how splendid our navy looked in yesterday’s parade. Most Janissaries obey orders, and Hasan is a Janissary, so he will obey the new levy without trouble.""",3
"red herring, folk physics (common knowledge physics), statistical syllogism",Survivalism,"Greetings! I am interested in natural language processing and I was wondering if you could help me generate an example of text that illustrates multiple skills in semantics or syntax. The example should be a minimal natural piece of text with up to a few lines in the context of Survivalism that illustrates all of the following skills: red herring, folk physics (common knowledge physics), statistical syllogism. Please keep the text as short as possible, and make sure the concepts can be found fully from the text. 

For reference, here are the definitions and examples for the concepts:
**red herring**: Introducing irrelevant points to detract attention from a question. For example, A member of the press asks the president why they voted to expand a welfare program. The president responds, ""The strength of America is the strength of its communities, and I am proud to make our communities better places.""
**folk physics (common knowledge physics)**: The untrained human perception of basic physical phenomena. For example, ""If I roll the pen off of the table, it will fall to the floor.""
**statistical syllogism**: A syllogism that argues, using inductive reasoning, from a generalization true for the most part to a particular case. For example, ""Almost all people are taller than 26 inches. Gareth is a person. Therefore, Gareth is taller than 26 inches.""

Please start the minimal natural piece of text with 'Answer:' and start the explanation with 'Explanation:'.

Thanks very much!","Answer:
“We should store water in metal barrels.” “But why won’t you teach me snares?” “Because when you drop a full barrel, it falls and can crush your foot—that’s just how heavy things behave. Also, most preppers keep metal barrels; most preppers aren’t fools; so if they use them, it’s wise. Anyway, did you know my grandfather once hiked across three states with only a pocketknife?” “So… are we using metal barrels?” “Obviously—statistically, they’re the smart choice.”

Explanation:
- Red herring: The speaker diverts from the question about barrels by bringing up the grandfather’s long hike, an irrelevant anecdote.
- Folk physics: “When you drop a full barrel, it falls and can crush your foot—that’s just how heavy things behave,” relies on common-sense physics about gravity and weight.
- Statistical syllogism: “Most preppers keep metal barrels; most preppers aren’t fools; so if they use them, it’s wise” infers from a generalization about most preppers to the particular choice to use metal barrels.","“We should store water in metal barrels.” “But why won’t you teach me snares?” “Because when you drop a full barrel, it falls and can crush your foot—that’s just how heavy things behave. Also, most preppers keep metal barrels; most preppers aren’t fools; so if they use them, it’s wise. Anyway, did you know my grandfather once hiked across three states with only a pocketknife?” “So… are we using metal barrels?” “Obviously—statistically, they’re the smart choice.”",3
"statistical syllogism, folk physics (common knowledge physics), self serving bias",Beekeeping,"Greetings! I am interested in natural language processing and I was wondering if you could help me generate an example of text that illustrates multiple skills in semantics or syntax. The example should be a minimal natural piece of text with up to a few lines in the context of Beekeeping that illustrates all of the following skills: statistical syllogism, folk physics (common knowledge physics), self serving bias. Please keep the text as short as possible, and make sure the concepts can be found fully from the text. 

For reference, here are the definitions and examples for the concepts:
**statistical syllogism**: A syllogism that argues, using inductive reasoning, from a generalization true for the most part to a particular case. For example, ""Almost all people are taller than 26 inches. Gareth is a person. Therefore, Gareth is taller than 26 inches.""
**folk physics (common knowledge physics)**: The untrained human perception of basic physical phenomena. For example, ""If I roll the pen off of the table, it will fall to the floor.""
**self serving bias**: A cognitive or perceptual process that is distorted by the need to maintain and enhance one’s self esteem. For example, ""If I do well on the exam, it’s because of my academic prowess and hard work. If I do poorly, it’s because the course was poorly taught, and the exam was poorly proctored.""

Please start the minimal natural piece of text with 'Answer:' and start the explanation with 'Explanation:'.

Thanks very much!","Answer: Most hives stay calm after smoke, and mine is a hive, so today it should stay calm. I set the smoker down gently—if I tip it, hot embers will spill and burn the grass. When the inspection went smoothly, it was my careful technique; when I got stung yesterday, it was because the weather turned weird, not because I rushed.

Explanation: 
- Statistical syllogism: “Most hives stay calm after smoke, and mine is a hive, so today it should stay calm.”
- Folk physics: “If I tip [the smoker], hot embers will spill and burn the grass.”
- Self-serving bias: Success attributed to the speaker’s skill (“my careful technique”), failure attributed to external factors (“the weather turned weird”).","Most hives stay calm after smoke, and mine is a hive, so today it should stay calm. I set the smoker down gently—if I tip it, hot embers will spill and burn the grass. When the inspection went smoothly, it was my careful technique; when I got stung yesterday, it was because the weather turned weird, not because I rushed.",3
"statistical syllogism, folk physics (common knowledge physics), spatial reasoning",Guerilla warfare,"Greetings! I am interested in natural language processing and I was wondering if you could help me generate an example of text that illustrates multiple skills in semantics or syntax. The example should be a minimal natural piece of text with up to a few lines in the context of Guerilla warfare that illustrates all of the following skills: statistical syllogism, folk physics (common knowledge physics), spatial reasoning. Please keep the text as short as possible, and make sure the concepts can be found fully from the text. 

For reference, here are the definitions and examples for the concepts:
**statistical syllogism**: A syllogism that argues, using inductive reasoning, from a generalization true for the most part to a particular case. For example, ""Almost all people are taller than 26 inches. Gareth is a person. Therefore, Gareth is taller than 26 inches.""
**folk physics (common knowledge physics)**: The untrained human perception of basic physical phenomena. For example, ""If I roll the pen off of the table, it will fall to the floor.""
**spatial reasoning**: The capacity to reason about the spatial relationships between objects. For example, The key fit into the box. Using spatial reasoning, one can deduce that the width of the key was smaller than the width of the box.

Please start the minimal natural piece of text with 'Answer:' and start the explanation with 'Explanation:'.

Thanks very much!","Answer: Most villages here hide guerrillas; this barn is a village building, so it probably hides one. We keep low behind the stone wall, because bullets travel straight and stones stop them. The sentry is uphill and to our left; if we crawl along the terrace edge, the wall will still cover us while moving closer to the barn door.

Explanation:
- Statistical syllogism: “Most villages here hide guerrillas; this barn is a village building, so it probably hides one.”
- Folk physics: “bullets travel straight and stones stop them.”
- Spatial reasoning: “sentry is uphill and to our left; if we crawl along the terrace edge, the wall will still cover us while moving closer to the barn door” infers relative positions, cover, and movement paths.","Most villages here hide guerrillas; this barn is a village building, so it probably hides one. We keep low behind the stone wall, because bullets travel straight and stones stop them. The sentry is uphill and to our left; if we crawl along the terrace edge, the wall will still cover us while moving closer to the barn door.",3
"folk physics (common knowledge physics), self serving bias, statistical syllogism",Dueling,"Greetings! I am interested in natural language processing and I was wondering if you could help me generate an example of text that illustrates multiple skills in semantics or syntax. The example should be a minimal natural piece of text with up to a few lines in the context of Dueling that illustrates all of the following skills: folk physics (common knowledge physics), self serving bias, statistical syllogism. Please keep the text as short as possible, and make sure the concepts can be found fully from the text. 

For reference, here are the definitions and examples for the concepts:
**folk physics (common knowledge physics)**: The untrained human perception of basic physical phenomena. For example, ""If I roll the pen off of the table, it will fall to the floor.""
**self serving bias**: A cognitive or perceptual process that is distorted by the need to maintain and enhance one’s self esteem. For example, ""If I do well on the exam, it’s because of my academic prowess and hard work. If I do poorly, it’s because the course was poorly taught, and the exam was poorly proctored.""
**statistical syllogism**: A syllogism that argues, using inductive reasoning, from a generalization true for the most part to a particular case. For example, ""Almost all people are taller than 26 inches. Gareth is a person. Therefore, Gareth is taller than 26 inches.""

Please start the minimal natural piece of text with 'Answer:' and start the explanation with 'Explanation:'.

Thanks very much!","Answer:
The dueling judge says, “Most duels end when one fighter slips; your footing looks wet, so you’ll likely fall.” I tell my second, “If I win, it’s my training; if I lose, the sun’s in my eyes.” We touch blades; if I shove too hard, his balance will break and he’ll topple to the ground.

Explanation:
- Folk physics: “if I shove too hard, his balance will break and he’ll topple to the ground” and “your footing looks wet, so you’ll likely fall” appeal to common-sense physics about slipping, balance, and falling.
- Self-serving bias: “If I win, it’s my training; if I lose, the sun’s in my eyes” attributes success to internal skill and failure to external factors.
- Statistical syllogism: “Most duels end when one fighter slips; your footing looks wet, so you’ll likely fall” moves from a general tendency (“Most duels…”) to a specific prediction about the opponent.","The dueling judge says, “Most duels end when one fighter slips; your footing looks wet, so you’ll likely fall.” I tell my second, “If I win, it’s my training; if I lose, the sun’s in my eyes.” We touch blades; if I shove too hard, his balance will break and he’ll topple to the ground.",3
"statistical syllogism, self serving bias, red herring",Urbanism,"Greetings! I am interested in natural language processing and I was wondering if you could help me generate an example of text that illustrates multiple skills in semantics or syntax. The example should be a minimal natural piece of text with up to a few lines in the context of Urbanism that illustrates all of the following skills: statistical syllogism, self serving bias, red herring. Please keep the text as short as possible, and make sure the concepts can be found fully from the text. 

For reference, here are the definitions and examples for the concepts:
**statistical syllogism**: A syllogism that argues, using inductive reasoning, from a generalization true for the most part to a particular case. For example, ""Almost all people are taller than 26 inches. Gareth is a person. Therefore, Gareth is taller than 26 inches.""
**self serving bias**: A cognitive or perceptual process that is distorted by the need to maintain and enhance one’s self esteem. For example, ""If I do well on the exam, it’s because of my academic prowess and hard work. If I do poorly, it’s because the course was poorly taught, and the exam was poorly proctored.""
**red herring**: Introducing irrelevant points to detract attention from a question. For example, A member of the press asks the president why they voted to expand a welfare program. The president responds, ""The strength of America is the strength of its communities, and I am proud to make our communities better places.""

Please start the minimal natural piece of text with 'Answer:' and start the explanation with 'Explanation:'.

Thanks very much!","Answer: Most new transit-oriented developments reduce car use, and Harbor Heights is a TOD, so Harbor Heights will likely cut car trips. If the pilot street redesign succeeds, it’s thanks to my leadership; if it flops, it’s because the state starved us of funds. Anyway, shouldn’t we really be celebrating our city’s historic waterfront instead of nitpicking traffic counts?

Explanation:
- Statistical syllogism: “Most new transit-oriented developments reduce car use, and Harbor Heights is a TOD, so Harbor Heights will likely cut car trips.”
- Self-serving bias: “If the pilot street redesign succeeds, it’s thanks to my leadership; if it flops, it’s because the state starved us of funds.”
- Red herring: “Anyway, shouldn’t we really be celebrating our city’s historic waterfront instead of nitpicking traffic counts?” (irrelevant shift away from the traffic question)","Most new transit-oriented developments reduce car use, and Harbor Heights is a TOD, so Harbor Heights will likely cut car trips. If the pilot street redesign succeeds, it’s thanks to my leadership; if it flops, it’s because the state starved us of funds. Anyway, shouldn’t we really be celebrating our city’s historic waterfront instead of nitpicking traffic counts?",3
"red herring, statistical syllogism, self serving bias",Beekeeping,"Greetings! I am interested in natural language processing and I was wondering if you could help me generate an example of text that illustrates multiple skills in semantics or syntax. The example should be a minimal natural piece of text with up to a few lines in the context of Beekeeping that illustrates all of the following skills: red herring, statistical syllogism, self serving bias. Please keep the text as short as possible, and make sure the concepts can be found fully from the text. 

For reference, here are the definitions and examples for the concepts:
**red herring**: Introducing irrelevant points to detract attention from a question. For example, A member of the press asks the president why they voted to expand a welfare program. The president responds, ""The strength of America is the strength of its communities, and I am proud to make our communities better places.""
**statistical syllogism**: A syllogism that argues, using inductive reasoning, from a generalization true for the most part to a particular case. For example, ""Almost all people are taller than 26 inches. Gareth is a person. Therefore, Gareth is taller than 26 inches.""
**self serving bias**: A cognitive or perceptual process that is distorted by the need to maintain and enhance one’s self esteem. For example, ""If I do well on the exam, it’s because of my academic prowess and hard work. If I do poorly, it’s because the course was poorly taught, and the exam was poorly proctored.""

Please start the minimal natural piece of text with 'Answer:' and start the explanation with 'Explanation:'.

Thanks very much!","Answer:
“Why are your hive yields down this spring?” 
“Well, the new labels on the honey jars look fantastic, and the farm’s fence got a fresh coat of paint.” 
“Anyway, most local beekeepers who add a second brood box by April see higher yields; I added one, so we should be fine.” 
“And if the harvest is good, it’s thanks to my careful management—if it’s poor, the weather and pesticide drift are to blame.”

Explanation:
- Red herring: The beekeeper diverts from the yield question by talking about honey labels and a painted fence (irrelevant points).
- Statistical syllogism: “Most local beekeepers who add a second brood box by April see higher yields; I added one, so we should be fine.” General pattern applied to a particular case.
- Self-serving bias: Success attributed to the beekeeper’s skill; failure attributed to external factors (weather and pesticide drift).","“Why are your hive yields down this spring?” 
“Well, the new labels on the honey jars look fantastic, and the farm’s fence got a fresh coat of paint.” 
“Anyway, most local beekeepers who add a second brood box by April see higher yields; I added one, so we should be fine.” 
“And if the harvest is good, it’s thanks to my careful management—if it’s poor, the weather and pesticide drift are to blame.”",3
"spatial reasoning, folk physics (common knowledge physics), statistical syllogism",Dueling,"Greetings! I am interested in natural language processing and I was wondering if you could help me generate an example of text that illustrates multiple skills in semantics or syntax. The example should be a minimal natural piece of text with up to a few lines in the context of Dueling that illustrates all of the following skills: spatial reasoning, folk physics (common knowledge physics), statistical syllogism. Please keep the text as short as possible, and make sure the concepts can be found fully from the text. 

For reference, here are the definitions and examples for the concepts:
**spatial reasoning**: The capacity to reason about the spatial relationships between objects. For example, The key fit into the box. Using spatial reasoning, one can deduce that the width of the key was smaller than the width of the box.
**folk physics (common knowledge physics)**: The untrained human perception of basic physical phenomena. For example, ""If I roll the pen off of the table, it will fall to the floor.""
**statistical syllogism**: A syllogism that argues, using inductive reasoning, from a generalization true for the most part to a particular case. For example, ""Almost all people are taller than 26 inches. Gareth is a person. Therefore, Gareth is taller than 26 inches.""

Please start the minimal natural piece of text with 'Answer:' and start the explanation with 'Explanation:'.

Thanks very much!","Answer: The duelist stepped left because the wall was behind him and the ring’s edge in front; if he backed up, he’d stumble and fall off the platform. He raised his guard high—most thrusts aim centerline—so this one probably would too.

Explanation:
- Spatial reasoning: The duelist notes the wall behind and the ring’s edge in front, choosing to step left to avoid collision or stepping off. This relies on understanding relative positions.
- Folk physics: “If he backed up, he’d stumble and fall off the platform” invokes basic gravity and balance—stepping backward near an edge risks falling.
- Statistical syllogism: “Most thrusts aim centerline; so this one probably would too” applies a general tendency (most thrusts target the centerline) to predict the specific opponent’s likely attack.","The duelist stepped left because the wall was behind him and the ring’s edge in front; if he backed up, he’d stumble and fall off the platform. He raised his guard high—most thrusts aim centerline—so this one probably would too.",3
"red herring, self serving bias, statistical syllogism",Beekeeping,"Greetings! I am interested in natural language processing and I was wondering if you could help me generate an example of text that illustrates multiple skills in semantics or syntax. The example should be a minimal natural piece of text with up to a few lines in the context of Beekeeping that illustrates all of the following skills: red herring, self serving bias, statistical syllogism. Please keep the text as short as possible, and make sure the concepts can be found fully from the text. 

For reference, here are the definitions and examples for the concepts:
**red herring**: Introducing irrelevant points to detract attention from a question. For example, A member of the press asks the president why they voted to expand a welfare program. The president responds, ""The strength of America is the strength of its communities, and I am proud to make our communities better places.""
**self serving bias**: A cognitive or perceptual process that is distorted by the need to maintain and enhance one’s self esteem. For example, ""If I do well on the exam, it’s because of my academic prowess and hard work. If I do poorly, it’s because the course was poorly taught, and the exam was poorly proctored.""
**statistical syllogism**: A syllogism that argues, using inductive reasoning, from a generalization true for the most part to a particular case. For example, ""Almost all people are taller than 26 inches. Gareth is a person. Therefore, Gareth is taller than 26 inches.""

Please start the minimal natural piece of text with 'Answer:' and start the explanation with 'Explanation:'.

Thanks very much!","Answer:
Reporter: Why did your honey yield drop this season?
Beekeeper: Our valley’s rainfall charts look great—and my new label design won a county award. Anyway, most beekeepers keep gentle Italians; my colonies are Italians, so they’re probably thriving. And when production falls, it’s because neighbors spray pesticides; when it rises, it’s thanks to my careful management.

Explanation:
- Red herring: The beekeeper diverts from the yield question by talking about rainfall charts and a label award—irrelevant to the specific drop in yield.
- Statistical syllogism: “Most beekeepers keep gentle Italians; my colonies are Italians; so they’re probably thriving.” This infers a particular case from a general tendency.
- Self-serving bias: The beekeeper attributes success (“when it rises”) to personal skill and blames failures (“when it falls”) on external factors (neighbors’ pesticides).","Reporter: Why did your honey yield drop this season?
Beekeeper: Our valley’s rainfall charts look great—and my new label design won a county award. Anyway, most beekeepers keep gentle Italians; my colonies are Italians, so they’re probably thriving. And when production falls, it’s because neighbors spray pesticides; when it rises, it’s thanks to my careful management.",3
"self serving bias, red herring, statistical syllogism",Guerilla warfare,"Greetings! I am interested in natural language processing and I was wondering if you could help me generate an example of text that illustrates multiple skills in semantics or syntax. The example should be a minimal natural piece of text with up to a few lines in the context of Guerilla warfare that illustrates all of the following skills: self serving bias, red herring, statistical syllogism. Please keep the text as short as possible, and make sure the concepts can be found fully from the text. 

For reference, here are the definitions and examples for the concepts:
**self serving bias**: A cognitive or perceptual process that is distorted by the need to maintain and enhance one’s self esteem. For example, ""If I do well on the exam, it’s because of my academic prowess and hard work. If I do poorly, it’s because the course was poorly taught, and the exam was poorly proctored.""
**red herring**: Introducing irrelevant points to detract attention from a question. For example, A member of the press asks the president why they voted to expand a welfare program. The president responds, ""The strength of America is the strength of its communities, and I am proud to make our communities better places.""
**statistical syllogism**: A syllogism that argues, using inductive reasoning, from a generalization true for the most part to a particular case. For example, ""Almost all people are taller than 26 inches. Gareth is a person. Therefore, Gareth is taller than 26 inches.""

Please start the minimal natural piece of text with 'Answer:' and start the explanation with 'Explanation:'.

Thanks very much!","Answer: The ambush failed because the terrain was cursed, not because of my plan. Anyway, debating blame won’t feed the orphans the regime created. Most village scouts spot patrols before dawn; Lina is a village scout, so she’ll spot the patrol before dawn—so let’s move.

Explanation:
- Self-serving bias: “The ambush failed because the terrain was cursed, not because of my plan.” The speaker attributes failure to external factors rather than their own strategy.
- Red herring: “Anyway, debating blame won’t feed the orphans the regime created.” This introduces an emotionally charged but irrelevant point to deflect from the question of blame for the failed ambush.
- Statistical syllogism: “Most village scouts spot patrols before dawn; Lina is a village scout, so she’ll spot the patrol before dawn.” This infers a particular conclusion about Lina from a general tendency.","The ambush failed because the terrain was cursed, not because of my plan. Anyway, debating blame won’t feed the orphans the regime created. Most village scouts spot patrols before dawn; Lina is a village scout, so she’ll spot the patrol before dawn—so let’s move.",3
"red herring, folk physics (common knowledge physics), statistical syllogism",Beekeeping,"Greetings! I am interested in natural language processing and I was wondering if you could help me generate an example of text that illustrates multiple skills in semantics or syntax. The example should be a minimal natural piece of text with up to a few lines in the context of Beekeeping that illustrates all of the following skills: red herring, folk physics (common knowledge physics), statistical syllogism. Please keep the text as short as possible, and make sure the concepts can be found fully from the text. 

For reference, here are the definitions and examples for the concepts:
**red herring**: Introducing irrelevant points to detract attention from a question. For example, A member of the press asks the president why they voted to expand a welfare program. The president responds, ""The strength of America is the strength of its communities, and I am proud to make our communities better places.""
**folk physics (common knowledge physics)**: The untrained human perception of basic physical phenomena. For example, ""If I roll the pen off of the table, it will fall to the floor.""
**statistical syllogism**: A syllogism that argues, using inductive reasoning, from a generalization true for the most part to a particular case. For example, ""Almost all people are taller than 26 inches. Gareth is a person. Therefore, Gareth is taller than 26 inches.""

Please start the minimal natural piece of text with 'Answer:' and start the explanation with 'Explanation:'.

Thanks very much!","Answer:
“Should we open the hive today?” asked Lina.
“Most beekeepers avoid opening hives when it’s below 50°F, and it’s 45°F now—so we shouldn’t,” said Marco.
“Also, if we lift the lid, warm air rises and escapes, and the brood could chill,” he added.
“Besides, the new smoker is blue and matches my gloves,” Lina said.

Explanation:
- Statistical syllogism: “Most beekeepers avoid opening hives when it’s below 50°F, and it’s 45°F now—so we shouldn’t.” This reasons from a general tendency to the particular case.
- Folk physics (common knowledge physics): “If we lift the lid, warm air rises and escapes, and the brood could chill.” This invokes intuitive physical reasoning about heat rising and heat loss.
- Red herring: “Besides, the new smoker is blue and matches my gloves.” This is an irrelevant point introduced to distract from the decision about whether to open the hive.","“Should we open the hive today?” asked Lina.
“Most beekeepers avoid opening hives when it’s below 50°F, and it’s 45°F now—so we shouldn’t,” said Marco.
“Also, if we lift the lid, warm air rises and escapes, and the brood could chill,” he added.
“Besides, the new smoker is blue and matches my gloves,” Lina said.",3
"statistical syllogism, spatial reasoning, self serving bias",Dueling,"Greetings! I am interested in natural language processing and I was wondering if you could help me generate an example of text that illustrates multiple skills in semantics or syntax. The example should be a minimal natural piece of text with up to a few lines in the context of Dueling that illustrates all of the following skills: statistical syllogism, spatial reasoning, self serving bias. Please keep the text as short as possible, and make sure the concepts can be found fully from the text. 

For reference, here are the definitions and examples for the concepts:
**statistical syllogism**: A syllogism that argues, using inductive reasoning, from a generalization true for the most part to a particular case. For example, ""Almost all people are taller than 26 inches. Gareth is a person. Therefore, Gareth is taller than 26 inches.""
**spatial reasoning**: The capacity to reason about the spatial relationships between objects. For example, The key fit into the box. Using spatial reasoning, one can deduce that the width of the key was smaller than the width of the box.
**self serving bias**: A cognitive or perceptual process that is distorted by the need to maintain and enhance one’s self esteem. For example, ""If I do well on the exam, it’s because of my academic prowess and hard work. If I do poorly, it’s because the course was poorly taught, and the exam was poorly proctored.""

Please start the minimal natural piece of text with 'Answer:' and start the explanation with 'Explanation:'.

Thanks very much!","Answer:
“Most duels end with the taller fighter winning; I’m taller than Marcus, so I’ll probably win. The ring is eight paces across, and if I keep him to the outer edge while I stand center, his lunge will fall short. And if I do win, it’s my skill; if I lose, it’s because the grounds were slick and the referee favored him.”

Explanation:
- Statistical syllogism: “Most duels end with the taller fighter winning; I’m taller than Marcus, so I’ll probably win.”
- Spatial reasoning: “The ring is eight paces across, and if I keep him to the outer edge while I stand center, his lunge will fall short.”
- Self-serving bias: “And if I do win, it’s my skill; if I lose, it’s because the grounds were slick and the referee favored him.”","“Most duels end with the taller fighter winning; I’m taller than Marcus, so I’ll probably win. The ring is eight paces across, and if I keep him to the outer edge while I stand center, his lunge will fall short. And if I do win, it’s my skill; if I lose, it’s because the grounds were slick and the referee favored him.”",3
"statistical syllogism, red herring, self serving bias",Survivalism,"Greetings! I am interested in natural language processing and I was wondering if you could help me generate an example of text that illustrates multiple skills in semantics or syntax. The example should be a minimal natural piece of text with up to a few lines in the context of Survivalism that illustrates all of the following skills: statistical syllogism, red herring, self serving bias. Please keep the text as short as possible, and make sure the concepts can be found fully from the text. 

For reference, here are the definitions and examples for the concepts:
**statistical syllogism**: A syllogism that argues, using inductive reasoning, from a generalization true for the most part to a particular case. For example, ""Almost all people are taller than 26 inches. Gareth is a person. Therefore, Gareth is taller than 26 inches.""
**red herring**: Introducing irrelevant points to detract attention from a question. For example, A member of the press asks the president why they voted to expand a welfare program. The president responds, ""The strength of America is the strength of its communities, and I am proud to make our communities better places.""
**self serving bias**: A cognitive or perceptual process that is distorted by the need to maintain and enhance one’s self esteem. For example, ""If I do well on the exam, it’s because of my academic prowess and hard work. If I do poorly, it’s because the course was poorly taught, and the exam was poorly proctored.""

Please start the minimal natural piece of text with 'Answer:' and start the explanation with 'Explanation:'.

Thanks very much!","Answer: Almost every seasoned prepper keeps a water filter. I’m a prepper, so I’ll be fine with water. Anyway, talking about risk is pointless when city folks don’t even know how to can peaches. And if my last trip went badly, it’s only because the trail was mislabeled; when it goes well, it’s my skill.

Explanation:
- Statistical syllogism: “Almost every seasoned prepper keeps a water filter. I’m a prepper, so I’ll be fine with water.”
- Red herring: “Anyway, talking about risk is pointless when city folks don’t even know how to can peaches.” (irrelevant shift from water-risk to criticizing outsiders)
- Self-serving bias: “If my last trip went badly, it’s only because the trail was mislabeled; when it goes well, it’s my skill.”","Almost every seasoned prepper keeps a water filter. I’m a prepper, so I’ll be fine with water. Anyway, talking about risk is pointless when city folks don’t even know how to can peaches. And if my last trip went badly, it’s only because the trail was mislabeled; when it goes well, it’s my skill.",3
"statistical syllogism, folk physics (common knowledge physics), spatial reasoning",Dueling,"Greetings! I am interested in natural language processing and I was wondering if you could help me generate an example of text that illustrates multiple skills in semantics or syntax. The example should be a minimal natural piece of text with up to a few lines in the context of Dueling that illustrates all of the following skills: statistical syllogism, folk physics (common knowledge physics), spatial reasoning. Please keep the text as short as possible, and make sure the concepts can be found fully from the text. 

For reference, here are the definitions and examples for the concepts:
**statistical syllogism**: A syllogism that argues, using inductive reasoning, from a generalization true for the most part to a particular case. For example, ""Almost all people are taller than 26 inches. Gareth is a person. Therefore, Gareth is taller than 26 inches.""
**folk physics (common knowledge physics)**: The untrained human perception of basic physical phenomena. For example, ""If I roll the pen off of the table, it will fall to the floor.""
**spatial reasoning**: The capacity to reason about the spatial relationships between objects. For example, The key fit into the box. Using spatial reasoning, one can deduce that the width of the key was smaller than the width of the box.

Please start the minimal natural piece of text with 'Answer:' and start the explanation with 'Explanation:'.

Thanks very much!","Answer:
In the dueling yard, Elena thinks, “Most right-handed duelists favor strikes from their right. Hugo is right-handed, so he’ll likely lead right.” She steps left of the chalk circle’s center so his sword must cross more space to reach her. When he lunges, his blade, pulled by gravity, dips; her raised guard meets it before it can fall further, and his arm’s angle shows there’s no room between his blade and the post behind her, so he can’t cut across without hitting it.

Explanation:
- Statistical syllogism: “Most right-handed duelists favor strikes from their right. Hugo is right-handed, so he’ll likely lead right.”
- Folk physics: “When he lunges, his blade, pulled by gravity, dips,” showing common-sense understanding that objects are pulled downward.
- Spatial reasoning: She positions “left of the chalk circle’s center so his sword must cross more space,” and notes “no room between his blade and the post behind her,” deducing spatial constraints that block his cut.","In the dueling yard, Elena thinks, “Most right-handed duelists favor strikes from their right. Hugo is right-handed, so he’ll likely lead right.” She steps left of the chalk circle’s center so his sword must cross more space to reach her. When he lunges, his blade, pulled by gravity, dips; her raised guard meets it before it can fall further, and his arm’s angle shows there’s no room between his blade and the post behind her, so he can’t cut across without hitting it.",3
"spatial reasoning, statistical syllogism, red herring",Dueling,"Greetings! I am interested in natural language processing and I was wondering if you could help me generate an example of text that illustrates multiple skills in semantics or syntax. The example should be a minimal natural piece of text with up to a few lines in the context of Dueling that illustrates all of the following skills: spatial reasoning, statistical syllogism, red herring. Please keep the text as short as possible, and make sure the concepts can be found fully from the text. 

For reference, here are the definitions and examples for the concepts:
**spatial reasoning**: The capacity to reason about the spatial relationships between objects. For example, The key fit into the box. Using spatial reasoning, one can deduce that the width of the key was smaller than the width of the box.
**statistical syllogism**: A syllogism that argues, using inductive reasoning, from a generalization true for the most part to a particular case. For example, ""Almost all people are taller than 26 inches. Gareth is a person. Therefore, Gareth is taller than 26 inches.""
**red herring**: Introducing irrelevant points to detract attention from a question. For example, A member of the press asks the president why they voted to expand a welfare program. The president responds, ""The strength of America is the strength of its communities, and I am proud to make our communities better places.""

Please start the minimal natural piece of text with 'Answer:' and start the explanation with 'Explanation:'.

Thanks very much!","Answer: The duelist stepped left so the sun was behind him and his sword’s tip cleared the narrow gap between the pillars. Most duelists favor quick thrusts; he’s a duelist, so he’ll likely thrust first. “But before blades cross,” he declared, “consider the velvet trim on my hat—imported, exquisite!” His opponent blinked.

Explanation:
- Spatial reasoning: “stepped left so the sun was behind him and his sword’s tip cleared the narrow gap between the pillars” relies on relative positions, occlusion, and object dimensions.
- Statistical syllogism: “Most duelists favor quick thrusts; he’s a duelist, so he’ll likely thrust first” infers a particular from a general tendency.
- Red herring: “consider the velvet trim on my hat—imported, exquisite!” diverts attention from the imminent attack to irrelevant hat details.","The duelist stepped left so the sun was behind him and his sword’s tip cleared the narrow gap between the pillars. Most duelists favor quick thrusts; he’s a duelist, so he’ll likely thrust first. “But before blades cross,” he declared, “consider the velvet trim on my hat—imported, exquisite!” His opponent blinked.",3
"statistical syllogism, folk physics (common knowledge physics), spatial reasoning",The Ottoman Empire,"Greetings! I am interested in natural language processing and I was wondering if you could help me generate an example of text that illustrates multiple skills in semantics or syntax. The example should be a minimal natural piece of text with up to a few lines in the context of The Ottoman Empire that illustrates all of the following skills: statistical syllogism, folk physics (common knowledge physics), spatial reasoning. Please keep the text as short as possible, and make sure the concepts can be found fully from the text. 

For reference, here are the definitions and examples for the concepts:
**statistical syllogism**: A syllogism that argues, using inductive reasoning, from a generalization true for the most part to a particular case. For example, ""Almost all people are taller than 26 inches. Gareth is a person. Therefore, Gareth is taller than 26 inches.""
**folk physics (common knowledge physics)**: The untrained human perception of basic physical phenomena. For example, ""If I roll the pen off of the table, it will fall to the floor.""
**spatial reasoning**: The capacity to reason about the spatial relationships between objects. For example, The key fit into the box. Using spatial reasoning, one can deduce that the width of the key was smaller than the width of the box.

Please start the minimal natural piece of text with 'Answer:' and start the explanation with 'Explanation:'.

Thanks very much!","Answer: In the bazaar of Ottoman Bursa, most janissaries wear helmets in the sun. Hasan is a janissary, so he likely wears a helmet. He sets a brass bowl on the stall’s edge; if he nudges it, it will drop to the cobblestones. The alley is narrower than his cart’s axle, so the cart cannot pass between the walls.

Explanation:
- Statistical syllogism: “Most janissaries wear helmets... Hasan is a janissary, so he likely wears a helmet.”
- Folk physics: “If he nudges [the bowl on the edge], it will drop to the cobblestones.”
- Spatial reasoning: “The alley is narrower than his cart’s axle, so the cart cannot pass between the walls.”","In the bazaar of Ottoman Bursa, most janissaries wear helmets in the sun. Hasan is a janissary, so he likely wears a helmet. He sets a brass bowl on the stall’s edge; if he nudges it, it will drop to the cobblestones. The alley is narrower than his cart’s axle, so the cart cannot pass between the walls.",3
"self serving bias, red herring, statistical syllogism",Beekeeping,"Greetings! I am interested in natural language processing and I was wondering if you could help me generate an example of text that illustrates multiple skills in semantics or syntax. The example should be a minimal natural piece of text with up to a few lines in the context of Beekeeping that illustrates all of the following skills: self serving bias, red herring, statistical syllogism. Please keep the text as short as possible, and make sure the concepts can be found fully from the text. 

For reference, here are the definitions and examples for the concepts:
**self serving bias**: A cognitive or perceptual process that is distorted by the need to maintain and enhance one’s self esteem. For example, ""If I do well on the exam, it’s because of my academic prowess and hard work. If I do poorly, it’s because the course was poorly taught, and the exam was poorly proctored.""
**red herring**: Introducing irrelevant points to detract attention from a question. For example, A member of the press asks the president why they voted to expand a welfare program. The president responds, ""The strength of America is the strength of its communities, and I am proud to make our communities better places.""
**statistical syllogism**: A syllogism that argues, using inductive reasoning, from a generalization true for the most part to a particular case. For example, ""Almost all people are taller than 26 inches. Gareth is a person. Therefore, Gareth is taller than 26 inches.""

Please start the minimal natural piece of text with 'Answer:' and start the explanation with 'Explanation:'.

Thanks very much!","Answer: “My honey harvest was great because I’m a skilled beekeeper; last year’s poor yield was just bad weather. And anyway, have you seen how charming our new hive paint looks? Most backyard hives thrive by midsummer; mine’s a backyard hive, so it’ll thrive.”

Explanation:
- Self-serving bias: “My honey harvest was great because I’m a skilled beekeeper; last year’s poor yield was just bad weather.” Credit success to self, blame failure on external factors.
- Red herring: “And anyway, have you seen how charming our new hive paint looks?” Irrelevant distraction from performance/yield.
- Statistical syllogism: “Most backyard hives thrive by midsummer; mine’s a backyard hive, so it’ll thrive.” Inductive move from a generalization to a particular case.","“My honey harvest was great because I’m a skilled beekeeper; last year’s poor yield was just bad weather. And anyway, have you seen how charming our new hive paint looks? Most backyard hives thrive by midsummer; mine’s a backyard hive, so it’ll thrive.”",3
"folk physics (common knowledge physics), statistical syllogism, red herring",Survivalism,"Greetings! I am interested in natural language processing and I was wondering if you could help me generate an example of text that illustrates multiple skills in semantics or syntax. The example should be a minimal natural piece of text with up to a few lines in the context of Survivalism that illustrates all of the following skills: folk physics (common knowledge physics), statistical syllogism, red herring. Please keep the text as short as possible, and make sure the concepts can be found fully from the text. 

For reference, here are the definitions and examples for the concepts:
**folk physics (common knowledge physics)**: The untrained human perception of basic physical phenomena. For example, ""If I roll the pen off of the table, it will fall to the floor.""
**statistical syllogism**: A syllogism that argues, using inductive reasoning, from a generalization true for the most part to a particular case. For example, ""Almost all people are taller than 26 inches. Gareth is a person. Therefore, Gareth is taller than 26 inches.""
**red herring**: Introducing irrelevant points to detract attention from a question. For example, A member of the press asks the president why they voted to expand a welfare program. The president responds, ""The strength of America is the strength of its communities, and I am proud to make our communities better places.""

Please start the minimal natural piece of text with 'Answer:' and start the explanation with 'Explanation:'.

Thanks very much!","Answer:
The fire won’t burn if the wood is wet; water cools things and gravity pulls the smoke upward through the chimney gap. Most survival kits include a ferro rod; mine is a kit, so it probably has one—let me check. But before that, consider how majestic mountains are at dawn, with colors spreading like a flag—anyway, the shelter still blocks wind from the flame.

Explanation:
- Folk physics: “The fire won’t burn if the wood is wet; water cools things and gravity pulls the smoke upward through the chimney gap.” These statements reflect common-sense physical reasoning about heat, cooling, and rising smoke.
- Statistical syllogism: “Most survival kits include a ferro rod; mine is a kit, so it probably has one.” This infers a likely property of a particular case from a general tendency.
- Red herring: “But before that, consider how majestic mountains are at dawn, with colors spreading like a flag—” This irrelevant, scenic diversion distracts from the practical question of checking the kit.","The fire won’t burn if the wood is wet; water cools things and gravity pulls the smoke upward through the chimney gap. Most survival kits include a ferro rod; mine is a kit, so it probably has one—let me check. But before that, consider how majestic mountains are at dawn, with colors spreading like a flag—anyway, the shelter still blocks wind from the flame.",3
"statistical syllogism, spatial reasoning, folk physics (common knowledge physics)",Beekeeping,"Greetings! I am interested in natural language processing and I was wondering if you could help me generate an example of text that illustrates multiple skills in semantics or syntax. The example should be a minimal natural piece of text with up to a few lines in the context of Beekeeping that illustrates all of the following skills: statistical syllogism, spatial reasoning, folk physics (common knowledge physics). Please keep the text as short as possible, and make sure the concepts can be found fully from the text. 

For reference, here are the definitions and examples for the concepts:
**statistical syllogism**: A syllogism that argues, using inductive reasoning, from a generalization true for the most part to a particular case. For example, ""Almost all people are taller than 26 inches. Gareth is a person. Therefore, Gareth is taller than 26 inches.""
**spatial reasoning**: The capacity to reason about the spatial relationships between objects. For example, The key fit into the box. Using spatial reasoning, one can deduce that the width of the key was smaller than the width of the box.
**folk physics (common knowledge physics)**: The untrained human perception of basic physical phenomena. For example, ""If I roll the pen off of the table, it will fall to the floor.""

Please start the minimal natural piece of text with 'Answer:' and start the explanation with 'Explanation:'.

Thanks very much!","Answer:
Most hives I’ve kept stay calm on cloudy days; this hive is mine today, so it’s probably calm. I set the smoker above the entrance, so the smoke will drift down into the brood box. If I drop a frame, gravity will make it fall, so I grip it firmly.

Explanation:
- Statistical syllogism: “Most hives I’ve kept stay calm on cloudy days; this hive is mine today, so it’s probably calm.” Infers a particular case from a general tendency.
- Spatial reasoning: “I set the smoker above the entrance, so the smoke will drift down into the brood box.” Uses spatial relations (above, entrance, down into) to reason about positioning and flow.
- Folk physics: “If I drop a frame, gravity will make it fall, so I grip it firmly.” Applies everyday understanding of gravity and object motion.","Most hives I’ve kept stay calm on cloudy days; this hive is mine today, so it’s probably calm. I set the smoker above the entrance, so the smoke will drift down into the brood box. If I drop a frame, gravity will make it fall, so I grip it firmly.",3
"red herring, folk physics (common knowledge physics), statistical syllogism",Beekeeping,"Greetings! I am interested in natural language processing and I was wondering if you could help me generate an example of text that illustrates multiple skills in semantics or syntax. The example should be a minimal natural piece of text with up to a few lines in the context of Beekeeping that illustrates all of the following skills: red herring, folk physics (common knowledge physics), statistical syllogism. Please keep the text as short as possible, and make sure the concepts can be found fully from the text. 

For reference, here are the definitions and examples for the concepts:
**red herring**: Introducing irrelevant points to detract attention from a question. For example, A member of the press asks the president why they voted to expand a welfare program. The president responds, ""The strength of America is the strength of its communities, and I am proud to make our communities better places.""
**folk physics (common knowledge physics)**: The untrained human perception of basic physical phenomena. For example, ""If I roll the pen off of the table, it will fall to the floor.""
**statistical syllogism**: A syllogism that argues, using inductive reasoning, from a generalization true for the most part to a particular case. For example, ""Almost all people are taller than 26 inches. Gareth is a person. Therefore, Gareth is taller than 26 inches.""

Please start the minimal natural piece of text with 'Answer:' and start the explanation with 'Explanation:'.

Thanks very much!","Answer:
“Should we move the hive?” “Most healthy colonies overwinter fine here, and this one is a healthy colony, so it will probably overwinter fine. Look at that bright paint job on the hive—my niece picked the colors herself. Also, if we tip the brood box, gravity will make it drop unless we hold it, so keep a firm grip. Anyway, that’s why I think we can leave it where it is.”

Explanation:
- Red herring: “Look at that bright paint job on the hive—my niece picked the colors herself.” This irrelevant detail distracts from the question about moving the hive.
- Folk physics (common knowledge physics): “If we tip the brood box, gravity will make it drop unless we hold it, so keep a firm grip.” This appeals to basic physical intuition about objects falling when unsupported.
- Statistical syllogism: “Most healthy colonies overwinter fine here, and this one is a healthy colony, so it will probably overwinter fine.” This infers a likely outcome for a particular colony from a general tendency.","“Should we move the hive?” “Most healthy colonies overwinter fine here, and this one is a healthy colony, so it will probably overwinter fine. Look at that bright paint job on the hive—my niece picked the colors herself. Also, if we tip the brood box, gravity will make it drop unless we hold it, so keep a firm grip. Anyway, that’s why I think we can leave it where it is.”",3
"statistical syllogism, folk physics (common knowledge physics), self serving bias",Beekeeping,"Greetings! I am interested in natural language processing and I was wondering if you could help me generate an example of text that illustrates multiple skills in semantics or syntax. The example should be a minimal natural piece of text with up to a few lines in the context of Beekeeping that illustrates all of the following skills: statistical syllogism, folk physics (common knowledge physics), self serving bias. Please keep the text as short as possible, and make sure the concepts can be found fully from the text. 

For reference, here are the definitions and examples for the concepts:
**statistical syllogism**: A syllogism that argues, using inductive reasoning, from a generalization true for the most part to a particular case. For example, ""Almost all people are taller than 26 inches. Gareth is a person. Therefore, Gareth is taller than 26 inches.""
**folk physics (common knowledge physics)**: The untrained human perception of basic physical phenomena. For example, ""If I roll the pen off of the table, it will fall to the floor.""
**self serving bias**: A cognitive or perceptual process that is distorted by the need to maintain and enhance one’s self esteem. For example, ""If I do well on the exam, it’s because of my academic prowess and hard work. If I do poorly, it’s because the course was poorly taught, and the exam was poorly proctored.""

Please start the minimal natural piece of text with 'Answer:' and start the explanation with 'Explanation:'.

Thanks very much!","Answer: Almost every swarm lands on the nearest sturdy branch; this cluster just formed on the low oak limb, so it should hold. If I tip the box, gravity will slide the bees down into it. And if this hive thrives, it’s thanks to my careful management—but if it falters, the weird spring weather is to blame.

Explanation:
- Statistical syllogism: “Almost every swarm lands on the nearest sturdy branch; this cluster just formed on the low oak limb, so it should hold.” This moves from a general tendency to a particular case.
- Folk physics: “If I tip the box, gravity will slide the bees down into it.” This relies on everyday understanding of gravity and motion.
- Self-serving bias: “If this hive thrives, it’s thanks to my careful management—but if it falters, the weird spring weather is to blame.” Success is attributed to the self; failure is attributed to external factors.","Almost every swarm lands on the nearest sturdy branch; this cluster just formed on the low oak limb, so it should hold. If I tip the box, gravity will slide the bees down into it. And if this hive thrives, it’s thanks to my careful management—but if it falters, the weird spring weather is to blame.",3
"spatial reasoning, statistical syllogism, self serving bias",Dueling,"Greetings! I am interested in natural language processing and I was wondering if you could help me generate an example of text that illustrates multiple skills in semantics or syntax. The example should be a minimal natural piece of text with up to a few lines in the context of Dueling that illustrates all of the following skills: spatial reasoning, statistical syllogism, self serving bias. Please keep the text as short as possible, and make sure the concepts can be found fully from the text. 

For reference, here are the definitions and examples for the concepts:
**spatial reasoning**: The capacity to reason about the spatial relationships between objects. For example, The key fit into the box. Using spatial reasoning, one can deduce that the width of the key was smaller than the width of the box.
**statistical syllogism**: A syllogism that argues, using inductive reasoning, from a generalization true for the most part to a particular case. For example, ""Almost all people are taller than 26 inches. Gareth is a person. Therefore, Gareth is taller than 26 inches.""
**self serving bias**: A cognitive or perceptual process that is distorted by the need to maintain and enhance one’s self esteem. For example, ""If I do well on the exam, it’s because of my academic prowess and hard work. If I do poorly, it’s because the course was poorly taught, and the exam was poorly proctored.""

Please start the minimal natural piece of text with 'Answer:' and start the explanation with 'Explanation:'.

Thanks very much!","Answer:
I took three paces east and one pace north to stand at sword’s reach; the tip aligned perfectly with his ribs. Most duelists win when they control distance; he’s a duelist, so he’ll likely keep distance—so I’ll feint short. If I triumph, it’s my superior footwork; if I lose, the sun’s glare and his lucky reach decided it.

Explanation:
- Spatial reasoning: “three paces east and one pace north,” “sword’s reach,” and “the tip aligned perfectly with his ribs” indicate reasoning about positions, distances, and alignment in space.
- Statistical syllogism: “Most duelists win when they control distance; he’s a duelist, so he’ll likely keep distance—so I’ll feint short” applies a general tendency (most duelists control distance to win) to a particular case (this duelist will likely do so), guiding the action.
- Self-serving bias: “If I triumph, it’s my superior footwork; if I lose, the sun’s glare and his lucky reach decided it” attributes success to personal skill and failure to external factors.","I took three paces east and one pace north to stand at sword’s reach; the tip aligned perfectly with his ribs. Most duelists win when they control distance; he’s a duelist, so he’ll likely keep distance—so I’ll feint short. If I triumph, it’s my superior footwork; if I lose, the sun’s glare and his lucky reach decided it.",3
"spatial reasoning, statistical syllogism, red herring",Dueling,"Greetings! I am interested in natural language processing and I was wondering if you could help me generate an example of text that illustrates multiple skills in semantics or syntax. The example should be a minimal natural piece of text with up to a few lines in the context of Dueling that illustrates all of the following skills: spatial reasoning, statistical syllogism, red herring. Please keep the text as short as possible, and make sure the concepts can be found fully from the text. 

For reference, here are the definitions and examples for the concepts:
**spatial reasoning**: The capacity to reason about the spatial relationships between objects. For example, The key fit into the box. Using spatial reasoning, one can deduce that the width of the key was smaller than the width of the box.
**statistical syllogism**: A syllogism that argues, using inductive reasoning, from a generalization true for the most part to a particular case. For example, ""Almost all people are taller than 26 inches. Gareth is a person. Therefore, Gareth is taller than 26 inches.""
**red herring**: Introducing irrelevant points to detract attention from a question. For example, A member of the press asks the president why they voted to expand a welfare program. The president responds, ""The strength of America is the strength of its communities, and I am proud to make our communities better places.""

Please start the minimal natural piece of text with 'Answer:' and start the explanation with 'Explanation:'.

Thanks very much!","Answer:
The rapier’s tip can reach me only if I stand within its arm’s length; I’ll step two paces diagonally to his left, outside his lunge line. Almost all duelists favor a high guard to begin; he is a duelist, so he likely favors a high guard—I'll feint low. And speaking of favors, did you know the mayor’s cousin owns three vineyards? Anyway, his blade can’t angle past the pillar between us.

Explanation:
- Spatial reasoning: The text reasons about positions and distances in space (“step two paces diagonally to his left,” “outside his lunge line,” “his blade can’t angle past the pillar between us”), deducing reach and obstruction.
- Statistical syllogism: It uses a generalization and applies it to a particular (“Almost all duelists favor a high guard to begin; he is a duelist, so he likely favors a high guard”).
- Red herring: It introduces irrelevant information (“did you know the mayor’s cousin owns three vineyards?”) to distract from the duel-related reasoning.","The rapier’s tip can reach me only if I stand within its arm’s length; I’ll step two paces diagonally to his left, outside his lunge line. Almost all duelists favor a high guard to begin; he is a duelist, so he likely favors a high guard—I'll feint low. And speaking of favors, did you know the mayor’s cousin owns three vineyards? Anyway, his blade can’t angle past the pillar between us.",3
"statistical syllogism, red herring, folk physics (common knowledge physics)",Beekeeping,"Greetings! I am interested in natural language processing and I was wondering if you could help me generate an example of text that illustrates multiple skills in semantics or syntax. The example should be a minimal natural piece of text with up to a few lines in the context of Beekeeping that illustrates all of the following skills: statistical syllogism, red herring, folk physics (common knowledge physics). Please keep the text as short as possible, and make sure the concepts can be found fully from the text. 

For reference, here are the definitions and examples for the concepts:
**statistical syllogism**: A syllogism that argues, using inductive reasoning, from a generalization true for the most part to a particular case. For example, ""Almost all people are taller than 26 inches. Gareth is a person. Therefore, Gareth is taller than 26 inches.""
**red herring**: Introducing irrelevant points to detract attention from a question. For example, A member of the press asks the president why they voted to expand a welfare program. The president responds, ""The strength of America is the strength of its communities, and I am proud to make our communities better places.""
**folk physics (common knowledge physics)**: The untrained human perception of basic physical phenomena. For example, ""If I roll the pen off of the table, it will fall to the floor.""

Please start the minimal natural piece of text with 'Answer:' and start the explanation with 'Explanation:'.

Thanks very much!","Answer:
Most hives with calm queens stay gentle, and this hive has a calm queen, so it will likely be gentle. Anyway, have you seen how shiny this smoker is? Also, if I set the honey frame on the edge, it might fall off the box.

Explanation:
- Statistical syllogism: “Most hives with calm queens stay gentle, and this hive has a calm queen, so it will likely be gentle.”
- Red herring: “Anyway, have you seen how shiny this smoker is?” distracts from the hive’s gentleness.
- Folk physics: “If I set the honey frame on the edge, it might fall off the box.” relies on common-sense physics about objects falling.","Most hives with calm queens stay gentle, and this hive has a calm queen, so it will likely be gentle. Anyway, have you seen how shiny this smoker is? Also, if I set the honey frame on the edge, it might fall off the box.",3
"statistical syllogism, red herring, folk physics (common knowledge physics)",Beekeeping,"Greetings! I am interested in natural language processing and I was wondering if you could help me generate an example of text that illustrates multiple skills in semantics or syntax. The example should be a minimal natural piece of text with up to a few lines in the context of Beekeeping that illustrates all of the following skills: statistical syllogism, red herring, folk physics (common knowledge physics). Please keep the text as short as possible, and make sure the concepts can be found fully from the text. 

For reference, here are the definitions and examples for the concepts:
**statistical syllogism**: A syllogism that argues, using inductive reasoning, from a generalization true for the most part to a particular case. For example, ""Almost all people are taller than 26 inches. Gareth is a person. Therefore, Gareth is taller than 26 inches.""
**red herring**: Introducing irrelevant points to detract attention from a question. For example, A member of the press asks the president why they voted to expand a welfare program. The president responds, ""The strength of America is the strength of its communities, and I am proud to make our communities better places.""
**folk physics (common knowledge physics)**: The untrained human perception of basic physical phenomena. For example, ""If I roll the pen off of the table, it will fall to the floor.""

Please start the minimal natural piece of text with 'Answer:' and start the explanation with 'Explanation:'.

Thanks very much!","Answer:
“Most hives stay calm after a gentle smoke, so this hive will likely stay calm. Why are we talking about the queen’s genealogy now, when the smoker’s lit and the sun’s dropping? If I knock this frame, it’ll fall and crush brood; let’s lift it level.”

Explanation:
- Statistical syllogism: “Most hives stay calm after a gentle smoke, so this hive will likely stay calm.” moves from a general tendency to a particular case.
- Red herring: “Why are we talking about the queen’s genealogy now...” introduces an irrelevant topic (genealogy) to distract from the immediate question of handling the hive.
- Folk physics: “If I knock this frame, it’ll fall and crush brood; let’s lift it level.” appeals to common physical intuition about gravity and impact.","“Most hives stay calm after a gentle smoke, so this hive will likely stay calm. Why are we talking about the queen’s genealogy now, when the smoker’s lit and the sun’s dropping? If I knock this frame, it’ll fall and crush brood; let’s lift it level.”",3
"self serving bias, statistical syllogism, folk physics (common knowledge physics)",The Ottoman Empire,"Greetings! I am interested in natural language processing and I was wondering if you could help me generate an example of text that illustrates multiple skills in semantics or syntax. The example should be a minimal natural piece of text with up to a few lines in the context of The Ottoman Empire that illustrates all of the following skills: self serving bias, statistical syllogism, folk physics (common knowledge physics). Please keep the text as short as possible, and make sure the concepts can be found fully from the text. 

For reference, here are the definitions and examples for the concepts:
**self serving bias**: A cognitive or perceptual process that is distorted by the need to maintain and enhance one’s self esteem. For example, ""If I do well on the exam, it’s because of my academic prowess and hard work. If I do poorly, it’s because the course was poorly taught, and the exam was poorly proctored.""
**statistical syllogism**: A syllogism that argues, using inductive reasoning, from a generalization true for the most part to a particular case. For example, ""Almost all people are taller than 26 inches. Gareth is a person. Therefore, Gareth is taller than 26 inches.""
**folk physics (common knowledge physics)**: The untrained human perception of basic physical phenomena. For example, ""If I roll the pen off of the table, it will fall to the floor.""

Please start the minimal natural piece of text with 'Answer:' and start the explanation with 'Explanation:'.

Thanks very much!","Answer:
In the market of Istanbul, I won the vizier’s favor because I’m clever and diligent; when the caravan arrived late, it was the stars’ mischief and the rough roads, not my planning. Most janissaries keep their promises, and Hasan is a janissary, so I trust him with my ledger. If I push this pomegranate off the stall’s edge, it will drop to the cobblestones and burst.

Explanation:
- Self-serving bias: The speaker credits success (“won the vizier’s favor”) to personal traits (“clever and diligent”) and blames failures (“caravan arrived late”) on external factors (“stars’ mischief and rough roads”).
- Statistical syllogism: From the generalization (“Most janissaries keep their promises”) and the particular (“Hasan is a janissary”) the speaker infers a likely conclusion (“I trust him with my ledger”).
- Folk physics: The claim about pushing a pomegranate off a stall and it falling and bursting reflects everyday understanding of gravity and impact. The Ottoman Empire context is signaled by “market of Istanbul,” “vizier,” “caravan,” and “janissaries.”","In the market of Istanbul, I won the vizier’s favor because I’m clever and diligent; when the caravan arrived late, it was the stars’ mischief and the rough roads, not my planning. Most janissaries keep their promises, and Hasan is a janissary, so I trust him with my ledger. If I push this pomegranate off the stall’s edge, it will drop to the cobblestones and burst.",3
"folk physics (common knowledge physics), statistical syllogism, self serving bias",Sewing,"Greetings! I am interested in natural language processing and I was wondering if you could help me generate an example of text that illustrates multiple skills in semantics or syntax. The example should be a minimal natural piece of text with up to a few lines in the context of Sewing that illustrates all of the following skills: folk physics (common knowledge physics), statistical syllogism, self serving bias. Please keep the text as short as possible, and make sure the concepts can be found fully from the text. 

For reference, here are the definitions and examples for the concepts:
**folk physics (common knowledge physics)**: The untrained human perception of basic physical phenomena. For example, ""If I roll the pen off of the table, it will fall to the floor.""
**statistical syllogism**: A syllogism that argues, using inductive reasoning, from a generalization true for the most part to a particular case. For example, ""Almost all people are taller than 26 inches. Gareth is a person. Therefore, Gareth is taller than 26 inches.""
**self serving bias**: A cognitive or perceptual process that is distorted by the need to maintain and enhance one’s self esteem. For example, ""If I do well on the exam, it’s because of my academic prowess and hard work. If I do poorly, it’s because the course was poorly taught, and the exam was poorly proctored.""

Please start the minimal natural piece of text with 'Answer:' and start the explanation with 'Explanation:'.

Thanks very much!","Answer:
While hemming, I dropped the metal thimble—of course it fell straight to the floor. Most seams stitched on straight-grain barely stretch; this hem is on straight-grain, so it should hardly stretch. And if the stitches look neat, that’s my skill; if they pucker, this fabric is clearly unforgiving.

Explanation:
- Folk physics: “I dropped the metal thimble—of course it fell straight to the floor” expresses everyday understanding that dropped objects fall due to gravity.
- Statistical syllogism: “Most seams stitched on straight-grain barely stretch; this hem is on straight-grain, so it should hardly stretch” applies a general tendency to a particular case.
- Self-serving bias: “If the stitches look neat, that’s my skill; if they pucker, this fabric is clearly unforgiving” credits success to oneself and blames failure on external factors.","While hemming, I dropped the metal thimble—of course it fell straight to the floor. Most seams stitched on straight-grain barely stretch; this hem is on straight-grain, so it should hardly stretch. And if the stitches look neat, that’s my skill; if they pucker, this fabric is clearly unforgiving.",3
"statistical syllogism, self serving bias, spatial reasoning",Survivalism,"Greetings! I am interested in natural language processing and I was wondering if you could help me generate an example of text that illustrates multiple skills in semantics or syntax. The example should be a minimal natural piece of text with up to a few lines in the context of Survivalism that illustrates all of the following skills: statistical syllogism, self serving bias, spatial reasoning. Please keep the text as short as possible, and make sure the concepts can be found fully from the text. 

For reference, here are the definitions and examples for the concepts:
**statistical syllogism**: A syllogism that argues, using inductive reasoning, from a generalization true for the most part to a particular case. For example, ""Almost all people are taller than 26 inches. Gareth is a person. Therefore, Gareth is taller than 26 inches.""
**self serving bias**: A cognitive or perceptual process that is distorted by the need to maintain and enhance one’s self esteem. For example, ""If I do well on the exam, it’s because of my academic prowess and hard work. If I do poorly, it’s because the course was poorly taught, and the exam was poorly proctored.""
**spatial reasoning**: The capacity to reason about the spatial relationships between objects. For example, The key fit into the box. Using spatial reasoning, one can deduce that the width of the key was smaller than the width of the box.

Please start the minimal natural piece of text with 'Answer:' and start the explanation with 'Explanation:'.

Thanks very much!","Answer: Most campers who stash food in bear canisters keep it safe; I’m a camper, so my rations should be safe. If I make it through the storm, it’s because I planned brilliantly; if I don’t, it’s because the weather was freakish. The cave mouth is narrower than my pack, so I’ll have to turn the pack sideways to squeeze through.

Explanation:
- Statistical syllogism: “Most campers who stash food in bear canisters keep it safe; I’m a camper, so my rations should be safe.”
- Self-serving bias: “If I make it through the storm, it’s because I planned brilliantly; if I don’t, it’s because the weather was freakish.”
- Spatial reasoning: “The cave mouth is narrower than my pack, so I’ll have to turn the pack sideways to squeeze through.”","Most campers who stash food in bear canisters keep it safe; I’m a camper, so my rations should be safe. If I make it through the storm, it’s because I planned brilliantly; if I don’t, it’s because the weather was freakish. The cave mouth is narrower than my pack, so I’ll have to turn the pack sideways to squeeze through.",3
"self serving bias, spatial reasoning, statistical syllogism",Dueling,"Greetings! I am interested in natural language processing and I was wondering if you could help me generate an example of text that illustrates multiple skills in semantics or syntax. The example should be a minimal natural piece of text with up to a few lines in the context of Dueling that illustrates all of the following skills: self serving bias, spatial reasoning, statistical syllogism. Please keep the text as short as possible, and make sure the concepts can be found fully from the text. 

For reference, here are the definitions and examples for the concepts:
**self serving bias**: A cognitive or perceptual process that is distorted by the need to maintain and enhance one’s self esteem. For example, ""If I do well on the exam, it’s because of my academic prowess and hard work. If I do poorly, it’s because the course was poorly taught, and the exam was poorly proctored.""
**spatial reasoning**: The capacity to reason about the spatial relationships between objects. For example, The key fit into the box. Using spatial reasoning, one can deduce that the width of the key was smaller than the width of the box.
**statistical syllogism**: A syllogism that argues, using inductive reasoning, from a generalization true for the most part to a particular case. For example, ""Almost all people are taller than 26 inches. Gareth is a person. Therefore, Gareth is taller than 26 inches.""

Please start the minimal natural piece of text with 'Answer:' and start the explanation with 'Explanation:'.

Thanks very much!","Answer:
“I’ll win this duel because I trained harder than anyone. If I lose, the sun’s glare on the east side of the ring will be to blame. I’ll keep my left foot outside the inner chalk circle so my lunge angle clears his blade. Almost every veteran duelist favors the off-hand feint; he’s a veteran, so he’s likely to feint with his off hand.”

Explanation:
- Self-serving bias: The speaker credits victory to their own training but blames a potential loss on external conditions (“sun’s glare on the east side of the ring”).
- Spatial reasoning: The speaker plans foot placement relative to the “inner chalk circle” and uses geometric reasoning about lunge angle to avoid the opponent’s blade.
- Statistical syllogism: The speaker uses a general tendency (“Almost every veteran duelist favors the off-hand feint”) to infer a likely behavior about a specific opponent (“he’s a veteran, so he’s likely to feint with his off hand”).","“I’ll win this duel because I trained harder than anyone. If I lose, the sun’s glare on the east side of the ring will be to blame. I’ll keep my left foot outside the inner chalk circle so my lunge angle clears his blade. Almost every veteran duelist favors the off-hand feint; he’s a veteran, so he’s likely to feint with his off hand.”",3
"self serving bias, statistical syllogism, red herring",Beekeeping,"Greetings! I am interested in natural language processing and I was wondering if you could help me generate an example of text that illustrates multiple skills in semantics or syntax. The example should be a minimal natural piece of text with up to a few lines in the context of Beekeeping that illustrates all of the following skills: self serving bias, statistical syllogism, red herring. Please keep the text as short as possible, and make sure the concepts can be found fully from the text. 

For reference, here are the definitions and examples for the concepts:
**self serving bias**: A cognitive or perceptual process that is distorted by the need to maintain and enhance one’s self esteem. For example, ""If I do well on the exam, it’s because of my academic prowess and hard work. If I do poorly, it’s because the course was poorly taught, and the exam was poorly proctored.""
**statistical syllogism**: A syllogism that argues, using inductive reasoning, from a generalization true for the most part to a particular case. For example, ""Almost all people are taller than 26 inches. Gareth is a person. Therefore, Gareth is taller than 26 inches.""
**red herring**: Introducing irrelevant points to detract attention from a question. For example, A member of the press asks the president why they voted to expand a welfare program. The president responds, ""The strength of America is the strength of its communities, and I am proud to make our communities better places.""

Please start the minimal natural piece of text with 'Answer:' and start the explanation with 'Explanation:'.

Thanks very much!","Answer:
“I’m a great beekeeper—when the honey yield is high, it’s because I managed the hives perfectly; when it’s low, the weather ruined everything. Most healthy colonies produce surplus honey in midsummer; this colony is healthy, so it should yield surplus now. Anyway, instead of asking about last week’s poor harvest, let’s talk about how beautiful our new hive paint looks.”

Explanation:
- Self-serving bias: “when the honey yield is high, it’s because I managed the hives perfectly; when it’s low, the weather ruined everything.” The speaker credits success to themselves and blames failure on external factors.
- Statistical syllogism: “Most healthy colonies produce surplus honey in midsummer; this colony is healthy, so it should yield surplus now.” Inductive move from a general tendency to a specific case.
- Red herring: “Anyway, instead of asking about last week’s poor harvest, let’s talk about how beautiful our new hive paint looks.” The speaker introduces an irrelevant topic to divert attention from the question about poor harvest.","“I’m a great beekeeper—when the honey yield is high, it’s because I managed the hives perfectly; when it’s low, the weather ruined everything. Most healthy colonies produce surplus honey in midsummer; this colony is healthy, so it should yield surplus now. Anyway, instead of asking about last week’s poor harvest, let’s talk about how beautiful our new hive paint looks.”",3
"red herring, folk physics (common knowledge physics), statistical syllogism",Survivalism,"Greetings! I am interested in natural language processing and I was wondering if you could help me generate an example of text that illustrates multiple skills in semantics or syntax. The example should be a minimal natural piece of text with up to a few lines in the context of Survivalism that illustrates all of the following skills: red herring, folk physics (common knowledge physics), statistical syllogism. Please keep the text as short as possible, and make sure the concepts can be found fully from the text. 

For reference, here are the definitions and examples for the concepts:
**red herring**: Introducing irrelevant points to detract attention from a question. For example, A member of the press asks the president why they voted to expand a welfare program. The president responds, ""The strength of America is the strength of its communities, and I am proud to make our communities better places.""
**folk physics (common knowledge physics)**: The untrained human perception of basic physical phenomena. For example, ""If I roll the pen off of the table, it will fall to the floor.""
**statistical syllogism**: A syllogism that argues, using inductive reasoning, from a generalization true for the most part to a particular case. For example, ""Almost all people are taller than 26 inches. Gareth is a person. Therefore, Gareth is taller than 26 inches.""

Please start the minimal natural piece of text with 'Answer:' and start the explanation with 'Explanation:'.

Thanks very much!","Answer: The hiker asked, “Should we purify this stream water now?” Sam said, “We should remember our ancestors built communities by sharing resources and staying brave.” If we tip that bucket, the water will spill and soak the matches. Almost all wild streams around here carry microbes; this is a wild stream; so it probably carries microbes—let’s boil it.

Explanation:
- Red herring: Sam responds to a practical water-purification question by diverting to irrelevant talk about ancestors, communities, and bravery.
- Folk physics (common knowledge physics): “If we tip that bucket, the water will spill and soak the matches” relies on everyday understanding of gravity and liquid behavior.
- Statistical syllogism: “Almost all wild streams around here carry microbes; this is a wild stream; so it probably carries microbes—let’s boil it” applies a general statistical regularity to a specific case.","The hiker asked, “Should we purify this stream water now?” Sam said, “We should remember our ancestors built communities by sharing resources and staying brave.” If we tip that bucket, the water will spill and soak the matches. Almost all wild streams around here carry microbes; this is a wild stream; so it probably carries microbes—let’s boil it.",3
"statistical syllogism, folk physics (common knowledge physics), spatial reasoning",Sewing,"Greetings! I am interested in natural language processing and I was wondering if you could help me generate an example of text that illustrates multiple skills in semantics or syntax. The example should be a minimal natural piece of text with up to a few lines in the context of Sewing that illustrates all of the following skills: statistical syllogism, folk physics (common knowledge physics), spatial reasoning. Please keep the text as short as possible, and make sure the concepts can be found fully from the text. 

For reference, here are the definitions and examples for the concepts:
**statistical syllogism**: A syllogism that argues, using inductive reasoning, from a generalization true for the most part to a particular case. For example, ""Almost all people are taller than 26 inches. Gareth is a person. Therefore, Gareth is taller than 26 inches.""
**folk physics (common knowledge physics)**: The untrained human perception of basic physical phenomena. For example, ""If I roll the pen off of the table, it will fall to the floor.""
**spatial reasoning**: The capacity to reason about the spatial relationships between objects. For example, The key fit into the box. Using spatial reasoning, one can deduce that the width of the key was smaller than the width of the box.

Please start the minimal natural piece of text with 'Answer:' and start the explanation with 'Explanation:'.

Thanks very much!","Answer: I’m threading the needle because most cotton threads fit standard needles; this cotton thread is typical, so it should fit. I hold the needle below the spool—if I let go, gravity will make the thread drop through the eye. The thimble is wider than my fingertip but narrower than the needle’s handle, so it slides onto my finger but won’t pass over the needle’s top.

Explanation:
- Statistical syllogism: “Most cotton threads fit standard needles; this cotton thread is typical, so it should fit.”
- Folk physics: “If I let go, gravity will make the thread drop through the eye.”
- Spatial reasoning: Comparing widths to deduce fit—“Thimble wider than fingertip but narrower than needle’s handle, so it fits the finger and cannot pass the handle.”","I’m threading the needle because most cotton threads fit standard needles; this cotton thread is typical, so it should fit. I hold the needle below the spool—if I let go, gravity will make the thread drop through the eye. The thimble is wider than my fingertip but narrower than the needle’s handle, so it slides onto my finger but won’t pass over the needle’s top.",3
"red herring, folk physics (common knowledge physics), statistical syllogism",Survivalism,"Greetings! I am interested in natural language processing and I was wondering if you could help me generate an example of text that illustrates multiple skills in semantics or syntax. The example should be a minimal natural piece of text with up to a few lines in the context of Survivalism that illustrates all of the following skills: red herring, folk physics (common knowledge physics), statistical syllogism. Please keep the text as short as possible, and make sure the concepts can be found fully from the text. 

For reference, here are the definitions and examples for the concepts:
**red herring**: Introducing irrelevant points to detract attention from a question. For example, A member of the press asks the president why they voted to expand a welfare program. The president responds, ""The strength of America is the strength of its communities, and I am proud to make our communities better places.""
**folk physics (common knowledge physics)**: The untrained human perception of basic physical phenomena. For example, ""If I roll the pen off of the table, it will fall to the floor.""
**statistical syllogism**: A syllogism that argues, using inductive reasoning, from a generalization true for the most part to a particular case. For example, ""Almost all people are taller than 26 inches. Gareth is a person. Therefore, Gareth is taller than 26 inches.""

Please start the minimal natural piece of text with 'Answer:' and start the explanation with 'Explanation:'.

Thanks very much!","Answer: “Should we climb down now?” Mira asked. Dan said, “Most campers stash food in trees, so bears usually pass by; we’re campers, so we’ll likely be safe here.” The branch creaked. “If this dead limb snaps, we drop,” Mira whispered. Dan added, “Also, city councils never fund wilderness rescues properly,” and started talking about taxes.

Explanation:
- Statistical syllogism: “Most campers stash food in trees, so bears usually pass by; we’re campers, so we’ll likely be safe here.” This infers a particular safety claim from a general tendency.
- Folk physics: “If this dead limb snaps, we drop,” invoking intuitive gravity and structural failure.
- Red herring: “Also, city councils never fund wilderness rescues properly,” which distracts from the immediate question of whether to climb down by introducing an irrelevant policy tangent.","“Should we climb down now?” Mira asked. Dan said, “Most campers stash food in trees, so bears usually pass by; we’re campers, so we’ll likely be safe here.” The branch creaked. “If this dead limb snaps, we drop,” Mira whispered. Dan added, “Also, city councils never fund wilderness rescues properly,” and started talking about taxes.",3
"spatial reasoning, statistical syllogism, red herring",Urbanism,"Greetings! I am interested in natural language processing and I was wondering if you could help me generate an example of text that illustrates multiple skills in semantics or syntax. The example should be a minimal natural piece of text with up to a few lines in the context of Urbanism that illustrates all of the following skills: spatial reasoning, statistical syllogism, red herring. Please keep the text as short as possible, and make sure the concepts can be found fully from the text. 

For reference, here are the definitions and examples for the concepts:
**spatial reasoning**: The capacity to reason about the spatial relationships between objects. For example, The key fit into the box. Using spatial reasoning, one can deduce that the width of the key was smaller than the width of the box.
**statistical syllogism**: A syllogism that argues, using inductive reasoning, from a generalization true for the most part to a particular case. For example, ""Almost all people are taller than 26 inches. Gareth is a person. Therefore, Gareth is taller than 26 inches.""
**red herring**: Introducing irrelevant points to detract attention from a question. For example, A member of the press asks the president why they voted to expand a welfare program. The president responds, ""The strength of America is the strength of its communities, and I am proud to make our communities better places.""

Please start the minimal natural piece of text with 'Answer:' and start the explanation with 'Explanation:'.

Thanks very much!","Answer:
Most side streets here are narrower than 3 meters, and the new fire truck is 2.5 meters wide, so it can pass; it must turn left around the plaza because the river blocks a straight route to the hospital. Anyway, have you seen how charming the café umbrellas look this spring?

Explanation:
- Spatial reasoning: “the river blocks a straight route to the hospital” and “must turn left around the plaza” infer spatial relationships and path constraints; width comparison (2.5 m truck vs. <3 m streets) implies fit through streets.
- Statistical syllogism: “Most side streets here are narrower than 3 meters” (generalization) plus “the truck is 2.5 meters wide” leads to the conclusion it can pass through them (particular case).
- Red herring: The shift to “have you seen how charming the café umbrellas look this spring?” introduces an irrelevant point, diverting attention from the routing/safety discussion.","Most side streets here are narrower than 3 meters, and the new fire truck is 2.5 meters wide, so it can pass; it must turn left around the plaza because the river blocks a straight route to the hospital. Anyway, have you seen how charming the café umbrellas look this spring?",3
"red herring, folk physics (common knowledge physics), statistical syllogism",Dueling,"Greetings! I am interested in natural language processing and I was wondering if you could help me generate an example of text that illustrates multiple skills in semantics or syntax. The example should be a minimal natural piece of text with up to a few lines in the context of Dueling that illustrates all of the following skills: red herring, folk physics (common knowledge physics), statistical syllogism. Please keep the text as short as possible, and make sure the concepts can be found fully from the text. 

For reference, here are the definitions and examples for the concepts:
**red herring**: Introducing irrelevant points to detract attention from a question. For example, A member of the press asks the president why they voted to expand a welfare program. The president responds, ""The strength of America is the strength of its communities, and I am proud to make our communities better places.""
**folk physics (common knowledge physics)**: The untrained human perception of basic physical phenomena. For example, ""If I roll the pen off of the table, it will fall to the floor.""
**statistical syllogism**: A syllogism that argues, using inductive reasoning, from a generalization true for the most part to a particular case. For example, ""Almost all people are taller than 26 inches. Gareth is a person. Therefore, Gareth is taller than 26 inches.""

Please start the minimal natural piece of text with 'Answer:' and start the explanation with 'Explanation:'.

Thanks very much!","Answer: The challenger raised his blade. “Most duels end quickly—so odds are this will, and I’ll land the first touch.” He flicked sand to show it fell straight down. “Your footing will slip if you lunge.” The opponent replied, “Before we start, remember my charity work and how well the town feasts went last year—such good times!” The challenger snorted, “Nice stories, but en garde.”

Explanation:
- Red herring: The opponent brings up charity work and town feasts, which are irrelevant to the duel, to distract from the immediate issue.
- Folk physics: “He flicked sand to show it fell straight down. ‘Your footing will slip if you lunge.’” relies on common-sense understanding of gravity and traction.
- Statistical syllogism: “Most duels end quickly—so odds are this will, and I’ll land the first touch.” moves from a general tendency (most duels end quickly) to a prediction about this particular duel.","The challenger raised his blade. “Most duels end quickly—so odds are this will, and I’ll land the first touch.” He flicked sand to show it fell straight down. “Your footing will slip if you lunge.” The opponent replied, “Before we start, remember my charity work and how well the town feasts went last year—such good times!” The challenger snorted, “Nice stories, but en garde.”",3
"statistical syllogism, self serving bias, folk physics (common knowledge physics)",Sewing,"Greetings! I am interested in natural language processing and I was wondering if you could help me generate an example of text that illustrates multiple skills in semantics or syntax. The example should be a minimal natural piece of text with up to a few lines in the context of Sewing that illustrates all of the following skills: statistical syllogism, self serving bias, folk physics (common knowledge physics). Please keep the text as short as possible, and make sure the concepts can be found fully from the text. 

For reference, here are the definitions and examples for the concepts:
**statistical syllogism**: A syllogism that argues, using inductive reasoning, from a generalization true for the most part to a particular case. For example, ""Almost all people are taller than 26 inches. Gareth is a person. Therefore, Gareth is taller than 26 inches.""
**self serving bias**: A cognitive or perceptual process that is distorted by the need to maintain and enhance one’s self esteem. For example, ""If I do well on the exam, it’s because of my academic prowess and hard work. If I do poorly, it’s because the course was poorly taught, and the exam was poorly proctored.""
**folk physics (common knowledge physics)**: The untrained human perception of basic physical phenomena. For example, ""If I roll the pen off of the table, it will fall to the floor.""

Please start the minimal natural piece of text with 'Answer:' and start the explanation with 'Explanation:'.

Thanks very much!","Answer:
Most seams in cotton hold under light tension, so this hem should hold too. If it does, it’s because I pinned it expertly; if it pops, this cheap thread must be to blame. And if I lift the iron, the pressed fold will relax because the heat and weight aren’t holding it down anymore.

Explanation:
- Statistical syllogism: “Most seams in cotton hold under light tension, so this hem should hold too.” (general tendency applied to a particular case)
- Self-serving bias: “If it does, it’s because I pinned it expertly; if it pops, this cheap thread must be to blame.” (success credited to self, failure blamed on external factor)
- Folk physics: “If I lift the iron, the pressed fold will relax because the heat and weight aren’t holding it down anymore.” (everyday physical reasoning about heat/weight affecting fabric)","Most seams in cotton hold under light tension, so this hem should hold too. If it does, it’s because I pinned it expertly; if it pops, this cheap thread must be to blame. And if I lift the iron, the pressed fold will relax because the heat and weight aren’t holding it down anymore.",3
"statistical syllogism, spatial reasoning, red herring",Beekeeping,"Greetings! I am interested in natural language processing and I was wondering if you could help me generate an example of text that illustrates multiple skills in semantics or syntax. The example should be a minimal natural piece of text with up to a few lines in the context of Beekeeping that illustrates all of the following skills: statistical syllogism, spatial reasoning, red herring. Please keep the text as short as possible, and make sure the concepts can be found fully from the text. 

For reference, here are the definitions and examples for the concepts:
**statistical syllogism**: A syllogism that argues, using inductive reasoning, from a generalization true for the most part to a particular case. For example, ""Almost all people are taller than 26 inches. Gareth is a person. Therefore, Gareth is taller than 26 inches.""
**spatial reasoning**: The capacity to reason about the spatial relationships between objects. For example, The key fit into the box. Using spatial reasoning, one can deduce that the width of the key was smaller than the width of the box.
**red herring**: Introducing irrelevant points to detract attention from a question. For example, A member of the press asks the president why they voted to expand a welfare program. The president responds, ""The strength of America is the strength of its communities, and I am proud to make our communities better places.""

Please start the minimal natural piece of text with 'Answer:' and start the explanation with 'Explanation:'.

Thanks very much!","Answer: Most hives in this valley stay calm when approached slowly; this hive is in this valley, so it will likely stay calm. Stand behind the smoker, to the left of the hive entrance, because the breeze is moving from the entrance toward the flowers. Anyway, did you know honey pairs wonderfully with blue cheese?

Explanation:
- Statistical syllogism: “Most hives in this valley stay calm when approached slowly; this hive is in this valley, so it will likely stay calm.”
- Spatial reasoning: Positioning “behind the smoker, to the left of the hive entrance,” with justification about the breeze direction relative to the entrance and flowers.
- Red herring: The abrupt, irrelevant shift to “did you know honey pairs wonderfully with blue cheese?” distracts from the handling/approach discussion.","Most hives in this valley stay calm when approached slowly; this hive is in this valley, so it will likely stay calm. Stand behind the smoker, to the left of the hive entrance, because the breeze is moving from the entrance toward the flowers. Anyway, did you know honey pairs wonderfully with blue cheese?",3
"folk physics (common knowledge physics), statistical syllogism, self serving bias",Survivalism,"Greetings! I am interested in natural language processing and I was wondering if you could help me generate an example of text that illustrates multiple skills in semantics or syntax. The example should be a minimal natural piece of text with up to a few lines in the context of Survivalism that illustrates all of the following skills: folk physics (common knowledge physics), statistical syllogism, self serving bias. Please keep the text as short as possible, and make sure the concepts can be found fully from the text. 

For reference, here are the definitions and examples for the concepts:
**folk physics (common knowledge physics)**: The untrained human perception of basic physical phenomena. For example, ""If I roll the pen off of the table, it will fall to the floor.""
**statistical syllogism**: A syllogism that argues, using inductive reasoning, from a generalization true for the most part to a particular case. For example, ""Almost all people are taller than 26 inches. Gareth is a person. Therefore, Gareth is taller than 26 inches.""
**self serving bias**: A cognitive or perceptual process that is distorted by the need to maintain and enhance one’s self esteem. For example, ""If I do well on the exam, it’s because of my academic prowess and hard work. If I do poorly, it’s because the course was poorly taught, and the exam was poorly proctored.""

Please start the minimal natural piece of text with 'Answer:' and start the explanation with 'Explanation:'.

Thanks very much!","Answer:
The firewood is damp; if I pile it loosely and blow, the smoke will rise and the coals will catch, because heat goes up and dry twigs burn faster. Most lost hikers who stay put near water are rescued within a day; I’m a hiker, so if I camp by the creek, odds are I’ll be found soon. If I make it through the night, it’s thanks to my skills; if anything goes wrong, this weather is to blame.

Explanation:
- Folk physics: “heat goes up,” “dry twigs burn faster,” and arranging wood so smoke rises and coals catch show common-sense physical reasoning.
- Statistical syllogism: “Most lost hikers who stay put near water are rescued within a day; I’m a hiker; therefore I’ll likely be found soon” applies a general rescue-rate fact to a specific case.
- Self-serving bias: Success is credited to “my skills,” while failure is blamed on “this weather,” externalizing blame and internalizing credit.","The firewood is damp; if I pile it loosely and blow, the smoke will rise and the coals will catch, because heat goes up and dry twigs burn faster. Most lost hikers who stay put near water are rescued within a day; I’m a hiker, so if I camp by the creek, odds are I’ll be found soon. If I make it through the night, it’s thanks to my skills; if anything goes wrong, this weather is to blame.",3
"red herring, statistical syllogism, folk physics (common knowledge physics)",The Ottoman Empire,"Greetings! I am interested in natural language processing and I was wondering if you could help me generate an example of text that illustrates multiple skills in semantics or syntax. The example should be a minimal natural piece of text with up to a few lines in the context of The Ottoman Empire that illustrates all of the following skills: red herring, statistical syllogism, folk physics (common knowledge physics). Please keep the text as short as possible, and make sure the concepts can be found fully from the text. 

For reference, here are the definitions and examples for the concepts:
**red herring**: Introducing irrelevant points to detract attention from a question. For example, A member of the press asks the president why they voted to expand a welfare program. The president responds, ""The strength of America is the strength of its communities, and I am proud to make our communities better places.""
**statistical syllogism**: A syllogism that argues, using inductive reasoning, from a generalization true for the most part to a particular case. For example, ""Almost all people are taller than 26 inches. Gareth is a person. Therefore, Gareth is taller than 26 inches.""
**folk physics (common knowledge physics)**: The untrained human perception of basic physical phenomena. For example, ""If I roll the pen off of the table, it will fall to the floor.""

Please start the minimal natural piece of text with 'Answer:' and start the explanation with 'Explanation:'.

Thanks very much!","Answer:
Grand Vizier: “Why did the Janissaries’ stipends shrink this year?”
Treasurer: “Because the tulips in the palace gardens are blooming magnificently, and the sultan’s calligraphers have perfected a new ink.” 
Courtier: “Most Janissaries are loyal when paid on time; Hasan is a Janissary, so he is likely loyal if we pay him now.”
Treasurer: “Also, if a cannonball is dropped from a tower, it falls; our cannonballs will fall on the rebels just the same.”

Explanation:
- Red herring: The treasurer answers a question about stipends by talking about tulips and calligraphy, which are irrelevant to the budget issue.
- Statistical syllogism: “Most Janissaries are loyal when paid on time; Hasan is a Janissary; therefore he is likely loyal if paid now.”
- Folk physics: “If a cannonball is dropped from a tower, it falls,” invoking basic, common-sense physics about falling objects.","Grand Vizier: “Why did the Janissaries’ stipends shrink this year?”
Treasurer: “Because the tulips in the palace gardens are blooming magnificently, and the sultan’s calligraphers have perfected a new ink.” 
Courtier: “Most Janissaries are loyal when paid on time; Hasan is a Janissary, so he is likely loyal if we pay him now.”
Treasurer: “Also, if a cannonball is dropped from a tower, it falls; our cannonballs will fall on the rebels just the same.”",3
"statistical syllogism, spatial reasoning, folk physics (common knowledge physics)",Urbanism,"Greetings! I am interested in natural language processing and I was wondering if you could help me generate an example of text that illustrates multiple skills in semantics or syntax. The example should be a minimal natural piece of text with up to a few lines in the context of Urbanism that illustrates all of the following skills: statistical syllogism, spatial reasoning, folk physics (common knowledge physics). Please keep the text as short as possible, and make sure the concepts can be found fully from the text. 

For reference, here are the definitions and examples for the concepts:
**statistical syllogism**: A syllogism that argues, using inductive reasoning, from a generalization true for the most part to a particular case. For example, ""Almost all people are taller than 26 inches. Gareth is a person. Therefore, Gareth is taller than 26 inches.""
**spatial reasoning**: The capacity to reason about the spatial relationships between objects. For example, The key fit into the box. Using spatial reasoning, one can deduce that the width of the key was smaller than the width of the box.
**folk physics (common knowledge physics)**: The untrained human perception of basic physical phenomena. For example, ""If I roll the pen off of the table, it will fall to the floor.""

Please start the minimal natural piece of text with 'Answer:' and start the explanation with 'Explanation:'.

Thanks very much!","Answer:
Most city buses are crowded at rush hour; this bus is a city bus and it’s 5 p.m., so it will likely be crowded. The footbridge arches over the boulevard; to reach the library on the far side, Ava must climb the stairs, cross above the lanes, then descend to the sidewalk. She waits at the curb because if she steps off early, a fast car will keep moving and could hit her.

Explanation:
- Statistical syllogism: “Most city buses are crowded at rush hour; this bus is a city bus and it’s 5 p.m., so it will likely be crowded.”
- Spatial reasoning: “The footbridge arches over the boulevard; to reach the library on the far side, Ava must climb the stairs, cross above the lanes, then descend to the sidewalk.” (Infers relative positions and required path.)
- Folk physics: “She waits at the curb because if she steps off early, a fast car will keep moving and could hit her.” (Objects in motion continue and can collide.)","Most city buses are crowded at rush hour; this bus is a city bus and it’s 5 p.m., so it will likely be crowded. The footbridge arches over the boulevard; to reach the library on the far side, Ava must climb the stairs, cross above the lanes, then descend to the sidewalk. She waits at the curb because if she steps off early, a fast car will keep moving and could hit her.",3
"statistical syllogism, self serving bias, folk physics (common knowledge physics)",Survivalism,"Greetings! I am interested in natural language processing and I was wondering if you could help me generate an example of text that illustrates multiple skills in semantics or syntax. The example should be a minimal natural piece of text with up to a few lines in the context of Survivalism that illustrates all of the following skills: statistical syllogism, self serving bias, folk physics (common knowledge physics). Please keep the text as short as possible, and make sure the concepts can be found fully from the text. 

For reference, here are the definitions and examples for the concepts:
**statistical syllogism**: A syllogism that argues, using inductive reasoning, from a generalization true for the most part to a particular case. For example, ""Almost all people are taller than 26 inches. Gareth is a person. Therefore, Gareth is taller than 26 inches.""
**self serving bias**: A cognitive or perceptual process that is distorted by the need to maintain and enhance one’s self esteem. For example, ""If I do well on the exam, it’s because of my academic prowess and hard work. If I do poorly, it’s because the course was poorly taught, and the exam was poorly proctored.""
**folk physics (common knowledge physics)**: The untrained human perception of basic physical phenomena. For example, ""If I roll the pen off of the table, it will fall to the floor.""

Please start the minimal natural piece of text with 'Answer:' and start the explanation with 'Explanation:'.

Thanks very much!","Answer:
Most preppers say nearly every unsealed stream in these woods carries Giardia; I’m about to drink from this unsealed stream, so I’ll definitely filter it first. If my shelter stands through the wind tonight, it’s because I tied flawless knots; if it collapses, that’s only because the gusts were freakish. And if I drop this tin cup from the ridge beam, it’ll fall straight down and clatter on the floor.

Explanation:
- Statistical syllogism: “Most preppers say nearly every unsealed stream… carries Giardia; I’m about to drink from this unsealed stream, so I’ll definitely filter it first.” This infers from a general tendency to a particular case.
- Self-serving bias: “If my shelter stands… it’s because I tied flawless knots; if it collapses, that’s only because the gusts were freakish.” Success attributed to self, failure to external forces.
- Folk physics: “If I drop this tin cup… it’ll fall straight down and clatter on the floor.” Uses everyday understanding of gravity and impact.","Most preppers say nearly every unsealed stream in these woods carries Giardia; I’m about to drink from this unsealed stream, so I’ll definitely filter it first. If my shelter stands through the wind tonight, it’s because I tied flawless knots; if it collapses, that’s only because the gusts were freakish. And if I drop this tin cup from the ridge beam, it’ll fall straight down and clatter on the floor.",3
"folk physics (common knowledge physics), spatial reasoning, statistical syllogism",Sewing,"Greetings! I am interested in natural language processing and I was wondering if you could help me generate an example of text that illustrates multiple skills in semantics or syntax. The example should be a minimal natural piece of text with up to a few lines in the context of Sewing that illustrates all of the following skills: folk physics (common knowledge physics), spatial reasoning, statistical syllogism. Please keep the text as short as possible, and make sure the concepts can be found fully from the text. 

For reference, here are the definitions and examples for the concepts:
**folk physics (common knowledge physics)**: The untrained human perception of basic physical phenomena. For example, ""If I roll the pen off of the table, it will fall to the floor.""
**spatial reasoning**: The capacity to reason about the spatial relationships between objects. For example, The key fit into the box. Using spatial reasoning, one can deduce that the width of the key was smaller than the width of the box.
**statistical syllogism**: A syllogism that argues, using inductive reasoning, from a generalization true for the most part to a particular case. For example, ""Almost all people are taller than 26 inches. Gareth is a person. Therefore, Gareth is taller than 26 inches.""

Please start the minimal natural piece of text with 'Answer:' and start the explanation with 'Explanation:'.

Thanks very much!","Answer:
I keep the needle above the table; if I drop it, it will fall to the floor. The thimble sits on my index finger so the needle’s point faces away from my fingertip as I press toward the cloth. Most cotton threads from this pack are strong enough for a shirt seam; this strand is from that pack, so it should hold.

Explanation:
- Folk physics: “if I drop it, it will fall to the floor” reflects everyday understanding of gravity.
- Spatial reasoning: “The thimble sits on my index finger so the needle’s point faces away from my fingertip as I press toward the cloth” requires reasoning about positions and orientations of finger, thimble, needle, and cloth.
- Statistical syllogism: “Most cotton threads from this pack are strong enough for a shirt seam; this strand is from that pack, so it should hold” infers a likely property of a particular case from a general tendency.","I keep the needle above the table; if I drop it, it will fall to the floor. The thimble sits on my index finger so the needle’s point faces away from my fingertip as I press toward the cloth. Most cotton threads from this pack are strong enough for a shirt seam; this strand is from that pack, so it should hold.",3
"red herring, self serving bias, statistical syllogism",Survivalism,"Greetings! I am interested in natural language processing and I was wondering if you could help me generate an example of text that illustrates multiple skills in semantics or syntax. The example should be a minimal natural piece of text with up to a few lines in the context of Survivalism that illustrates all of the following skills: red herring, self serving bias, statistical syllogism. Please keep the text as short as possible, and make sure the concepts can be found fully from the text. 

For reference, here are the definitions and examples for the concepts:
**red herring**: Introducing irrelevant points to detract attention from a question. For example, A member of the press asks the president why they voted to expand a welfare program. The president responds, ""The strength of America is the strength of its communities, and I am proud to make our communities better places.""
**self serving bias**: A cognitive or perceptual process that is distorted by the need to maintain and enhance one’s self esteem. For example, ""If I do well on the exam, it’s because of my academic prowess and hard work. If I do poorly, it’s because the course was poorly taught, and the exam was poorly proctored.""
**statistical syllogism**: A syllogism that argues, using inductive reasoning, from a generalization true for the most part to a particular case. For example, ""Almost all people are taller than 26 inches. Gareth is a person. Therefore, Gareth is taller than 26 inches.""

Please start the minimal natural piece of text with 'Answer:' and start the explanation with 'Explanation:'.

Thanks very much!","Answer:
When asked why I skipped the group’s water-purification drill, I’ll say, “What really matters is our community spirit—did you see how tidy the camp looks now?” Besides, whenever our caches stay dry, it’s because I planned well; when they get soaked, it’s just freak weather, not my fault. And look, most preppers keep a backup filter; I’m a prepper; so I probably have a backup filter anyway.

Explanation:
- Red herring: The speaker diverts from the question about skipping the drill to an irrelevant point about “community spirit” and a tidy camp.
- Self-serving bias: The speaker credits successes (“caches stay dry”) to their planning and blames failures (“get soaked”) on external factors (“freak weather”).
- Statistical syllogism: From “Most preppers keep a backup filter” and “I’m a prepper,” the speaker infers “I probably have a backup filter.”","When asked why I skipped the group’s water-purification drill, I’ll say, “What really matters is our community spirit—did you see how tidy the camp looks now?” Besides, whenever our caches stay dry, it’s because I planned well; when they get soaked, it’s just freak weather, not my fault. And look, most preppers keep a backup filter; I’m a prepper; so I probably have a backup filter anyway.",3
"red herring, folk physics (common knowledge physics), statistical syllogism",Dueling,"Greetings! I am interested in natural language processing and I was wondering if you could help me generate an example of text that illustrates multiple skills in semantics or syntax. The example should be a minimal natural piece of text with up to a few lines in the context of Dueling that illustrates all of the following skills: red herring, folk physics (common knowledge physics), statistical syllogism. Please keep the text as short as possible, and make sure the concepts can be found fully from the text. 

For reference, here are the definitions and examples for the concepts:
**red herring**: Introducing irrelevant points to detract attention from a question. For example, A member of the press asks the president why they voted to expand a welfare program. The president responds, ""The strength of America is the strength of its communities, and I am proud to make our communities better places.""
**folk physics (common knowledge physics)**: The untrained human perception of basic physical phenomena. For example, ""If I roll the pen off of the table, it will fall to the floor.""
**statistical syllogism**: A syllogism that argues, using inductive reasoning, from a generalization true for the most part to a particular case. For example, ""Almost all people are taller than 26 inches. Gareth is a person. Therefore, Gareth is taller than 26 inches.""

Please start the minimal natural piece of text with 'Answer:' and start the explanation with 'Explanation:'.

Thanks very much!","Answer:
Challenger: You boast, but will you meet me at dawn with sabers?
Defender: Why rush? The moon looked splendid last night.
Challenger: Most duelists prefer dawn; you’re a duelist, so you’ll likely prefer dawn too. And if I drop this glove, it will hit the ground—so be there to pick it up.

Explanation:
- Red herring: The defender responds to the challenge about meeting at dawn by talking about the moon looking splendid, which is irrelevant and diverts attention from the question.
- Folk physics (common knowledge physics): “If I drop this glove, it will hit the ground” relies on everyday understanding of gravity and falling objects.
- Statistical syllogism: “Most duelists prefer dawn; you’re a duelist, so you’ll likely prefer dawn too” infers a particular case from a general tendency.","Challenger: You boast, but will you meet me at dawn with sabers?
Defender: Why rush? The moon looked splendid last night.
Challenger: Most duelists prefer dawn; you’re a duelist, so you’ll likely prefer dawn too. And if I drop this glove, it will hit the ground—so be there to pick it up.",3
"red herring, folk physics (common knowledge physics), statistical syllogism",Dueling,"Greetings! I am interested in natural language processing and I was wondering if you could help me generate an example of text that illustrates multiple skills in semantics or syntax. The example should be a minimal natural piece of text with up to a few lines in the context of Dueling that illustrates all of the following skills: red herring, folk physics (common knowledge physics), statistical syllogism. Please keep the text as short as possible, and make sure the concepts can be found fully from the text. 

For reference, here are the definitions and examples for the concepts:
**red herring**: Introducing irrelevant points to detract attention from a question. For example, A member of the press asks the president why they voted to expand a welfare program. The president responds, ""The strength of America is the strength of its communities, and I am proud to make our communities better places.""
**folk physics (common knowledge physics)**: The untrained human perception of basic physical phenomena. For example, ""If I roll the pen off of the table, it will fall to the floor.""
**statistical syllogism**: A syllogism that argues, using inductive reasoning, from a generalization true for the most part to a particular case. For example, ""Almost all people are taller than 26 inches. Gareth is a person. Therefore, Gareth is taller than 26 inches.""

Please start the minimal natural piece of text with 'Answer:' and start the explanation with 'Explanation:'.

Thanks very much!","Answer:
The challenger says, “Almost all duels end when one fighter yields; you’re a duelist, so you’ll probably yield.” The other replies, “Before that happens, if I drop my sword, it will fall and likely cut my foot—so I’ll keep a tight grip.” The master interjects, “We should really discuss the town’s festival colors instead.”

Explanation:
- Statistical syllogism: “Almost all duels end when one fighter yields; you’re a duelist, so you’ll probably yield.”
- Folk physics (common knowledge physics): “If I drop my sword, it will fall and likely cut my foot—so I’ll keep a tight grip.”
- Red herring: “We should really discuss the town’s festival colors instead.” (an irrelevant topic introduced to distract from the duel discussion)","The challenger says, “Almost all duels end when one fighter yields; you’re a duelist, so you’ll probably yield.” The other replies, “Before that happens, if I drop my sword, it will fall and likely cut my foot—so I’ll keep a tight grip.” The master interjects, “We should really discuss the town’s festival colors instead.”",3
"statistical syllogism, folk physics (common knowledge physics), red herring",Dueling,"Greetings! I am interested in natural language processing and I was wondering if you could help me generate an example of text that illustrates multiple skills in semantics or syntax. The example should be a minimal natural piece of text with up to a few lines in the context of Dueling that illustrates all of the following skills: statistical syllogism, folk physics (common knowledge physics), red herring. Please keep the text as short as possible, and make sure the concepts can be found fully from the text. 

For reference, here are the definitions and examples for the concepts:
**statistical syllogism**: A syllogism that argues, using inductive reasoning, from a generalization true for the most part to a particular case. For example, ""Almost all people are taller than 26 inches. Gareth is a person. Therefore, Gareth is taller than 26 inches.""
**folk physics (common knowledge physics)**: The untrained human perception of basic physical phenomena. For example, ""If I roll the pen off of the table, it will fall to the floor.""
**red herring**: Introducing irrelevant points to detract attention from a question. For example, A member of the press asks the president why they voted to expand a welfare program. The president responds, ""The strength of America is the strength of its communities, and I am proud to make our communities better places.""

Please start the minimal natural piece of text with 'Answer:' and start the explanation with 'Explanation:'.

Thanks very much!","Answer:
“Almost all seasoned duelists parry the first strike. You’re a seasoned duelist, so your opening cut will be blocked. Also, if you drop your rapier, gravity will pull it point-first to the ground—so mind your grip. But anyway, have you noticed how splendid my new plume looks in this dawn light?”

Explanation:
- Statistical syllogism: “Almost all seasoned duelists parry the first strike. You’re a seasoned duelist, so your opening cut will be blocked.”
- Folk physics (common knowledge physics): “If you drop your rapier, gravity will pull it point-first to the ground.”
- Red herring: The sudden, irrelevant shift to “have you noticed how splendid my new plume looks in this dawn light?” distracts from the duel’s tactical discussion.","“Almost all seasoned duelists parry the first strike. You’re a seasoned duelist, so your opening cut will be blocked. Also, if you drop your rapier, gravity will pull it point-first to the ground—so mind your grip. But anyway, have you noticed how splendid my new plume looks in this dawn light?”",3
"statistical syllogism, folk physics (common knowledge physics), self serving bias",Urbanism,"Greetings! I am interested in natural language processing and I was wondering if you could help me generate an example of text that illustrates multiple skills in semantics or syntax. The example should be a minimal natural piece of text with up to a few lines in the context of Urbanism that illustrates all of the following skills: statistical syllogism, folk physics (common knowledge physics), self serving bias. Please keep the text as short as possible, and make sure the concepts can be found fully from the text. 

For reference, here are the definitions and examples for the concepts:
**statistical syllogism**: A syllogism that argues, using inductive reasoning, from a generalization true for the most part to a particular case. For example, ""Almost all people are taller than 26 inches. Gareth is a person. Therefore, Gareth is taller than 26 inches.""
**folk physics (common knowledge physics)**: The untrained human perception of basic physical phenomena. For example, ""If I roll the pen off of the table, it will fall to the floor.""
**self serving bias**: A cognitive or perceptual process that is distorted by the need to maintain and enhance one’s self esteem. For example, ""If I do well on the exam, it’s because of my academic prowess and hard work. If I do poorly, it’s because the course was poorly taught, and the exam was poorly proctored.""

Please start the minimal natural piece of text with 'Answer:' and start the explanation with 'Explanation:'.

Thanks very much!","Answer:
Most city blocks here have bike lanes, so this street probably does too—let’s turn left. If I nudge the scooter, it’ll roll downhill toward the curb; better hold the brake. My last project sped up traffic because I planned well, but this jam today is just because other drivers don’t follow the rules.

Explanation:
- Statistical syllogism: “Most city blocks here have bike lanes, so this street probably does too—let’s turn left.” (general-to-particular inductive inference)
- Folk physics: “If I nudge the scooter, it’ll roll downhill toward the curb; better hold the brake.” (intuitive prediction about motion and gravity)
- Self-serving bias: “My last project sped up traffic because I planned well, but this jam today is just because other drivers don’t follow the rules.” (crediting success to oneself and blaming failures on external factors)","Most city blocks here have bike lanes, so this street probably does too—let’s turn left. If I nudge the scooter, it’ll roll downhill toward the curb; better hold the brake. My last project sped up traffic because I planned well, but this jam today is just because other drivers don’t follow the rules.",3
"statistical syllogism, folk physics (common knowledge physics), red herring",Guerilla warfare,"Greetings! I am interested in natural language processing and I was wondering if you could help me generate an example of text that illustrates multiple skills in semantics or syntax. The example should be a minimal natural piece of text with up to a few lines in the context of Guerilla warfare that illustrates all of the following skills: statistical syllogism, folk physics (common knowledge physics), red herring. Please keep the text as short as possible, and make sure the concepts can be found fully from the text. 

For reference, here are the definitions and examples for the concepts:
**statistical syllogism**: A syllogism that argues, using inductive reasoning, from a generalization true for the most part to a particular case. For example, ""Almost all people are taller than 26 inches. Gareth is a person. Therefore, Gareth is taller than 26 inches.""
**folk physics (common knowledge physics)**: The untrained human perception of basic physical phenomena. For example, ""If I roll the pen off of the table, it will fall to the floor.""
**red herring**: Introducing irrelevant points to detract attention from a question. For example, A member of the press asks the president why they voted to expand a welfare program. The president responds, ""The strength of America is the strength of its communities, and I am proud to make our communities better places.""

Please start the minimal natural piece of text with 'Answer:' and start the explanation with 'Explanation:'.

Thanks very much!","Answer:
Most village sentries melt away when the mortars start—so this sentry will probably run too. If we kick the ladder, the ammo crate will drop from the loft. Anyway, before we breach, remember the rebel anthem has seven verses and was once banned for its odd meter.

Explanation:
- Statistical syllogism: “Most village sentries melt away when the mortars start—so this sentry will probably run too.” It moves from a general tendency (“Most…”) to a prediction about a specific case.
- Folk physics: “If we kick the ladder, the ammo crate will drop from the loft.” It relies on everyday causal intuition about gravity and support.
- Red herring: “Anyway, before we breach, remember the rebel anthem has seven verses and was once banned for its odd meter.” This irrelevant detail distracts from the tactical discussion.","Most village sentries melt away when the mortars start—so this sentry will probably run too. If we kick the ladder, the ammo crate will drop from the loft. Anyway, before we breach, remember the rebel anthem has seven verses and was once banned for its odd meter.",3
"red herring, folk physics (common knowledge physics), statistical syllogism",Urbanism,"Greetings! I am interested in natural language processing and I was wondering if you could help me generate an example of text that illustrates multiple skills in semantics or syntax. The example should be a minimal natural piece of text with up to a few lines in the context of Urbanism that illustrates all of the following skills: red herring, folk physics (common knowledge physics), statistical syllogism. Please keep the text as short as possible, and make sure the concepts can be found fully from the text. 

For reference, here are the definitions and examples for the concepts:
**red herring**: Introducing irrelevant points to detract attention from a question. For example, A member of the press asks the president why they voted to expand a welfare program. The president responds, ""The strength of America is the strength of its communities, and I am proud to make our communities better places.""
**folk physics (common knowledge physics)**: The untrained human perception of basic physical phenomena. For example, ""If I roll the pen off of the table, it will fall to the floor.""
**statistical syllogism**: A syllogism that argues, using inductive reasoning, from a generalization true for the most part to a particular case. For example, ""Almost all people are taller than 26 inches. Gareth is a person. Therefore, Gareth is taller than 26 inches.""

Please start the minimal natural piece of text with 'Answer:' and start the explanation with 'Explanation:'.

Thanks very much!","Answer:
The council asked why we’re delaying the bike-lane plan. Look, our city’s skyline inspires creativity and boosts tourism. If we paint the lanes now, cars will still skid on wet asphalt. Most streets with buffered lanes see fewer crashes; Pine Avenue is a street, so buffered lanes there will likely cut crashes.

Explanation:
- Red herring: “Our city’s skyline inspires creativity and boosts tourism.” This is irrelevant to the question of why the bike-lane plan is delayed and distracts from the policy issue.
- Folk physics (common knowledge physics): “If we paint the lanes now, cars will still skid on wet asphalt.” This appeals to everyday physical intuition about slippery surfaces and vehicle traction.
- Statistical syllogism: “Most streets with buffered lanes see fewer crashes; Pine Avenue is a street, so buffered lanes there will likely cut crashes.” This infers a particular outcome from a general probabilistic trend.","The council asked why we’re delaying the bike-lane plan. Look, our city’s skyline inspires creativity and boosts tourism. If we paint the lanes now, cars will still skid on wet asphalt. Most streets with buffered lanes see fewer crashes; Pine Avenue is a street, so buffered lanes there will likely cut crashes.",3
"self serving bias, statistical syllogism, red herring",Dueling,"Greetings! I am interested in natural language processing and I was wondering if you could help me generate an example of text that illustrates multiple skills in semantics or syntax. The example should be a minimal natural piece of text with up to a few lines in the context of Dueling that illustrates all of the following skills: self serving bias, statistical syllogism, red herring. Please keep the text as short as possible, and make sure the concepts can be found fully from the text. 

For reference, here are the definitions and examples for the concepts:
**self serving bias**: A cognitive or perceptual process that is distorted by the need to maintain and enhance one’s self esteem. For example, ""If I do well on the exam, it’s because of my academic prowess and hard work. If I do poorly, it’s because the course was poorly taught, and the exam was poorly proctored.""
**statistical syllogism**: A syllogism that argues, using inductive reasoning, from a generalization true for the most part to a particular case. For example, ""Almost all people are taller than 26 inches. Gareth is a person. Therefore, Gareth is taller than 26 inches.""
**red herring**: Introducing irrelevant points to detract attention from a question. For example, A member of the press asks the president why they voted to expand a welfare program. The president responds, ""The strength of America is the strength of its communities, and I am proud to make our communities better places.""

Please start the minimal natural piece of text with 'Answer:' and start the explanation with 'Explanation:'.

Thanks very much!","Answer:
""After our duel, my victory proves my superior skill; when I slipped earlier, the floor was uneven, not my fault. Most duelists who train daily win their matches; I train daily, so I usually win. Anyway, the real issue isn’t the bout—have you seen the grandstands they built? The carvings are magnificent.""

Explanation:
- Self serving bias: “my victory proves my superior skill; when I slipped earlier, the floor was uneven, not my fault.” The speaker credits success to personal ability and blames failure on external factors.
- Statistical syllogism: “Most duelists who train daily win their matches; I train daily, so I usually win.” A generalization about most duelists is applied inductively to the speaker’s particular case.
- Red herring: “Anyway, the real issue isn’t the bout—have you seen the grandstands they built? The carvings are magnificent.” The speaker diverts attention from the duel to irrelevant grandstand carvings.","""After our duel, my victory proves my superior skill; when I slipped earlier, the floor was uneven, not my fault. Most duelists who train daily win their matches; I train daily, so I usually win. Anyway, the real issue isn’t the bout—have you seen the grandstands they built? The carvings are magnificent.""",3
"self serving bias, statistical syllogism, red herring",The Ottoman Empire,"Greetings! I am interested in natural language processing and I was wondering if you could help me generate an example of text that illustrates multiple skills in semantics or syntax. The example should be a minimal natural piece of text with up to a few lines in the context of The Ottoman Empire that illustrates all of the following skills: self serving bias, statistical syllogism, red herring. Please keep the text as short as possible, and make sure the concepts can be found fully from the text. 

For reference, here are the definitions and examples for the concepts:
**self serving bias**: A cognitive or perceptual process that is distorted by the need to maintain and enhance one’s self esteem. For example, ""If I do well on the exam, it’s because of my academic prowess and hard work. If I do poorly, it’s because the course was poorly taught, and the exam was poorly proctored.""
**statistical syllogism**: A syllogism that argues, using inductive reasoning, from a generalization true for the most part to a particular case. For example, ""Almost all people are taller than 26 inches. Gareth is a person. Therefore, Gareth is taller than 26 inches.""
**red herring**: Introducing irrelevant points to detract attention from a question. For example, A member of the press asks the president why they voted to expand a welfare program. The president responds, ""The strength of America is the strength of its communities, and I am proud to make our communities better places.""

Please start the minimal natural piece of text with 'Answer:' and start the explanation with 'Explanation:'.

Thanks very much!","Answer:
“As treasurer, I kept the Janissary payroll balanced last month because I’m diligent; when it ran short this month, the court scribes bungled the records. Besides, most Janissaries receive their stipend on schedule, and Hasan is a Janissary—so he’ll be paid today. And speaking of pay, have you seen the splendid tulips blooming in the palace gardens? Truly, they show the sultan’s refined taste.”

Explanation:
- Self-serving bias: The treasurer attributes success (“kept the payroll balanced… because I’m diligent”) to personal ability and failure (“ran short… the court scribes bungled”) to external factors.
- Statistical syllogism: General rule (“Most Janissaries receive their stipend on schedule”) applied to a particular case (“Hasan is a Janissary—so he’ll be paid today”).
- Red herring: Irrelevant shift from the payroll question to palace tulips and the sultan’s taste, diverting attention from the payment issue.","“As treasurer, I kept the Janissary payroll balanced last month because I’m diligent; when it ran short this month, the court scribes bungled the records. Besides, most Janissaries receive their stipend on schedule, and Hasan is a Janissary—so he’ll be paid today. And speaking of pay, have you seen the splendid tulips blooming in the palace gardens? Truly, they show the sultan’s refined taste.”",3
"folk physics (common knowledge physics), statistical syllogism, self serving bias",Sewing,"Greetings! I am interested in natural language processing and I was wondering if you could help me generate an example of text that illustrates multiple skills in semantics or syntax. The example should be a minimal natural piece of text with up to a few lines in the context of Sewing that illustrates all of the following skills: folk physics (common knowledge physics), statistical syllogism, self serving bias. Please keep the text as short as possible, and make sure the concepts can be found fully from the text. 

For reference, here are the definitions and examples for the concepts:
**folk physics (common knowledge physics)**: The untrained human perception of basic physical phenomena. For example, ""If I roll the pen off of the table, it will fall to the floor.""
**statistical syllogism**: A syllogism that argues, using inductive reasoning, from a generalization true for the most part to a particular case. For example, ""Almost all people are taller than 26 inches. Gareth is a person. Therefore, Gareth is taller than 26 inches.""
**self serving bias**: A cognitive or perceptual process that is distorted by the need to maintain and enhance one’s self esteem. For example, ""If I do well on the exam, it’s because of my academic prowess and hard work. If I do poorly, it’s because the course was poorly taught, and the exam was poorly proctored.""

Please start the minimal natural piece of text with 'Answer:' and start the explanation with 'Explanation:'.

Thanks very much!","Answer: The spool will unwind if I drop it, so I’ll keep the thread taut while I sew. Most new batches of needles are straight; mine is from a new batch, so it’s probably straight. And if this hem looks perfect, it’s because I’ve got great technique—if it puckers, that fabric was cheap and the machine’s tension was off.

Explanation: 
- Folk physics: “The spool will unwind if I drop it” reflects intuitive understanding of gravity and motion causing the spool to roll and release thread.
- Statistical syllogism: “Most new batches of needles are straight; mine is from a new batch, so it’s probably straight” applies a general tendency to a particular case.
- Self-serving bias: “If this hem looks perfect, it’s because I’ve got great technique—if it puckers, that fabric was cheap and the machine’s tension was off” credits success to personal skill and blames failure on external factors.","The spool will unwind if I drop it, so I’ll keep the thread taut while I sew. Most new batches of needles are straight; mine is from a new batch, so it’s probably straight. And if this hem looks perfect, it’s because I’ve got great technique—if it puckers, that fabric was cheap and the machine’s tension was off.",3
"self serving bias, statistical syllogism, red herring",Beekeeping,"Greetings! I am interested in natural language processing and I was wondering if you could help me generate an example of text that illustrates multiple skills in semantics or syntax. The example should be a minimal natural piece of text with up to a few lines in the context of Beekeeping that illustrates all of the following skills: self serving bias, statistical syllogism, red herring. Please keep the text as short as possible, and make sure the concepts can be found fully from the text. 

For reference, here are the definitions and examples for the concepts:
**self serving bias**: A cognitive or perceptual process that is distorted by the need to maintain and enhance one’s self esteem. For example, ""If I do well on the exam, it’s because of my academic prowess and hard work. If I do poorly, it’s because the course was poorly taught, and the exam was poorly proctored.""
**statistical syllogism**: A syllogism that argues, using inductive reasoning, from a generalization true for the most part to a particular case. For example, ""Almost all people are taller than 26 inches. Gareth is a person. Therefore, Gareth is taller than 26 inches.""
**red herring**: Introducing irrelevant points to detract attention from a question. For example, A member of the press asks the president why they voted to expand a welfare program. The president responds, ""The strength of America is the strength of its communities, and I am proud to make our communities better places.""

Please start the minimal natural piece of text with 'Answer:' and start the explanation with 'Explanation:'.

Thanks very much!","Answer:
“Since my hives thrived this spring, it’s thanks to my careful management; when that one colony crashed, the weather was to blame. Most backyard colonies in this county survive winter—mine’s a backyard colony—so it should survive too. Anyway, speaking of survival, did you know our town’s honey wins the prettiest-jar contest every year?”

Explanation:
- Self-serving bias: “Since my hives thrived this spring, it’s thanks to my careful management; when that one colony crashed, the weather was to blame.”
- Statistical syllogism: “Most backyard colonies in this county survive winter—mine’s a backyard colony—so it should survive too.”
- Red herring: “Anyway, speaking of survival, did you know our town’s honey wins the prettiest-jar contest every year?” (irrelevant diversion from survival discussion)","“Since my hives thrived this spring, it’s thanks to my careful management; when that one colony crashed, the weather was to blame. Most backyard colonies in this county survive winter—mine’s a backyard colony—so it should survive too. Anyway, speaking of survival, did you know our town’s honey wins the prettiest-jar contest every year?”",3
"self serving bias, red herring, statistical syllogism",Dueling,"Greetings! I am interested in natural language processing and I was wondering if you could help me generate an example of text that illustrates multiple skills in semantics or syntax. The example should be a minimal natural piece of text with up to a few lines in the context of Dueling that illustrates all of the following skills: self serving bias, red herring, statistical syllogism. Please keep the text as short as possible, and make sure the concepts can be found fully from the text. 

For reference, here are the definitions and examples for the concepts:
**self serving bias**: A cognitive or perceptual process that is distorted by the need to maintain and enhance one’s self esteem. For example, ""If I do well on the exam, it’s because of my academic prowess and hard work. If I do poorly, it’s because the course was poorly taught, and the exam was poorly proctored.""
**red herring**: Introducing irrelevant points to detract attention from a question. For example, A member of the press asks the president why they voted to expand a welfare program. The president responds, ""The strength of America is the strength of its communities, and I am proud to make our communities better places.""
**statistical syllogism**: A syllogism that argues, using inductive reasoning, from a generalization true for the most part to a particular case. For example, ""Almost all people are taller than 26 inches. Gareth is a person. Therefore, Gareth is taller than 26 inches.""

Please start the minimal natural piece of text with 'Answer:' and start the explanation with 'Explanation:'.

Thanks very much!","Answer:
“The duel was a triumph of my skill—when I won, it proved my training; when I stumbled, the sun was in my eyes. Anyway, why debate honor when the real issue is how splendid my new cloak looks under torchlight? Besides, most seasoned duelists dispatch novices quickly, and my opponent is a novice; therefore, I’ll end this match in moments.”

Explanation:
- Self-serving bias: “when I won, it proved my training; when I stumbled, the sun was in my eyes.” The speaker attributes success internally and failure to external factors.
- Red herring: “why debate honor when the real issue is how splendid my new cloak looks under torchlight?” The speaker diverts from the duel’s substantive question by introducing an irrelevant point (the cloak).
- Statistical syllogism: “Most seasoned duelists dispatch novices quickly, and my opponent is a novice; therefore, I’ll end this match in moments.” This argues from a general tendency to a specific case.","“The duel was a triumph of my skill—when I won, it proved my training; when I stumbled, the sun was in my eyes. Anyway, why debate honor when the real issue is how splendid my new cloak looks under torchlight? Besides, most seasoned duelists dispatch novices quickly, and my opponent is a novice; therefore, I’ll end this match in moments.”",3
"statistical syllogism, self serving bias, folk physics (common knowledge physics)",Dueling,"Greetings! I am interested in natural language processing and I was wondering if you could help me generate an example of text that illustrates multiple skills in semantics or syntax. The example should be a minimal natural piece of text with up to a few lines in the context of Dueling that illustrates all of the following skills: statistical syllogism, self serving bias, folk physics (common knowledge physics). Please keep the text as short as possible, and make sure the concepts can be found fully from the text. 

For reference, here are the definitions and examples for the concepts:
**statistical syllogism**: A syllogism that argues, using inductive reasoning, from a generalization true for the most part to a particular case. For example, ""Almost all people are taller than 26 inches. Gareth is a person. Therefore, Gareth is taller than 26 inches.""
**self serving bias**: A cognitive or perceptual process that is distorted by the need to maintain and enhance one’s self esteem. For example, ""If I do well on the exam, it’s because of my academic prowess and hard work. If I do poorly, it’s because the course was poorly taught, and the exam was poorly proctored.""
**folk physics (common knowledge physics)**: The untrained human perception of basic physical phenomena. For example, ""If I roll the pen off of the table, it will fall to the floor.""

Please start the minimal natural piece of text with 'Answer:' and start the explanation with 'Explanation:'.

Thanks very much!","Answer:
“Most swordsmen tire by the third pass; my opponent is a swordsman, so by the third pass he should slow. If I win, it’s my superior skill; if I lose, the sun was in my eyes and the ground was slick. When I sidestep, his lunge will carry him forward—momentum will pull him off balance.”

Explanation:
- Statistical syllogism: “Most swordsmen tire by the third pass; my opponent is a swordsman, so by the third pass he should slow.”
- Self-serving bias: “If I win, it’s my superior skill; if I lose, the sun was in my eyes and the ground was slick.”
- Folk physics: “When I sidestep, his lunge will carry him forward—momentum will pull him off balance.”","“Most swordsmen tire by the third pass; my opponent is a swordsman, so by the third pass he should slow. If I win, it’s my superior skill; if I lose, the sun was in my eyes and the ground was slick. When I sidestep, his lunge will carry him forward—momentum will pull him off balance.”",3
"spatial reasoning, statistical syllogism, red herring",Guerilla warfare,"Greetings! I am interested in natural language processing and I was wondering if you could help me generate an example of text that illustrates multiple skills in semantics or syntax. The example should be a minimal natural piece of text with up to a few lines in the context of Guerilla warfare that illustrates all of the following skills: spatial reasoning, statistical syllogism, red herring. Please keep the text as short as possible, and make sure the concepts can be found fully from the text. 

For reference, here are the definitions and examples for the concepts:
**spatial reasoning**: The capacity to reason about the spatial relationships between objects. For example, The key fit into the box. Using spatial reasoning, one can deduce that the width of the key was smaller than the width of the box.
**statistical syllogism**: A syllogism that argues, using inductive reasoning, from a generalization true for the most part to a particular case. For example, ""Almost all people are taller than 26 inches. Gareth is a person. Therefore, Gareth is taller than 26 inches.""
**red herring**: Introducing irrelevant points to detract attention from a question. For example, A member of the press asks the president why they voted to expand a welfare program. The president responds, ""The strength of America is the strength of its communities, and I am proud to make our communities better places.""

Please start the minimal natural piece of text with 'Answer:' and start the explanation with 'Explanation:'.

Thanks very much!","Answer:
We slip through the ravine: the cliff overhangs the river by five meters, so our radio nest fits beneath it, unseen from the road above. Almost all patrols cut through the valley at dawn; this unit is a patrol, so it will likely pass by soon. Anyway, the captain’s boots are handmade in the capital, which says a lot about his taste in leather.

Explanation:
- Spatial reasoning: “the cliff overhangs the river by five meters, so our radio nest fits beneath it, unseen from the road above” deduces concealment from spatial relations of cliff, river, and road.
- Statistical syllogism: “Almost all patrols cut through the valley at dawn; this unit is a patrol, so it will likely pass by soon” infers a particular from a general tendency.
- Red herring: “the captain’s boots are handmade in the capital, which says a lot about his taste in leather” introduces irrelevant information that distracts from the tactical question.","We slip through the ravine: the cliff overhangs the river by five meters, so our radio nest fits beneath it, unseen from the road above. Almost all patrols cut through the valley at dawn; this unit is a patrol, so it will likely pass by soon. Anyway, the captain’s boots are handmade in the capital, which says a lot about his taste in leather.",3
"spatial reasoning, statistical syllogism, folk physics (common knowledge physics)",Urbanism,"Greetings! I am interested in natural language processing and I was wondering if you could help me generate an example of text that illustrates multiple skills in semantics or syntax. The example should be a minimal natural piece of text with up to a few lines in the context of Urbanism that illustrates all of the following skills: spatial reasoning, statistical syllogism, folk physics (common knowledge physics). Please keep the text as short as possible, and make sure the concepts can be found fully from the text. 

For reference, here are the definitions and examples for the concepts:
**spatial reasoning**: The capacity to reason about the spatial relationships between objects. For example, The key fit into the box. Using spatial reasoning, one can deduce that the width of the key was smaller than the width of the box.
**statistical syllogism**: A syllogism that argues, using inductive reasoning, from a generalization true for the most part to a particular case. For example, ""Almost all people are taller than 26 inches. Gareth is a person. Therefore, Gareth is taller than 26 inches.""
**folk physics (common knowledge physics)**: The untrained human perception of basic physical phenomena. For example, ""If I roll the pen off of the table, it will fall to the floor.""

Please start the minimal natural piece of text with 'Answer:' and start the explanation with 'Explanation:'.

Thanks very much!","Answer:
Most apartment blocks face the park because south-facing units get more light in winter. This building faces south too, so its upper floors are usually brighter. Since the alley runs behind it and the café sits at street level in front, delivery trucks stop curbside; rolling kegs down the ramp would otherwise pick up speed and slam the back door. The new bike racks are closer to the entrance than the parking lot, so cyclists lock up first while drivers keep circling for a spot.

Explanation:
- Spatial reasoning: Infers front vs. back (street side vs. alley), relative positions (bike racks closer to entrance than parking lot), and orientations (building faces south, upper floors’ relation to light).
- Statistical syllogism: From “Most apartment blocks face the park because south-facing units get more light,” concludes “This building faces south too, so its upper floors are usually brighter.”
- Folk physics: Predicts that rolling kegs down a ramp “would pick up speed and slam the back door,” relying on gravity and acceleration on a slope; also implies drivers “keep circling” due to limited spots.","Most apartment blocks face the park because south-facing units get more light in winter. This building faces south too, so its upper floors are usually brighter. Since the alley runs behind it and the café sits at street level in front, delivery trucks stop curbside; rolling kegs down the ramp would otherwise pick up speed and slam the back door. The new bike racks are closer to the entrance than the parking lot, so cyclists lock up first while drivers keep circling for a spot.",3
"spatial reasoning, statistical syllogism, self serving bias",The Ottoman Empire,"Greetings! I am interested in natural language processing and I was wondering if you could help me generate an example of text that illustrates multiple skills in semantics or syntax. The example should be a minimal natural piece of text with up to a few lines in the context of The Ottoman Empire that illustrates all of the following skills: spatial reasoning, statistical syllogism, self serving bias. Please keep the text as short as possible, and make sure the concepts can be found fully from the text. 

For reference, here are the definitions and examples for the concepts:
**spatial reasoning**: The capacity to reason about the spatial relationships between objects. For example, The key fit into the box. Using spatial reasoning, one can deduce that the width of the key was smaller than the width of the box.
**statistical syllogism**: A syllogism that argues, using inductive reasoning, from a generalization true for the most part to a particular case. For example, ""Almost all people are taller than 26 inches. Gareth is a person. Therefore, Gareth is taller than 26 inches.""
**self serving bias**: A cognitive or perceptual process that is distorted by the need to maintain and enhance one’s self esteem. For example, ""If I do well on the exam, it’s because of my academic prowess and hard work. If I do poorly, it’s because the course was poorly taught, and the exam was poorly proctored.""

Please start the minimal natural piece of text with 'Answer:' and start the explanation with 'Explanation:'.

Thanks very much!","Answer: In the siege tunnel beneath the Ottoman wall, my sapper’s rod slid through the gap, proving the crack is wider than the iron tip. Most Janissaries are disciplined under fire; Hasan is a Janissary, so he’ll hold the line. If our breach succeeds, it’s thanks to my careful plans; if it fails, the terrain and the moonlight betrayed us.

Explanation:
- Spatial reasoning: “rod slid through the gap … the crack is wider than the iron tip” infers relative widths from fit.
- Statistical syllogism: “Most Janissaries are disciplined under fire; Hasan is a Janissary, so he’ll hold the line” moves from a general tendency to a particular case.
- Self-serving bias: “If we succeed, it’s thanks to my plans; if we fail, the terrain and moonlight are to blame” credits success to self and attributes failure to external factors.
- Ottoman Empire context: Janissaries and siege against an Ottoman wall.","In the siege tunnel beneath the Ottoman wall, my sapper’s rod slid through the gap, proving the crack is wider than the iron tip. Most Janissaries are disciplined under fire; Hasan is a Janissary, so he’ll hold the line. If our breach succeeds, it’s thanks to my careful plans; if it fails, the terrain and the moonlight betrayed us.",3
"self serving bias, red herring, statistical syllogism",Dueling,"Greetings! I am interested in natural language processing and I was wondering if you could help me generate an example of text that illustrates multiple skills in semantics or syntax. The example should be a minimal natural piece of text with up to a few lines in the context of Dueling that illustrates all of the following skills: self serving bias, red herring, statistical syllogism. Please keep the text as short as possible, and make sure the concepts can be found fully from the text. 

For reference, here are the definitions and examples for the concepts:
**self serving bias**: A cognitive or perceptual process that is distorted by the need to maintain and enhance one’s self esteem. For example, ""If I do well on the exam, it’s because of my academic prowess and hard work. If I do poorly, it’s because the course was poorly taught, and the exam was poorly proctored.""
**red herring**: Introducing irrelevant points to detract attention from a question. For example, A member of the press asks the president why they voted to expand a welfare program. The president responds, ""The strength of America is the strength of its communities, and I am proud to make our communities better places.""
**statistical syllogism**: A syllogism that argues, using inductive reasoning, from a generalization true for the most part to a particular case. For example, ""Almost all people are taller than 26 inches. Gareth is a person. Therefore, Gareth is taller than 26 inches.""

Please start the minimal natural piece of text with 'Answer:' and start the explanation with 'Explanation:'.

Thanks very much!","Answer:
The duelist puffed his chest: “I won because I’m skilled; when I lost last week, the referee was biased and the turf was slick.” Anyway, speaking of last week, did you hear about the new velvet scabbards at the market? Also, most duelists train daily; I’m a duelist, so I’ll likely dominate today.

Explanation:
- Self-serving bias: “I won because I’m skilled; when I lost last week, the referee was biased and the turf was slick.”
- Red herring: “Speaking of last week, did you hear about the new velvet scabbards at the market?” (irrelevant distraction from the duel’s outcome)
- Statistical syllogism: “Most duelists train daily; I’m a duelist, so I’ll likely dominate today.”","The duelist puffed his chest: “I won because I’m skilled; when I lost last week, the referee was biased and the turf was slick.” Anyway, speaking of last week, did you hear about the new velvet scabbards at the market? Also, most duelists train daily; I’m a duelist, so I’ll likely dominate today.",3
"statistical syllogism, red herring, folk physics (common knowledge physics)",Beekeeping,"Greetings! I am interested in natural language processing and I was wondering if you could help me generate an example of text that illustrates multiple skills in semantics or syntax. The example should be a minimal natural piece of text with up to a few lines in the context of Beekeeping that illustrates all of the following skills: statistical syllogism, red herring, folk physics (common knowledge physics). Please keep the text as short as possible, and make sure the concepts can be found fully from the text. 

For reference, here are the definitions and examples for the concepts:
**statistical syllogism**: A syllogism that argues, using inductive reasoning, from a generalization true for the most part to a particular case. For example, ""Almost all people are taller than 26 inches. Gareth is a person. Therefore, Gareth is taller than 26 inches.""
**red herring**: Introducing irrelevant points to detract attention from a question. For example, A member of the press asks the president why they voted to expand a welfare program. The president responds, ""The strength of America is the strength of its communities, and I am proud to make our communities better places.""
**folk physics (common knowledge physics)**: The untrained human perception of basic physical phenomena. For example, ""If I roll the pen off of the table, it will fall to the floor.""

Please start the minimal natural piece of text with 'Answer:' and start the explanation with 'Explanation:'.

Thanks very much!","Answer: Most hives stay calm after sunrise, and this hive is a hive, so it will probably stay calm; anyway, the real issue is how shiny my new smoker looks. If I drop the wooden frame, it’ll fall and smash the honeycomb, so I’ll grip it tight.

Explanation:
- Statistical syllogism: “Most hives stay calm after sunrise, and this hive is a hive, so it will probably stay calm.”
- Red herring: “anyway, the real issue is how shiny my new smoker looks” diverts from hive calmness.
- Folk physics: “If I drop the wooden frame, it’ll fall and smash the honeycomb,” relying on everyday gravity and fragility knowledge.","Most hives stay calm after sunrise, and this hive is a hive, so it will probably stay calm; anyway, the real issue is how shiny my new smoker looks. If I drop the wooden frame, it’ll fall and smash the honeycomb, so I’ll grip it tight.",3
"self serving bias, spatial reasoning, statistical syllogism",Urbanism,"Greetings! I am interested in natural language processing and I was wondering if you could help me generate an example of text that illustrates multiple skills in semantics or syntax. The example should be a minimal natural piece of text with up to a few lines in the context of Urbanism that illustrates all of the following skills: self serving bias, spatial reasoning, statistical syllogism. Please keep the text as short as possible, and make sure the concepts can be found fully from the text. 

For reference, here are the definitions and examples for the concepts:
**self serving bias**: A cognitive or perceptual process that is distorted by the need to maintain and enhance one’s self esteem. For example, ""If I do well on the exam, it’s because of my academic prowess and hard work. If I do poorly, it’s because the course was poorly taught, and the exam was poorly proctored.""
**spatial reasoning**: The capacity to reason about the spatial relationships between objects. For example, The key fit into the box. Using spatial reasoning, one can deduce that the width of the key was smaller than the width of the box.
**statistical syllogism**: A syllogism that argues, using inductive reasoning, from a generalization true for the most part to a particular case. For example, ""Almost all people are taller than 26 inches. Gareth is a person. Therefore, Gareth is taller than 26 inches.""

Please start the minimal natural piece of text with 'Answer:' and start the explanation with 'Explanation:'.

Thanks very much!","Answer:
I argued the plaza’s success proves my design skill, but when foot traffic fell, I blamed the recession and the transit agency’s detours. The cafe sits east of the fountain and north of the playground, so a passerby walking south from the metro reaches the fountain before the cafe. Since most pocket parks in the city report weekend occupancy above 70%, this new pocket park will likely be busy on Saturdays.

Explanation:
- Self-serving bias: The speaker credits success to their design skill but blames external factors (recession, transit detours) for failure.
- Spatial reasoning: The relative positions (cafe east of fountain, north of playground; walker coming south from metro) imply the walker reaches the fountain before the cafe.
- Statistical syllogism: From the generalization “most pocket parks have >70% weekend occupancy,” the speaker infers that a specific new pocket park will likely be busy on Saturdays.","I argued the plaza’s success proves my design skill, but when foot traffic fell, I blamed the recession and the transit agency’s detours. The cafe sits east of the fountain and north of the playground, so a passerby walking south from the metro reaches the fountain before the cafe. Since most pocket parks in the city report weekend occupancy above 70%, this new pocket park will likely be busy on Saturdays.",3
"red herring, self serving bias, statistical syllogism",Guerilla warfare,"Greetings! I am interested in natural language processing and I was wondering if you could help me generate an example of text that illustrates multiple skills in semantics or syntax. The example should be a minimal natural piece of text with up to a few lines in the context of Guerilla warfare that illustrates all of the following skills: red herring, self serving bias, statistical syllogism. Please keep the text as short as possible, and make sure the concepts can be found fully from the text. 

For reference, here are the definitions and examples for the concepts:
**red herring**: Introducing irrelevant points to detract attention from a question. For example, A member of the press asks the president why they voted to expand a welfare program. The president responds, ""The strength of America is the strength of its communities, and I am proud to make our communities better places.""
**self serving bias**: A cognitive or perceptual process that is distorted by the need to maintain and enhance one’s self esteem. For example, ""If I do well on the exam, it’s because of my academic prowess and hard work. If I do poorly, it’s because the course was poorly taught, and the exam was poorly proctored.""
**statistical syllogism**: A syllogism that argues, using inductive reasoning, from a generalization true for the most part to a particular case. For example, ""Almost all people are taller than 26 inches. Gareth is a person. Therefore, Gareth is taller than 26 inches.""

Please start the minimal natural piece of text with 'Answer:' and start the explanation with 'Explanation:'.

Thanks very much!","Answer:
“We lost the ridge because the maps were wrong, not because I planned poorly. Anyway, have you seen the villagers’ new market? It proves our presence boosts local trade. Most guerrilla raids succeed at night; tonight is night, so this raid will succeed.”

Explanation:
- Red herring: “Anyway, have you seen the villagers’ new market? It proves our presence boosts local trade.” This diverts from the question of why the ridge was lost by introducing an irrelevant point about economic activity.
- Self-serving bias: “We lost the ridge because the maps were wrong, not because I planned poorly.” Failure is attributed to external factors (bad maps) rather than the speaker’s own planning.
- Statistical syllogism: “Most guerrilla raids succeed at night; tonight is night, so this raid will succeed.” It applies a general tendency (night raids usually succeed) to a specific case (tonight’s raid).","“We lost the ridge because the maps were wrong, not because I planned poorly. Anyway, have you seen the villagers’ new market? It proves our presence boosts local trade. Most guerrilla raids succeed at night; tonight is night, so this raid will succeed.”",3
"folk physics (common knowledge physics), spatial reasoning, statistical syllogism",Guerilla warfare,"Greetings! I am interested in natural language processing and I was wondering if you could help me generate an example of text that illustrates multiple skills in semantics or syntax. The example should be a minimal natural piece of text with up to a few lines in the context of Guerilla warfare that illustrates all of the following skills: folk physics (common knowledge physics), spatial reasoning, statistical syllogism. Please keep the text as short as possible, and make sure the concepts can be found fully from the text. 

For reference, here are the definitions and examples for the concepts:
**folk physics (common knowledge physics)**: The untrained human perception of basic physical phenomena. For example, ""If I roll the pen off of the table, it will fall to the floor.""
**spatial reasoning**: The capacity to reason about the spatial relationships between objects. For example, The key fit into the box. Using spatial reasoning, one can deduce that the width of the key was smaller than the width of the box.
**statistical syllogism**: A syllogism that argues, using inductive reasoning, from a generalization true for the most part to a particular case. For example, ""Almost all people are taller than 26 inches. Gareth is a person. Therefore, Gareth is taller than 26 inches.""

Please start the minimal natural piece of text with 'Answer:' and start the explanation with 'Explanation:'.

Thanks very much!","Answer: The scout whispered, “Most ambushes succeed when fighters hold the high ridge; we’re on that ridge, so odds favor us. Bullets travel in straight lines until they hit something, so if we stay behind the rock, it will stop rounds. The ravine bends east, the supply truck is wider than the narrow bend, and the fallen tree blocks half the path—so it can’t squeeze through without slowing where our crossfire meets.”

Explanation:
- Folk physics: “Bullets travel in straight lines until they hit something” and “the rock... will stop rounds” rely on everyday physical intuition about motion and barriers.
- Spatial reasoning: Deduces that a truck “wider than the narrow bend” and a “fallen tree blocks half the path” means it “can’t squeeze through,” and relates positions (ridge, ravine bend, rock cover, crossfire).
- Statistical syllogism: From the generalization “Most ambushes succeed when fighters hold the high ridge” and the particular “we’re on that ridge,” it infers “odds favor us.”","The scout whispered, “Most ambushes succeed when fighters hold the high ridge; we’re on that ridge, so odds favor us. Bullets travel in straight lines until they hit something, so if we stay behind the rock, it will stop rounds. The ravine bends east, the supply truck is wider than the narrow bend, and the fallen tree blocks half the path—so it can’t squeeze through without slowing where our crossfire meets.”",3
"spatial reasoning, statistical syllogism, folk physics (common knowledge physics)",The Ottoman Empire,"Greetings! I am interested in natural language processing and I was wondering if you could help me generate an example of text that illustrates multiple skills in semantics or syntax. The example should be a minimal natural piece of text with up to a few lines in the context of The Ottoman Empire that illustrates all of the following skills: spatial reasoning, statistical syllogism, folk physics (common knowledge physics). Please keep the text as short as possible, and make sure the concepts can be found fully from the text. 

For reference, here are the definitions and examples for the concepts:
**spatial reasoning**: The capacity to reason about the spatial relationships between objects. For example, The key fit into the box. Using spatial reasoning, one can deduce that the width of the key was smaller than the width of the box.
**statistical syllogism**: A syllogism that argues, using inductive reasoning, from a generalization true for the most part to a particular case. For example, ""Almost all people are taller than 26 inches. Gareth is a person. Therefore, Gareth is taller than 26 inches.""
**folk physics (common knowledge physics)**: The untrained human perception of basic physical phenomena. For example, ""If I roll the pen off of the table, it will fall to the floor.""

Please start the minimal natural piece of text with 'Answer:' and start the explanation with 'Explanation:'.

Thanks very much!","Answer:
In the Grand Bazaar of Istanbul, the apprentice set a narrow chest beneath a broad shelf; since the chest fit under it, the shelf must span wider than the chest. Most bazaar stalls hire apprentices to carry loads; Mehmet is an apprentice here, so he likely bears the bundles today. He steadies a tray of tulip glasses because if he tilts it too far, gravity will spill the tea.

Explanation:
- Spatial reasoning: From “the chest fit under a broad shelf,” one infers the shelf’s horizontal span exceeds the chest’s width/height clearance.
- Statistical syllogism: “Most bazaar stalls hire apprentices to carry loads; Mehmet is an apprentice here, so he likely bears the bundles” moves from a general tendency to a probable conclusion about Mehmet.
- Folk physics: “If he tilts [the tray] too far, gravity will spill the tea” relies on common-sense physics about tilt and spillage due to gravity.","In the Grand Bazaar of Istanbul, the apprentice set a narrow chest beneath a broad shelf; since the chest fit under it, the shelf must span wider than the chest. Most bazaar stalls hire apprentices to carry loads; Mehmet is an apprentice here, so he likely bears the bundles today. He steadies a tray of tulip glasses because if he tilts it too far, gravity will spill the tea.",3
"folk physics (common knowledge physics), statistical syllogism, spatial reasoning",The Ottoman Empire,"Greetings! I am interested in natural language processing and I was wondering if you could help me generate an example of text that illustrates multiple skills in semantics or syntax. The example should be a minimal natural piece of text with up to a few lines in the context of The Ottoman Empire that illustrates all of the following skills: folk physics (common knowledge physics), statistical syllogism, spatial reasoning. Please keep the text as short as possible, and make sure the concepts can be found fully from the text. 

For reference, here are the definitions and examples for the concepts:
**folk physics (common knowledge physics)**: The untrained human perception of basic physical phenomena. For example, ""If I roll the pen off of the table, it will fall to the floor.""
**statistical syllogism**: A syllogism that argues, using inductive reasoning, from a generalization true for the most part to a particular case. For example, ""Almost all people are taller than 26 inches. Gareth is a person. Therefore, Gareth is taller than 26 inches.""
**spatial reasoning**: The capacity to reason about the spatial relationships between objects. For example, The key fit into the box. Using spatial reasoning, one can deduce that the width of the key was smaller than the width of the box.

Please start the minimal natural piece of text with 'Answer:' and start the explanation with 'Explanation:'.

Thanks very much!","Answer: In an Ottoman market, a porter set a heavy amphora on a cart at the edge of a slope; if he lets go, it will roll downhill. Most amphorae in this bazaar are clay, and this one is an amphora, so it’s likely clay. The cart must fit through the city gate’s arch, and since it passed under the arch, the cart’s height was less than the arch’s clearance.

Explanation:
- Folk physics: “heavy amphora... at the edge of a slope; if he lets go, it will roll downhill.”
- Statistical syllogism: “Most amphorae in this bazaar are clay, and this one is an amphora, so it’s likely clay.”
- Spatial reasoning: “cart... passed under the arch,” implying “cart’s height was less than the arch’s clearance.”","In an Ottoman market, a porter set a heavy amphora on a cart at the edge of a slope; if he lets go, it will roll downhill. Most amphorae in this bazaar are clay, and this one is an amphora, so it’s likely clay. The cart must fit through the city gate’s arch, and since it passed under the arch, the cart’s height was less than the arch’s clearance.",3
"statistical syllogism, spatial reasoning, red herring",Urbanism,"Greetings! I am interested in natural language processing and I was wondering if you could help me generate an example of text that illustrates multiple skills in semantics or syntax. The example should be a minimal natural piece of text with up to a few lines in the context of Urbanism that illustrates all of the following skills: statistical syllogism, spatial reasoning, red herring. Please keep the text as short as possible, and make sure the concepts can be found fully from the text. 

For reference, here are the definitions and examples for the concepts:
**statistical syllogism**: A syllogism that argues, using inductive reasoning, from a generalization true for the most part to a particular case. For example, ""Almost all people are taller than 26 inches. Gareth is a person. Therefore, Gareth is taller than 26 inches.""
**spatial reasoning**: The capacity to reason about the spatial relationships between objects. For example, The key fit into the box. Using spatial reasoning, one can deduce that the width of the key was smaller than the width of the box.
**red herring**: Introducing irrelevant points to detract attention from a question. For example, A member of the press asks the president why they voted to expand a welfare program. The president responds, ""The strength of America is the strength of its communities, and I am proud to make our communities better places.""

Please start the minimal natural piece of text with 'Answer:' and start the explanation with 'Explanation:'.

Thanks very much!","Answer:
In our city, almost all corner lots become vibrant plazas; this parcel is a corner lot, so it will likely become a vibrant plaza. Place the bike racks along the south edge—there’s 2 meters to the curb, enough clearance for doors to swing without blocking the pedestrian lane. Anyway, did you know our mayor once won a national salsa-dancing contest?

Explanation:
- Statistical syllogism: “Almost all corner lots become vibrant plazas; this parcel is a corner lot, so it will likely become a vibrant plaza.”
- Spatial reasoning: “Place the bike racks along the south edge—there’s 2 meters to the curb, enough clearance for doors to swing without blocking the pedestrian lane.” This infers fit/clearance from distances and spatial relations.
- Red herring: “Anyway, did you know our mayor once won a national salsa-dancing contest?” This is irrelevant to the planning decision and distracts from the issue.","In our city, almost all corner lots become vibrant plazas; this parcel is a corner lot, so it will likely become a vibrant plaza. Place the bike racks along the south edge—there’s 2 meters to the curb, enough clearance for doors to swing without blocking the pedestrian lane. Anyway, did you know our mayor once won a national salsa-dancing contest?",3
"statistical syllogism, self serving bias, spatial reasoning",Beekeeping,"Greetings! I am interested in natural language processing and I was wondering if you could help me generate an example of text that illustrates multiple skills in semantics or syntax. The example should be a minimal natural piece of text with up to a few lines in the context of Beekeeping that illustrates all of the following skills: statistical syllogism, self serving bias, spatial reasoning. Please keep the text as short as possible, and make sure the concepts can be found fully from the text. 

For reference, here are the definitions and examples for the concepts:
**statistical syllogism**: A syllogism that argues, using inductive reasoning, from a generalization true for the most part to a particular case. For example, ""Almost all people are taller than 26 inches. Gareth is a person. Therefore, Gareth is taller than 26 inches.""
**self serving bias**: A cognitive or perceptual process that is distorted by the need to maintain and enhance one’s self esteem. For example, ""If I do well on the exam, it’s because of my academic prowess and hard work. If I do poorly, it’s because the course was poorly taught, and the exam was poorly proctored.""
**spatial reasoning**: The capacity to reason about the spatial relationships between objects. For example, The key fit into the box. Using spatial reasoning, one can deduce that the width of the key was smaller than the width of the box.

Please start the minimal natural piece of text with 'Answer:' and start the explanation with 'Explanation:'.

Thanks very much!","Answer: Almost all late-summer hives get cranky when nectar runs low, and this colony is in late summer; so I’ll wear the thicker veil. If they stay calm, it’s because I’m an expert; if they sting, the weather ruined them. The brood box is below the super, so I’ll lift the top super straight up and slide it south to clear the inner cover without crushing bees.

Explanation:
- Statistical syllogism: “Almost all late-summer hives get cranky… this colony is in late summer; so I’ll wear the thicker veil.”
- Self-serving bias: “If they stay calm, it’s because I’m an expert; if they sting, the weather ruined them.”
- Spatial reasoning: “The brood box is below the super… lift the top super straight up and slide it south to clear the inner cover without crushing bees,” reasoning about vertical order and lateral movement to avoid collision.","Almost all late-summer hives get cranky when nectar runs low, and this colony is in late summer; so I’ll wear the thicker veil. If they stay calm, it’s because I’m an expert; if they sting, the weather ruined them. The brood box is below the super, so I’ll lift the top super straight up and slide it south to clear the inner cover without crushing bees.",3
"statistical syllogism, folk physics (common knowledge physics), self serving bias",Dueling,"Greetings! I am interested in natural language processing and I was wondering if you could help me generate an example of text that illustrates multiple skills in semantics or syntax. The example should be a minimal natural piece of text with up to a few lines in the context of Dueling that illustrates all of the following skills: statistical syllogism, folk physics (common knowledge physics), self serving bias. Please keep the text as short as possible, and make sure the concepts can be found fully from the text. 

For reference, here are the definitions and examples for the concepts:
**statistical syllogism**: A syllogism that argues, using inductive reasoning, from a generalization true for the most part to a particular case. For example, ""Almost all people are taller than 26 inches. Gareth is a person. Therefore, Gareth is taller than 26 inches.""
**folk physics (common knowledge physics)**: The untrained human perception of basic physical phenomena. For example, ""If I roll the pen off of the table, it will fall to the floor.""
**self serving bias**: A cognitive or perceptual process that is distorted by the need to maintain and enhance one’s self esteem. For example, ""If I do well on the exam, it’s because of my academic prowess and hard work. If I do poorly, it’s because the course was poorly taught, and the exam was poorly proctored.""

Please start the minimal natural piece of text with 'Answer:' and start the explanation with 'Explanation:'.

Thanks very much!","Answer: In the ring, I think, “Most duels end when someone gets hit hard; I’m a duelist, so if he tags me once, the bout will probably end—better guard high.” I feint low because everyone knows if you loosen your grip, the sword drops to the ground. When I win, it’s my superior training; when I lose, it’s because the sun was in my eyes and the floor was slick.

Explanation:
- Statistical syllogism: “Most duels end when someone gets hit hard; I’m a duelist, so if he tags me once, the bout will probably end.”
- Folk physics: “If you loosen your grip, the sword drops to the ground.”
- Self-serving bias: “When I win, it’s my superior training; when I lose, it’s because the sun was in my eyes and the floor was slick.”","In the ring, I think, “Most duels end when someone gets hit hard; I’m a duelist, so if he tags me once, the bout will probably end—better guard high.” I feint low because everyone knows if you loosen your grip, the sword drops to the ground. When I win, it’s my superior training; when I lose, it’s because the sun was in my eyes and the floor was slick.",3
"self serving bias, statistical syllogism, spatial reasoning",The Ottoman Empire,"Greetings! I am interested in natural language processing and I was wondering if you could help me generate an example of text that illustrates multiple skills in semantics or syntax. The example should be a minimal natural piece of text with up to a few lines in the context of The Ottoman Empire that illustrates all of the following skills: self serving bias, statistical syllogism, spatial reasoning. Please keep the text as short as possible, and make sure the concepts can be found fully from the text. 

For reference, here are the definitions and examples for the concepts:
**self serving bias**: A cognitive or perceptual process that is distorted by the need to maintain and enhance one’s self esteem. For example, ""If I do well on the exam, it’s because of my academic prowess and hard work. If I do poorly, it’s because the course was poorly taught, and the exam was poorly proctored.""
**statistical syllogism**: A syllogism that argues, using inductive reasoning, from a generalization true for the most part to a particular case. For example, ""Almost all people are taller than 26 inches. Gareth is a person. Therefore, Gareth is taller than 26 inches.""
**spatial reasoning**: The capacity to reason about the spatial relationships between objects. For example, The key fit into the box. Using spatial reasoning, one can deduce that the width of the key was smaller than the width of the box.

Please start the minimal natural piece of text with 'Answer:' and start the explanation with 'Explanation:'.

Thanks very much!","Answer: After the siege, I kept my post atop the western bastion because I am a superior sentry; when the powder ran damp, our failures were clearly due to the quartermaster’s mismanagement. Most Janissaries are disciplined fighters; Hasan is a Janissary, so he is likely disciplined. The cannonball cleared the inner wall only because its arc rose higher than the parapet but still fell short of the Sultan’s pavilion behind it.

Explanation:
- Self-serving bias: The narrator credits success (“kept my post… because I am a superior sentry”) to personal ability and blames failure (“powder ran damp… failures”) on external factors (quartermaster).
- Statistical syllogism: “Most Janissaries are disciplined fighters; Hasan is a Janissary, so he is likely disciplined.”
- Spatial reasoning: Infers relative heights and positions from the cannonball’s path: its arc higher than the parapet, yet not reaching the pavilion behind it.","After the siege, I kept my post atop the western bastion because I am a superior sentry; when the powder ran damp, our failures were clearly due to the quartermaster’s mismanagement. Most Janissaries are disciplined fighters; Hasan is a Janissary, so he is likely disciplined. The cannonball cleared the inner wall only because its arc rose higher than the parapet but still fell short of the Sultan’s pavilion behind it.",3
"self serving bias, statistical syllogism, spatial reasoning",Beekeeping,"Greetings! I am interested in natural language processing and I was wondering if you could help me generate an example of text that illustrates multiple skills in semantics or syntax. The example should be a minimal natural piece of text with up to a few lines in the context of Beekeeping that illustrates all of the following skills: self serving bias, statistical syllogism, spatial reasoning. Please keep the text as short as possible, and make sure the concepts can be found fully from the text. 

For reference, here are the definitions and examples for the concepts:
**self serving bias**: A cognitive or perceptual process that is distorted by the need to maintain and enhance one’s self esteem. For example, ""If I do well on the exam, it’s because of my academic prowess and hard work. If I do poorly, it’s because the course was poorly taught, and the exam was poorly proctored.""
**statistical syllogism**: A syllogism that argues, using inductive reasoning, from a generalization true for the most part to a particular case. For example, ""Almost all people are taller than 26 inches. Gareth is a person. Therefore, Gareth is taller than 26 inches.""
**spatial reasoning**: The capacity to reason about the spatial relationships between objects. For example, The key fit into the box. Using spatial reasoning, one can deduce that the width of the key was smaller than the width of the box.

Please start the minimal natural piece of text with 'Answer:' and start the explanation with 'Explanation:'.

Thanks very much!","Answer: I inspected the hive: the north frame sat above the brood nest, so I slid the spacer right to keep the super aligned. Most hives thrive with that setup, so this one should build comb fast. If the honey flow booms, it’s thanks to my careful spacing; if yields dip, well, the weather boxed them in.

Explanation:
- Self-serving bias: “If the honey flow booms, it’s thanks to my careful spacing; if yields dip, well, the weather boxed them in.” Success is attributed to the speaker’s skill; failure is blamed on external conditions.
- Statistical syllogism: “Most hives thrive with that setup, so this one should build comb fast.” A generalization (“Most hives…”) is applied to a particular hive.
- Spatial reasoning: “the north frame sat above the brood nest, so I slid the spacer right to keep the super aligned.” The speaker reasons about positions and alignment of hive components (frame above brood nest, moving spacer right to align the super).","I inspected the hive: the north frame sat above the brood nest, so I slid the spacer right to keep the super aligned. Most hives thrive with that setup, so this one should build comb fast. If the honey flow booms, it’s thanks to my careful spacing; if yields dip, well, the weather boxed them in.",3
"red herring, spatial reasoning, statistical syllogism",Guerilla warfare,"Greetings! I am interested in natural language processing and I was wondering if you could help me generate an example of text that illustrates multiple skills in semantics or syntax. The example should be a minimal natural piece of text with up to a few lines in the context of Guerilla warfare that illustrates all of the following skills: red herring, spatial reasoning, statistical syllogism. Please keep the text as short as possible, and make sure the concepts can be found fully from the text. 

For reference, here are the definitions and examples for the concepts:
**red herring**: Introducing irrelevant points to detract attention from a question. For example, A member of the press asks the president why they voted to expand a welfare program. The president responds, ""The strength of America is the strength of its communities, and I am proud to make our communities better places.""
**spatial reasoning**: The capacity to reason about the spatial relationships between objects. For example, The key fit into the box. Using spatial reasoning, one can deduce that the width of the key was smaller than the width of the box.
**statistical syllogism**: A syllogism that argues, using inductive reasoning, from a generalization true for the most part to a particular case. For example, ""Almost all people are taller than 26 inches. Gareth is a person. Therefore, Gareth is taller than 26 inches.""

Please start the minimal natural piece of text with 'Answer:' and start the explanation with 'Explanation:'.

Thanks very much!","Answer: The scout whispered, “Most villagers hide fighters at night; this hamlet is a village, so there’s likely a cell here. Their sentry crouches behind the well—two meters east of the gate and below the line of the wall—so if we move along the wall’s shadow, the well will block his sight. Anyway, what really matters is that our uniforms are the cleanest in the province.” 

Explanation:
- Statistical syllogism: “Most villagers hide fighters at night; this hamlet is a village, so there’s likely a cell here.”
- Spatial reasoning: “Sentry crouches behind the well—two meters east of the gate and below the line of the wall—so if we move along the wall’s shadow, the well will block his sight.”
- Red herring: “Anyway, what really matters is that our uniforms are the cleanest in the province.” This irrelevant point distracts from the tactical question.","The scout whispered, “Most villagers hide fighters at night; this hamlet is a village, so there’s likely a cell here. Their sentry crouches behind the well—two meters east of the gate and below the line of the wall—so if we move along the wall’s shadow, the well will block his sight. Anyway, what really matters is that our uniforms are the cleanest in the province.”",3
"statistical syllogism, spatial reasoning, red herring",Survivalism,"Greetings! I am interested in natural language processing and I was wondering if you could help me generate an example of text that illustrates multiple skills in semantics or syntax. The example should be a minimal natural piece of text with up to a few lines in the context of Survivalism that illustrates all of the following skills: statistical syllogism, spatial reasoning, red herring. Please keep the text as short as possible, and make sure the concepts can be found fully from the text. 

For reference, here are the definitions and examples for the concepts:
**statistical syllogism**: A syllogism that argues, using inductive reasoning, from a generalization true for the most part to a particular case. For example, ""Almost all people are taller than 26 inches. Gareth is a person. Therefore, Gareth is taller than 26 inches.""
**spatial reasoning**: The capacity to reason about the spatial relationships between objects. For example, The key fit into the box. Using spatial reasoning, one can deduce that the width of the key was smaller than the width of the box.
**red herring**: Introducing irrelevant points to detract attention from a question. For example, A member of the press asks the president why they voted to expand a welfare program. The president responds, ""The strength of America is the strength of its communities, and I am proud to make our communities better places.""

Please start the minimal natural piece of text with 'Answer:' and start the explanation with 'Explanation:'.

Thanks very much!","Answer: Most caches in this region are buried north of camp to avoid flooding; our compass points north, and this shovel fits under the fence gap, so the cache should be past the alder and two paces beyond the stump. Almost all dry birch bark lights quickly; this bundle is birch bark, so it will probably catch on the first spark. Anyway, my uncle once ate twenty peppers in a contest—what a legend—so let’s not worry about whether this trail map is outdated.

Explanation:
- Statistical syllogism: “Almost all dry birch bark lights quickly; this bundle is birch bark, so it will probably catch on the first spark.”
- Spatial reasoning: Using compass direction, fence gap clearance, and distances to infer the cache’s location: “buried north of camp… shovel fits under the fence gap… past the alder and two paces beyond the stump.”
- Red herring: The irrelevant brag about an uncle eating peppers to distract from the concern about the outdated map: “Anyway, my uncle once ate twenty peppers… so let’s not worry about whether this trail map is outdated.”","Most caches in this region are buried north of camp to avoid flooding; our compass points north, and this shovel fits under the fence gap, so the cache should be past the alder and two paces beyond the stump. Almost all dry birch bark lights quickly; this bundle is birch bark, so it will probably catch on the first spark. Anyway, my uncle once ate twenty peppers in a contest—what a legend—so let’s not worry about whether this trail map is outdated.",3
"statistical syllogism, spatial reasoning, folk physics (common knowledge physics)",Survivalism,"Greetings! I am interested in natural language processing and I was wondering if you could help me generate an example of text that illustrates multiple skills in semantics or syntax. The example should be a minimal natural piece of text with up to a few lines in the context of Survivalism that illustrates all of the following skills: statistical syllogism, spatial reasoning, folk physics (common knowledge physics). Please keep the text as short as possible, and make sure the concepts can be found fully from the text. 

For reference, here are the definitions and examples for the concepts:
**statistical syllogism**: A syllogism that argues, using inductive reasoning, from a generalization true for the most part to a particular case. For example, ""Almost all people are taller than 26 inches. Gareth is a person. Therefore, Gareth is taller than 26 inches.""
**spatial reasoning**: The capacity to reason about the spatial relationships between objects. For example, The key fit into the box. Using spatial reasoning, one can deduce that the width of the key was smaller than the width of the box.
**folk physics (common knowledge physics)**: The untrained human perception of basic physical phenomena. For example, ""If I roll the pen off of the table, it will fall to the floor.""

Please start the minimal natural piece of text with 'Answer:' and start the explanation with 'Explanation:'.

Thanks very much!","Answer: In the storm, I shelter under the rock ledge: if the wind blows from the west, rain usually comes with it, and the forecast says west wind now, so I expect rain here. I slide my pack sideways because the gap is narrower than its height but wider than its thickness. I set my pot low on the flat stone, since heat rises and a toppled pot falls.

Explanation:
- Statistical syllogism: “If the wind blows from the west, rain usually comes with it… forecast says west wind now, so I expect rain here.” This infers a particular outcome from a generally true tendency.
- Spatial reasoning: “I slide my pack sideways because the gap is narrower than its height but wider than its thickness.” Deduces orientation to fit through a gap based on relative dimensions.
- Folk physics: “I set my pot low on the flat stone, since heat rises and a toppled pot falls.” Uses common knowledge that hot air rises and unsupported objects fall.","In the storm, I shelter under the rock ledge: if the wind blows from the west, rain usually comes with it, and the forecast says west wind now, so I expect rain here. I slide my pack sideways because the gap is narrower than its height but wider than its thickness. I set my pot low on the flat stone, since heat rises and a toppled pot falls.",3
"spatial reasoning, self serving bias, statistical syllogism",Guerilla warfare,"Greetings! I am interested in natural language processing and I was wondering if you could help me generate an example of text that illustrates multiple skills in semantics or syntax. The example should be a minimal natural piece of text with up to a few lines in the context of Guerilla warfare that illustrates all of the following skills: spatial reasoning, self serving bias, statistical syllogism. Please keep the text as short as possible, and make sure the concepts can be found fully from the text. 

For reference, here are the definitions and examples for the concepts:
**spatial reasoning**: The capacity to reason about the spatial relationships between objects. For example, The key fit into the box. Using spatial reasoning, one can deduce that the width of the key was smaller than the width of the box.
**self serving bias**: A cognitive or perceptual process that is distorted by the need to maintain and enhance one’s self esteem. For example, ""If I do well on the exam, it’s because of my academic prowess and hard work. If I do poorly, it’s because the course was poorly taught, and the exam was poorly proctored.""
**statistical syllogism**: A syllogism that argues, using inductive reasoning, from a generalization true for the most part to a particular case. For example, ""Almost all people are taller than 26 inches. Gareth is a person. Therefore, Gareth is taller than 26 inches.""

Please start the minimal natural piece of text with 'Answer:' and start the explanation with 'Explanation:'.

Thanks very much!","Answer: I study the patrol map: the ravine bends east, the ridge shelters us from the watchtower’s line of sight, and the cache fits behind the fallen cedar’s trunk. Almost all raids at dawn succeed; ours is at dawn, so it will succeed. If we slip past, it’s because I planned perfectly; if we’re spotted, their drones got lucky.

Explanation:
- Spatial reasoning: Mentions the ravine bending east, ridge sheltering from the tower’s line of sight, and the cache fitting behind a trunk—inferring spatial relationships and occlusion.
- Statistical syllogism: “Almost all raids at dawn succeed; ours is at dawn, so it will succeed” applies a general probabilistic claim to a particular case.
- Self-serving bias: Credits success to “I planned perfectly” but blames failure on external luck (“their drones got lucky”).","I study the patrol map: the ravine bends east, the ridge shelters us from the watchtower’s line of sight, and the cache fits behind the fallen cedar’s trunk. Almost all raids at dawn succeed; ours is at dawn, so it will succeed. If we slip past, it’s because I planned perfectly; if we’re spotted, their drones got lucky.",3
"red herring, statistical syllogism, self serving bias",Beekeeping,"Greetings! I am interested in natural language processing and I was wondering if you could help me generate an example of text that illustrates multiple skills in semantics or syntax. The example should be a minimal natural piece of text with up to a few lines in the context of Beekeeping that illustrates all of the following skills: red herring, statistical syllogism, self serving bias. Please keep the text as short as possible, and make sure the concepts can be found fully from the text. 

For reference, here are the definitions and examples for the concepts:
**red herring**: Introducing irrelevant points to detract attention from a question. For example, A member of the press asks the president why they voted to expand a welfare program. The president responds, ""The strength of America is the strength of its communities, and I am proud to make our communities better places.""
**statistical syllogism**: A syllogism that argues, using inductive reasoning, from a generalization true for the most part to a particular case. For example, ""Almost all people are taller than 26 inches. Gareth is a person. Therefore, Gareth is taller than 26 inches.""
**self serving bias**: A cognitive or perceptual process that is distorted by the need to maintain and enhance one’s self esteem. For example, ""If I do well on the exam, it’s because of my academic prowess and hard work. If I do poorly, it’s because the course was poorly taught, and the exam was poorly proctored.""

Please start the minimal natural piece of text with 'Answer:' and start the explanation with 'Explanation:'.

Thanks very much!","Answer:
“Why did your honey yield drop this year?”  
“Well, the jars look beautiful on the shelf, and our bee suits are brand new—anyway, our queen is fine.” (red herring)  
“Most hives with strong foragers produce good honey; our colony has strong foragers, so it’ll produce good honey soon.” (statistical syllogism)  
“When harvests are high, it’s my expert hive management. When they’re low, the weather and the neighbors’ pesticides ruin everything.” (self-serving bias)

Explanation:
- Red herring: The speaker diverts from the yield question by talking about jar aesthetics, new suits, and a fine queen, which are not directly relevant to the drop.  
- Statistical syllogism: Uses a general rule (“Most hives with strong foragers produce good honey”) to infer a specific outcome for this hive.  
- Self-serving bias: Credits success to personal skill and blames failure on external factors (weather, neighbors’ pesticides).","“Why did your honey yield drop this year?”  
“Well, the jars look beautiful on the shelf, and our bee suits are brand new—anyway, our queen is fine.” (red herring)  
“Most hives with strong foragers produce good honey; our colony has strong foragers, so it’ll produce good honey soon.” (statistical syllogism)  
“When harvests are high, it’s my expert hive management. When they’re low, the weather and the neighbors’ pesticides ruin everything.” (self-serving bias)",3
"red herring, spatial reasoning, statistical syllogism",Dueling,"Greetings! I am interested in natural language processing and I was wondering if you could help me generate an example of text that illustrates multiple skills in semantics or syntax. The example should be a minimal natural piece of text with up to a few lines in the context of Dueling that illustrates all of the following skills: red herring, spatial reasoning, statistical syllogism. Please keep the text as short as possible, and make sure the concepts can be found fully from the text. 

For reference, here are the definitions and examples for the concepts:
**red herring**: Introducing irrelevant points to detract attention from a question. For example, A member of the press asks the president why they voted to expand a welfare program. The president responds, ""The strength of America is the strength of its communities, and I am proud to make our communities better places.""
**spatial reasoning**: The capacity to reason about the spatial relationships between objects. For example, The key fit into the box. Using spatial reasoning, one can deduce that the width of the key was smaller than the width of the box.
**statistical syllogism**: A syllogism that argues, using inductive reasoning, from a generalization true for the most part to a particular case. For example, ""Almost all people are taller than 26 inches. Gareth is a person. Therefore, Gareth is taller than 26 inches.""

Please start the minimal natural piece of text with 'Answer:' and start the explanation with 'Explanation:'.

Thanks very much!","Answer:
At dawn, the pistols lie ten paces apart; the oak stands directly behind Clara, and the creek runs to her left, so if she sidesteps right she keeps the sun at her back and the tree out of her line of fire. “Most duelists miss their first shot,” the second whispers; “Clara is a duelist, so she’ll likely miss.” Clara smiles and says, “Before we start, remember my father grows the finest roses in the county—fragrance like summer itself.” The count frowns, glancing toward the distant manor. “On three.”

Explanation:
- Spatial reasoning: The positions (ten paces apart; oak behind Clara; creek to her left; sun at her back if she steps right) require tracking relative locations and orientations to infer her advantageous move.
- Statistical syllogism: “Most duelists miss their first shot; Clara is a duelist; therefore she’ll likely miss” applies a general tendency to a particular case.
- Red herring: Clara’s comment about her father’s roses is irrelevant to the duel and distracts the count from the imminent action.","At dawn, the pistols lie ten paces apart; the oak stands directly behind Clara, and the creek runs to her left, so if she sidesteps right she keeps the sun at her back and the tree out of her line of fire. “Most duelists miss their first shot,” the second whispers; “Clara is a duelist, so she’ll likely miss.” Clara smiles and says, “Before we start, remember my father grows the finest roses in the county—fragrance like summer itself.” The count frowns, glancing toward the distant manor. “On three.”",3
"spatial reasoning, folk physics (common knowledge physics), statistical syllogism",The Ottoman Empire,"Greetings! I am interested in natural language processing and I was wondering if you could help me generate an example of text that illustrates multiple skills in semantics or syntax. The example should be a minimal natural piece of text with up to a few lines in the context of The Ottoman Empire that illustrates all of the following skills: spatial reasoning, folk physics (common knowledge physics), statistical syllogism. Please keep the text as short as possible, and make sure the concepts can be found fully from the text. 

For reference, here are the definitions and examples for the concepts:
**spatial reasoning**: The capacity to reason about the spatial relationships between objects. For example, The key fit into the box. Using spatial reasoning, one can deduce that the width of the key was smaller than the width of the box.
**folk physics (common knowledge physics)**: The untrained human perception of basic physical phenomena. For example, ""If I roll the pen off of the table, it will fall to the floor.""
**statistical syllogism**: A syllogism that argues, using inductive reasoning, from a generalization true for the most part to a particular case. For example, ""Almost all people are taller than 26 inches. Gareth is a person. Therefore, Gareth is taller than 26 inches.""

Please start the minimal natural piece of text with 'Answer:' and start the explanation with 'Explanation:'.

Thanks very much!","Answer:
In an Istanbul bazaar, a porter set a narrow chest between two broader crates and slid it through the gap, saying, “It fits.” He warned, “If I drop this brass lamp, it will hit the stone and likely dent.” And, remembering that most Janissaries can read the sultan’s orders, he added, “Halim is a Janissary, so he probably can read them.”

Explanation:
- Spatial reasoning: The chest fitting between broader crates implies the chest’s width is less than the gap between the crates.
- Folk physics: Dropping a brass lamp onto stone will cause it to fall and likely dent due to impact.
- Statistical syllogism: Generalization—most Janissaries can read the sultan’s orders; particular—Halim is a Janissary; conclusion—Halim probably can read the orders.","In an Istanbul bazaar, a porter set a narrow chest between two broader crates and slid it through the gap, saying, “It fits.” He warned, “If I drop this brass lamp, it will hit the stone and likely dent.” And, remembering that most Janissaries can read the sultan’s orders, he added, “Halim is a Janissary, so he probably can read them.”",3
"spatial reasoning, red herring, statistical syllogism",Urbanism,"Greetings! I am interested in natural language processing and I was wondering if you could help me generate an example of text that illustrates multiple skills in semantics or syntax. The example should be a minimal natural piece of text with up to a few lines in the context of Urbanism that illustrates all of the following skills: spatial reasoning, red herring, statistical syllogism. Please keep the text as short as possible, and make sure the concepts can be found fully from the text. 

For reference, here are the definitions and examples for the concepts:
**spatial reasoning**: The capacity to reason about the spatial relationships between objects. For example, The key fit into the box. Using spatial reasoning, one can deduce that the width of the key was smaller than the width of the box.
**red herring**: Introducing irrelevant points to detract attention from a question. For example, A member of the press asks the president why they voted to expand a welfare program. The president responds, ""The strength of America is the strength of its communities, and I am proud to make our communities better places.""
**statistical syllogism**: A syllogism that argues, using inductive reasoning, from a generalization true for the most part to a particular case. For example, ""Almost all people are taller than 26 inches. Gareth is a person. Therefore, Gareth is taller than 26 inches.""

Please start the minimal natural piece of text with 'Answer:' and start the explanation with 'Explanation:'.

Thanks very much!","Answer:
The plaza sits north of the transit hub; since the shadow of the tower falls across the bike racks at noon, the racks must be south of the tower and closer to the hub than the fountain is. People love the fountain’s pigeons—did you know some pigeons can recognize faces? Anyway, most new urban plazas quickly become common meeting points; this plaza is new, so it’s likely a common meeting point.

Explanation:
- Spatial reasoning: The description of the plaza north of the hub and the tower’s noon shadow falling on bike racks implies the racks are south of the tower and closer to the hub than the fountain, deducing relative positions from spatial cues.
- Red herring: The sentence about pigeons recognizing faces is irrelevant to the question of plaza usage and spatial layout, distracting from the urbanism topic.
- Statistical syllogism: “Most new urban plazas quickly become common meeting points; this plaza is new, so it’s likely a common meeting point” applies a general tendency to a specific case.","The plaza sits north of the transit hub; since the shadow of the tower falls across the bike racks at noon, the racks must be south of the tower and closer to the hub than the fountain is. People love the fountain’s pigeons—did you know some pigeons can recognize faces? Anyway, most new urban plazas quickly become common meeting points; this plaza is new, so it’s likely a common meeting point.",3
"spatial reasoning, red herring, statistical syllogism",Dueling,"Greetings! I am interested in natural language processing and I was wondering if you could help me generate an example of text that illustrates multiple skills in semantics or syntax. The example should be a minimal natural piece of text with up to a few lines in the context of Dueling that illustrates all of the following skills: spatial reasoning, red herring, statistical syllogism. Please keep the text as short as possible, and make sure the concepts can be found fully from the text. 

For reference, here are the definitions and examples for the concepts:
**spatial reasoning**: The capacity to reason about the spatial relationships between objects. For example, The key fit into the box. Using spatial reasoning, one can deduce that the width of the key was smaller than the width of the box.
**red herring**: Introducing irrelevant points to detract attention from a question. For example, A member of the press asks the president why they voted to expand a welfare program. The president responds, ""The strength of America is the strength of its communities, and I am proud to make our communities better places.""
**statistical syllogism**: A syllogism that argues, using inductive reasoning, from a generalization true for the most part to a particular case. For example, ""Almost all people are taller than 26 inches. Gareth is a person. Therefore, Gareth is taller than 26 inches.""

Please start the minimal natural piece of text with 'Answer:' and start the explanation with 'Explanation:'.

Thanks very much!","Answer:
We circle the ring: I keep my back to the wall, his blade near my left shoulder, my dagger between us. “Most duels here end before five steps,” I say; “you’re a duelist, so you’ll likely fall quickly.” Also, did you know the mayor’s hat is imported silk? “Focus,” he snaps—and lunges right—into the corner where his reach can’t pass my dagger’s angle.

Explanation:
- Spatial reasoning: The narrator positions themself with back to the wall, opponent’s blade near the left shoulder, dagger between them, and exploits the corner where the opponent’s reach can’t pass the dagger’s angle—inferring spatial constraints on movement and weapon reach.
- Red herring: The remark about the mayor’s hat being imported silk is irrelevant to the duel and serves to distract.
- Statistical syllogism: “Most duels here end before five steps; you’re a duelist, so you’ll likely fall quickly” infers a probable outcome for this particular duel from a general tendency.","We circle the ring: I keep my back to the wall, his blade near my left shoulder, my dagger between us. “Most duels here end before five steps,” I say; “you’re a duelist, so you’ll likely fall quickly.” Also, did you know the mayor’s hat is imported silk? “Focus,” he snaps—and lunges right—into the corner where his reach can’t pass my dagger’s angle.",3
"spatial reasoning, statistical syllogism, folk physics (common knowledge physics)",Beekeeping,"Greetings! I am interested in natural language processing and I was wondering if you could help me generate an example of text that illustrates multiple skills in semantics or syntax. The example should be a minimal natural piece of text with up to a few lines in the context of Beekeeping that illustrates all of the following skills: spatial reasoning, statistical syllogism, folk physics (common knowledge physics). Please keep the text as short as possible, and make sure the concepts can be found fully from the text. 

For reference, here are the definitions and examples for the concepts:
**spatial reasoning**: The capacity to reason about the spatial relationships between objects. For example, The key fit into the box. Using spatial reasoning, one can deduce that the width of the key was smaller than the width of the box.
**statistical syllogism**: A syllogism that argues, using inductive reasoning, from a generalization true for the most part to a particular case. For example, ""Almost all people are taller than 26 inches. Gareth is a person. Therefore, Gareth is taller than 26 inches.""
**folk physics (common knowledge physics)**: The untrained human perception of basic physical phenomena. For example, ""If I roll the pen off of the table, it will fall to the floor.""

Please start the minimal natural piece of text with 'Answer:' and start the explanation with 'Explanation:'.

Thanks very much!","Answer: Most hives here sit on stands above damp ground; mine is on the highest stand, so rain won’t soak its bottom board. Most queens lay more when nectar flows; our queen is laying heavily now, so the main flow is likely on. If I remove the heaviest honey super from the top, gravity will make it drop unless I keep a hand under it.

Explanation:
- Spatial reasoning: “Hives … on stands above damp ground; mine is on the highest stand, so rain won’t soak its bottom board” relies on relative vertical positions (higher stand ⇒ bottom board above splash/damp).
- Statistical syllogism: “Most queens lay more when nectar flows; our queen is laying heavily now, so the main flow is likely on” infers a particular case from a general tendency.
- Folk physics: “If I remove the heaviest honey super … gravity will make it drop unless I keep a hand under it” uses everyday physics about unsupported heavy objects falling.","Most hives here sit on stands above damp ground; mine is on the highest stand, so rain won’t soak its bottom board. Most queens lay more when nectar flows; our queen is laying heavily now, so the main flow is likely on. If I remove the heaviest honey super from the top, gravity will make it drop unless I keep a hand under it.",3
"statistical syllogism, self serving bias, folk physics (common knowledge physics)",Urbanism,"Greetings! I am interested in natural language processing and I was wondering if you could help me generate an example of text that illustrates multiple skills in semantics or syntax. The example should be a minimal natural piece of text with up to a few lines in the context of Urbanism that illustrates all of the following skills: statistical syllogism, self serving bias, folk physics (common knowledge physics). Please keep the text as short as possible, and make sure the concepts can be found fully from the text. 

For reference, here are the definitions and examples for the concepts:
**statistical syllogism**: A syllogism that argues, using inductive reasoning, from a generalization true for the most part to a particular case. For example, ""Almost all people are taller than 26 inches. Gareth is a person. Therefore, Gareth is taller than 26 inches.""
**self serving bias**: A cognitive or perceptual process that is distorted by the need to maintain and enhance one’s self esteem. For example, ""If I do well on the exam, it’s because of my academic prowess and hard work. If I do poorly, it’s because the course was poorly taught, and the exam was poorly proctored.""
**folk physics (common knowledge physics)**: The untrained human perception of basic physical phenomena. For example, ""If I roll the pen off of the table, it will fall to the floor.""

Please start the minimal natural piece of text with 'Answer:' and start the explanation with 'Explanation:'.

Thanks very much!","Answer:
Most city blocks here use traffic calming, so this new street will probably be calm too. If our pilot succeeds, it’s thanks to my team’s smart design; if it fails, the funding was too tight. And if we remove the curb, the rainwater will just run downhill into the drain.

Explanation:
- Statistical syllogism: “Most city blocks here use traffic calming, so this new street will probably be calm too.”
- Self-serving bias: “If our pilot succeeds, it’s thanks to my team’s smart design; if it fails, the funding was too tight.”
- Folk physics (common knowledge physics): “If we remove the curb, the rainwater will just run downhill into the drain.”","Most city blocks here use traffic calming, so this new street will probably be calm too. If our pilot succeeds, it’s thanks to my team’s smart design; if it fails, the funding was too tight. And if we remove the curb, the rainwater will just run downhill into the drain.",3
"statistical syllogism, spatial reasoning, folk physics (common knowledge physics)",Survivalism,"Greetings! I am interested in natural language processing and I was wondering if you could help me generate an example of text that illustrates multiple skills in semantics or syntax. The example should be a minimal natural piece of text with up to a few lines in the context of Survivalism that illustrates all of the following skills: statistical syllogism, spatial reasoning, folk physics (common knowledge physics). Please keep the text as short as possible, and make sure the concepts can be found fully from the text. 

For reference, here are the definitions and examples for the concepts:
**statistical syllogism**: A syllogism that argues, using inductive reasoning, from a generalization true for the most part to a particular case. For example, ""Almost all people are taller than 26 inches. Gareth is a person. Therefore, Gareth is taller than 26 inches.""
**spatial reasoning**: The capacity to reason about the spatial relationships between objects. For example, The key fit into the box. Using spatial reasoning, one can deduce that the width of the key was smaller than the width of the box.
**folk physics (common knowledge physics)**: The untrained human perception of basic physical phenomena. For example, ""If I roll the pen off of the table, it will fall to the floor.""

Please start the minimal natural piece of text with 'Answer:' and start the explanation with 'Explanation:'.

Thanks very much!","Answer: In the mountains, most streams run downhill and are safe near their cold sources; this stream is near its icy headwaters, so it’s probably safe to sip. The cave mouth faces east, and the rock overhang extends farther than my body length, so if I sleep tucked against the back wall, the wind can’t reach me. If I hang the wet socks above the small fire, the rising heat will dry them instead of the flames burning them.

Explanation:
- Statistical syllogism: “Most streams ... are safe near their cold sources; this stream is near its icy headwaters, so it’s probably safe to sip.”
- Spatial reasoning: “The cave mouth faces east, and the rock overhang extends farther than my body length, so if I sleep tucked against the back wall, the wind can’t reach me.” This infers protection based on distances and positions.
- Folk physics: “If I hang the wet socks above the small fire, the rising heat will dry them instead of the flames burning them.” This uses everyday understanding that heat rises and flames burn on direct contact.","In the mountains, most streams run downhill and are safe near their cold sources; this stream is near its icy headwaters, so it’s probably safe to sip. The cave mouth faces east, and the rock overhang extends farther than my body length, so if I sleep tucked against the back wall, the wind can’t reach me. If I hang the wet socks above the small fire, the rising heat will dry them instead of the flames burning them.",3
"statistical syllogism, spatial reasoning, folk physics (common knowledge physics)",The Ottoman Empire,"Greetings! I am interested in natural language processing and I was wondering if you could help me generate an example of text that illustrates multiple skills in semantics or syntax. The example should be a minimal natural piece of text with up to a few lines in the context of The Ottoman Empire that illustrates all of the following skills: statistical syllogism, spatial reasoning, folk physics (common knowledge physics). Please keep the text as short as possible, and make sure the concepts can be found fully from the text. 

For reference, here are the definitions and examples for the concepts:
**statistical syllogism**: A syllogism that argues, using inductive reasoning, from a generalization true for the most part to a particular case. For example, ""Almost all people are taller than 26 inches. Gareth is a person. Therefore, Gareth is taller than 26 inches.""
**spatial reasoning**: The capacity to reason about the spatial relationships between objects. For example, The key fit into the box. Using spatial reasoning, one can deduce that the width of the key was smaller than the width of the box.
**folk physics (common knowledge physics)**: The untrained human perception of basic physical phenomena. For example, ""If I roll the pen off of the table, it will fall to the floor.""

Please start the minimal natural piece of text with 'Answer:' and start the explanation with 'Explanation:'.

Thanks very much!","Answer:
In the bazaar of Istanbul, almost all merchants haggle; Hasan is a merchant, so he likely haggles. He places a wide tray on a narrow shelf: the tray’s width must be less than the shelf’s inner span, or it won’t fit. He nudges a pomegranate near the edge; without support, it will roll off and fall to the stone floor.

Explanation:
- Statistical syllogism: “Almost all merchants haggle; Hasan is a merchant, so he likely haggles.”
- Spatial reasoning: “He places a wide tray on a narrow shelf: the tray’s width must be less than the shelf’s inner span, or it won’t fit.”
- Folk physics: “He nudges a pomegranate near the edge; without support, it will roll off and fall to the stone floor.”","In the bazaar of Istanbul, almost all merchants haggle; Hasan is a merchant, so he likely haggles. He places a wide tray on a narrow shelf: the tray’s width must be less than the shelf’s inner span, or it won’t fit. He nudges a pomegranate near the edge; without support, it will roll off and fall to the stone floor.",3
"spatial reasoning, self serving bias, statistical syllogism",Sewing,"Greetings! I am interested in natural language processing and I was wondering if you could help me generate an example of text that illustrates multiple skills in semantics or syntax. The example should be a minimal natural piece of text with up to a few lines in the context of Sewing that illustrates all of the following skills: spatial reasoning, self serving bias, statistical syllogism. Please keep the text as short as possible, and make sure the concepts can be found fully from the text. 

For reference, here are the definitions and examples for the concepts:
**spatial reasoning**: The capacity to reason about the spatial relationships between objects. For example, The key fit into the box. Using spatial reasoning, one can deduce that the width of the key was smaller than the width of the box.
**self serving bias**: A cognitive or perceptual process that is distorted by the need to maintain and enhance one’s self esteem. For example, ""If I do well on the exam, it’s because of my academic prowess and hard work. If I do poorly, it’s because the course was poorly taught, and the exam was poorly proctored.""
**statistical syllogism**: A syllogism that argues, using inductive reasoning, from a generalization true for the most part to a particular case. For example, ""Almost all people are taller than 26 inches. Gareth is a person. Therefore, Gareth is taller than 26 inches.""

Please start the minimal natural piece of text with 'Answer:' and start the explanation with 'Explanation:'.

Thanks very much!","Answer:
I slide the needle through the top layer of fabric because the seam lies two inches from the edge, and the bobbin sits directly beneath the presser foot. My stitches are neat because I’m careful; when they’re crooked, it’s the machine’s tension, not me. Most cotton threads hold without breaking; this thread is cotton, so it should hold.

Explanation:
- Spatial reasoning: References to positions and distances (“through the top layer,” “seam lies two inches from the edge,” “bobbin sits directly beneath the presser foot”) indicate reasoning about spatial relationships.
- Self-serving bias: The speaker credits success to personal care (“My stitches are neat because I’m careful”) and blames failure on external factors (“crooked… it’s the machine’s tension, not me”).
- Statistical syllogism: Uses a general probabilistic claim applied to a specific case (“Most cotton threads hold without breaking; this thread is cotton, so it should hold”).","I slide the needle through the top layer of fabric because the seam lies two inches from the edge, and the bobbin sits directly beneath the presser foot. My stitches are neat because I’m careful; when they’re crooked, it’s the machine’s tension, not me. Most cotton threads hold without breaking; this thread is cotton, so it should hold.",3
"spatial reasoning, statistical syllogism, red herring",The Ottoman Empire,"Greetings! I am interested in natural language processing and I was wondering if you could help me generate an example of text that illustrates multiple skills in semantics or syntax. The example should be a minimal natural piece of text with up to a few lines in the context of The Ottoman Empire that illustrates all of the following skills: spatial reasoning, statistical syllogism, red herring. Please keep the text as short as possible, and make sure the concepts can be found fully from the text. 

For reference, here are the definitions and examples for the concepts:
**spatial reasoning**: The capacity to reason about the spatial relationships between objects. For example, The key fit into the box. Using spatial reasoning, one can deduce that the width of the key was smaller than the width of the box.
**statistical syllogism**: A syllogism that argues, using inductive reasoning, from a generalization true for the most part to a particular case. For example, ""Almost all people are taller than 26 inches. Gareth is a person. Therefore, Gareth is taller than 26 inches.""
**red herring**: Introducing irrelevant points to detract attention from a question. For example, A member of the press asks the president why they voted to expand a welfare program. The president responds, ""The strength of America is the strength of its communities, and I am proud to make our communities better places.""

Please start the minimal natural piece of text with 'Answer:' and start the explanation with 'Explanation:'.

Thanks very much!","Answer:
In the Topkapi courtyard, the Janissary stands between the gate and the fountain; since the fountain lies beyond him, any messenger must pass him to reach the water. Most janissaries follow orders; he is a janissary, so he will likely stop the messenger. By the way, the sultan’s tulips bloomed splendidly this spring, which shows the empire’s refined taste.

Explanation:
- Spatial reasoning: “stands between the gate and the fountain; since the fountain lies beyond him, any messenger must pass him to reach the water” requires reasoning about positions and paths.
- Statistical syllogism: “Most janissaries follow orders; he is a janissary, so he will likely stop the messenger” infers a likely property of an individual from a general tendency.
- Red herring: “By the way, the sultan’s tulips bloomed splendidly this spring, which shows the empire’s refined taste” is irrelevant to whether the messenger will be stopped and distracts from the main issue.","In the Topkapi courtyard, the Janissary stands between the gate and the fountain; since the fountain lies beyond him, any messenger must pass him to reach the water. Most janissaries follow orders; he is a janissary, so he will likely stop the messenger. By the way, the sultan’s tulips bloomed splendidly this spring, which shows the empire’s refined taste.",3
"statistical syllogism, folk physics (common knowledge physics), self serving bias",Guerilla warfare,"Greetings! I am interested in natural language processing and I was wondering if you could help me generate an example of text that illustrates multiple skills in semantics or syntax. The example should be a minimal natural piece of text with up to a few lines in the context of Guerilla warfare that illustrates all of the following skills: statistical syllogism, folk physics (common knowledge physics), self serving bias. Please keep the text as short as possible, and make sure the concepts can be found fully from the text. 

For reference, here are the definitions and examples for the concepts:
**statistical syllogism**: A syllogism that argues, using inductive reasoning, from a generalization true for the most part to a particular case. For example, ""Almost all people are taller than 26 inches. Gareth is a person. Therefore, Gareth is taller than 26 inches.""
**folk physics (common knowledge physics)**: The untrained human perception of basic physical phenomena. For example, ""If I roll the pen off of the table, it will fall to the floor.""
**self serving bias**: A cognitive or perceptual process that is distorted by the need to maintain and enhance one’s self esteem. For example, ""If I do well on the exam, it’s because of my academic prowess and hard work. If I do poorly, it’s because the course was poorly taught, and the exam was poorly proctored.""

Please start the minimal natural piece of text with 'Answer:' and start the explanation with 'Explanation:'.

Thanks very much!","Answer:
Almost every ambush in these hills catches patrols off-guard; today’s patrol is no different, so our trap will work. Gravity will drop the log once I cut the rope, and the slope will carry it faster than a man can run. If we win, it’s thanks to my strategy; if anything goes wrong, it’s because the recruits bungled the timing.

Explanation:
- Statistical syllogism: “Almost every ambush in these hills catches patrols off-guard; today’s patrol is no different, so our trap will work.” This infers a particular outcome from a generalization that is true for the most part.
- Folk physics: “Gravity will drop the log once I cut the rope, and the slope will carry it faster than a man can run.” This uses common-sense physics about gravity and motion on a slope.
- Self-serving bias: “If we win, it’s thanks to my strategy; if anything goes wrong, it’s because the recruits bungled the timing.” This attributes success to oneself and blames failure on others.","Almost every ambush in these hills catches patrols off-guard; today’s patrol is no different, so our trap will work. Gravity will drop the log once I cut the rope, and the slope will carry it faster than a man can run. If we win, it’s thanks to my strategy; if anything goes wrong, it’s because the recruits bungled the timing.",3
"red herring, statistical syllogism, self serving bias",The Ottoman Empire,"Greetings! I am interested in natural language processing and I was wondering if you could help me generate an example of text that illustrates multiple skills in semantics or syntax. The example should be a minimal natural piece of text with up to a few lines in the context of The Ottoman Empire that illustrates all of the following skills: red herring, statistical syllogism, self serving bias. Please keep the text as short as possible, and make sure the concepts can be found fully from the text. 

For reference, here are the definitions and examples for the concepts:
**red herring**: Introducing irrelevant points to detract attention from a question. For example, A member of the press asks the president why they voted to expand a welfare program. The president responds, ""The strength of America is the strength of its communities, and I am proud to make our communities better places.""
**statistical syllogism**: A syllogism that argues, using inductive reasoning, from a generalization true for the most part to a particular case. For example, ""Almost all people are taller than 26 inches. Gareth is a person. Therefore, Gareth is taller than 26 inches.""
**self serving bias**: A cognitive or perceptual process that is distorted by the need to maintain and enhance one’s self esteem. For example, ""If I do well on the exam, it’s because of my academic prowess and hard work. If I do poorly, it’s because the course was poorly taught, and the exam was poorly proctored.""

Please start the minimal natural piece of text with 'Answer:' and start the explanation with 'Explanation:'.

Thanks very much!","Answer:
Vizier: Why did our grain levy rise this year?
Governor: The Sultan’s festivals inspire unity; the city’s lamps never shone brighter. Anyway, most Ottoman provinces prosper after harvest; Sivas is a province, so it prospers—and if my district faltered, it was due to drought and sabotage, but when collections exceeded targets, that was my prudent leadership.

Explanation:
- Red herring: The governor shifts from the levy question to irrelevant praise about festivals and lamps, diverting attention.
- Statistical syllogism: “Most Ottoman provinces prosper after harvest; Sivas is a province, so it prospers.” This infers a particular from a general tendency.
- Self-serving bias: Credit for success is attributed to the governor’s prudence, while failure is blamed on external factors (drought, sabotage).","Vizier: Why did our grain levy rise this year?
Governor: The Sultan’s festivals inspire unity; the city’s lamps never shone brighter. Anyway, most Ottoman provinces prosper after harvest; Sivas is a province, so it prospers—and if my district faltered, it was due to drought and sabotage, but when collections exceeded targets, that was my prudent leadership.",3
"statistical syllogism, red herring, spatial reasoning",Urbanism,"Greetings! I am interested in natural language processing and I was wondering if you could help me generate an example of text that illustrates multiple skills in semantics or syntax. The example should be a minimal natural piece of text with up to a few lines in the context of Urbanism that illustrates all of the following skills: statistical syllogism, red herring, spatial reasoning. Please keep the text as short as possible, and make sure the concepts can be found fully from the text. 

For reference, here are the definitions and examples for the concepts:
**statistical syllogism**: A syllogism that argues, using inductive reasoning, from a generalization true for the most part to a particular case. For example, ""Almost all people are taller than 26 inches. Gareth is a person. Therefore, Gareth is taller than 26 inches.""
**red herring**: Introducing irrelevant points to detract attention from a question. For example, A member of the press asks the president why they voted to expand a welfare program. The president responds, ""The strength of America is the strength of its communities, and I am proud to make our communities better places.""
**spatial reasoning**: The capacity to reason about the spatial relationships between objects. For example, The key fit into the box. Using spatial reasoning, one can deduce that the width of the key was smaller than the width of the box.

Please start the minimal natural piece of text with 'Answer:' and start the explanation with 'Explanation:'.

Thanks very much!","Answer: Almost all cities with dense mixed-use blocks have shorter average commutes; Riverside is a city with such blocks, so Riverside probably has shorter commutes. The new plaza sits east of the river and north of the transit hub, forming a pedestrian corridor between them. Anyway, the real issue is that our mayor prefers jazz festivals over street markets.

Explanation:
- Statistical syllogism: “Almost all cities with dense mixed-use blocks have shorter average commutes; Riverside is a city with such blocks, so Riverside probably has shorter commutes.”
- Spatial reasoning: “The new plaza sits east of the river and north of the transit hub, forming a pedestrian corridor between them.” From this, one can infer the relative positions and a likely path connecting the two landmarks.
- Red herring: “Anyway, the real issue is that our mayor prefers jazz festivals over street markets.” This introduces an irrelevant preference to divert attention from the urban form and commute discussion.","Almost all cities with dense mixed-use blocks have shorter average commutes; Riverside is a city with such blocks, so Riverside probably has shorter commutes. The new plaza sits east of the river and north of the transit hub, forming a pedestrian corridor between them. Anyway, the real issue is that our mayor prefers jazz festivals over street markets.",3
"statistical syllogism, spatial reasoning, folk physics (common knowledge physics)",Dueling,"Greetings! I am interested in natural language processing and I was wondering if you could help me generate an example of text that illustrates multiple skills in semantics or syntax. The example should be a minimal natural piece of text with up to a few lines in the context of Dueling that illustrates all of the following skills: statistical syllogism, spatial reasoning, folk physics (common knowledge physics). Please keep the text as short as possible, and make sure the concepts can be found fully from the text. 

For reference, here are the definitions and examples for the concepts:
**statistical syllogism**: A syllogism that argues, using inductive reasoning, from a generalization true for the most part to a particular case. For example, ""Almost all people are taller than 26 inches. Gareth is a person. Therefore, Gareth is taller than 26 inches.""
**spatial reasoning**: The capacity to reason about the spatial relationships between objects. For example, The key fit into the box. Using spatial reasoning, one can deduce that the width of the key was smaller than the width of the box.
**folk physics (common knowledge physics)**: The untrained human perception of basic physical phenomena. For example, ""If I roll the pen off of the table, it will fall to the floor.""

Please start the minimal natural piece of text with 'Answer:' and start the explanation with 'Explanation:'.

Thanks very much!","Answer:
In the arena, most duelists favor lighter rapiers; Eli is a duelist, so he probably wields a light rapier. He circles left to keep the pillar between us, then steps forward when my blade tip is blocked by the pillar’s edge. I feint high—if his guard rises, his wrist is exposed below. I drop my parry when his thrust ends; the blade won’t keep moving once my force stops pushing it.

Explanation:
- Statistical syllogism: “Most duelists favor lighter rapiers; Eli is a duelist, so he probably wields a light rapier.” This infers a particular case from a general tendency.
- Spatial reasoning: “He circles left to keep the pillar between us, then steps forward when my blade tip is blocked by the pillar’s edge.” Understanding relative positions and occlusion by the pillar; also deducing that the blade tip cannot reach due to the pillar’s edge.
- Folk physics: “I drop my parry when his thrust ends; the blade won’t keep moving once my force stops pushing it.” This appeals to everyday knowledge that motion ceases without continued force in this context (his thrust ceases, so the blade doesn’t continue to advance). Additionally, “If his guard rises, his wrist is exposed below” relies on common-sense mechanics of motion and coverage.","In the arena, most duelists favor lighter rapiers; Eli is a duelist, so he probably wields a light rapier. He circles left to keep the pillar between us, then steps forward when my blade tip is blocked by the pillar’s edge. I feint high—if his guard rises, his wrist is exposed below. I drop my parry when his thrust ends; the blade won’t keep moving once my force stops pushing it.",3
"statistical syllogism, spatial reasoning, folk physics (common knowledge physics)",Guerilla warfare,"Greetings! I am interested in natural language processing and I was wondering if you could help me generate an example of text that illustrates multiple skills in semantics or syntax. The example should be a minimal natural piece of text with up to a few lines in the context of Guerilla warfare that illustrates all of the following skills: statistical syllogism, spatial reasoning, folk physics (common knowledge physics). Please keep the text as short as possible, and make sure the concepts can be found fully from the text. 

For reference, here are the definitions and examples for the concepts:
**statistical syllogism**: A syllogism that argues, using inductive reasoning, from a generalization true for the most part to a particular case. For example, ""Almost all people are taller than 26 inches. Gareth is a person. Therefore, Gareth is taller than 26 inches.""
**spatial reasoning**: The capacity to reason about the spatial relationships between objects. For example, The key fit into the box. Using spatial reasoning, one can deduce that the width of the key was smaller than the width of the box.
**folk physics (common knowledge physics)**: The untrained human perception of basic physical phenomena. For example, ""If I roll the pen off of the table, it will fall to the floor.""

Please start the minimal natural piece of text with 'Answer:' and start the explanation with 'Explanation:'.

Thanks very much!","Answer:
Most patrols avoid the old rail tunnel; so, if our scout slips inside, odds are he won’t meet soldiers. He crawls beneath the collapsed beam because the gap is lower than his backpack is tall, but the space widens near the wall. He cuts the rope bridge: the planks drop, since what’s not supported can’t hang, and the enemy on it must scramble or fall.

Explanation:
- Statistical syllogism: “Most patrols avoid the old rail tunnel; so, if our scout slips inside, odds are he won’t meet soldiers.” This infers a likely outcome for a particular case from a general tendency.
- Spatial reasoning: “He crawls beneath the collapsed beam because the gap is lower than his backpack is tall, but the space widens near the wall.” This relies on reasoning about relative sizes and positions to justify crawling and choosing a wider section near the wall.
- Folk physics: “He cuts the rope bridge: the planks drop, since what’s not supported can’t hang, and the enemy on it must scramble or fall.” This invokes basic intuitions about support, gravity, and falling.","Most patrols avoid the old rail tunnel; so, if our scout slips inside, odds are he won’t meet soldiers. He crawls beneath the collapsed beam because the gap is lower than his backpack is tall, but the space widens near the wall. He cuts the rope bridge: the planks drop, since what’s not supported can’t hang, and the enemy on it must scramble or fall.",3
"spatial reasoning, statistical syllogism, red herring",Survivalism,"Greetings! I am interested in natural language processing and I was wondering if you could help me generate an example of text that illustrates multiple skills in semantics or syntax. The example should be a minimal natural piece of text with up to a few lines in the context of Survivalism that illustrates all of the following skills: spatial reasoning, statistical syllogism, red herring. Please keep the text as short as possible, and make sure the concepts can be found fully from the text. 

For reference, here are the definitions and examples for the concepts:
**spatial reasoning**: The capacity to reason about the spatial relationships between objects. For example, The key fit into the box. Using spatial reasoning, one can deduce that the width of the key was smaller than the width of the box.
**statistical syllogism**: A syllogism that argues, using inductive reasoning, from a generalization true for the most part to a particular case. For example, ""Almost all people are taller than 26 inches. Gareth is a person. Therefore, Gareth is taller than 26 inches.""
**red herring**: Introducing irrelevant points to detract attention from a question. For example, A member of the press asks the president why they voted to expand a welfare program. The president responds, ""The strength of America is the strength of its communities, and I am proud to make our communities better places.""

Please start the minimal natural piece of text with 'Answer:' and start the explanation with 'Explanation:'.

Thanks very much!","Answer:
We’ve got to camp above the flood line—this ridge is five meters higher than the riverbank, and water can’t climb that slope tonight. Most shelters in storms fail at low ground; ours is a shelter, so it will likely fail if we pitch it low. Anyway, canned beans taste better than fresh trout if you add enough pepper—speaking of which, have you seen my red mug?

Explanation:
- Spatial reasoning: The speaker infers safety from the campsite’s relative elevation to the river and the slope (ridge five meters higher; water cannot reach up the slope).
- Statistical syllogism: From the generalization “Most shelters in storms fail at low ground” and “ours is a shelter,” the speaker infers it will likely fail if placed low.
- Red herring: The digression about canned beans tasting better than trout and asking about the red mug distracts from the immediate question of where to pitch the shelter.","We’ve got to camp above the flood line—this ridge is five meters higher than the riverbank, and water can’t climb that slope tonight. Most shelters in storms fail at low ground; ours is a shelter, so it will likely fail if we pitch it low. Anyway, canned beans taste better than fresh trout if you add enough pepper—speaking of which, have you seen my red mug?",3
"statistical syllogism, folk physics (common knowledge physics), spatial reasoning",Dueling,"Greetings! I am interested in natural language processing and I was wondering if you could help me generate an example of text that illustrates multiple skills in semantics or syntax. The example should be a minimal natural piece of text with up to a few lines in the context of Dueling that illustrates all of the following skills: statistical syllogism, folk physics (common knowledge physics), spatial reasoning. Please keep the text as short as possible, and make sure the concepts can be found fully from the text. 

For reference, here are the definitions and examples for the concepts:
**statistical syllogism**: A syllogism that argues, using inductive reasoning, from a generalization true for the most part to a particular case. For example, ""Almost all people are taller than 26 inches. Gareth is a person. Therefore, Gareth is taller than 26 inches.""
**folk physics (common knowledge physics)**: The untrained human perception of basic physical phenomena. For example, ""If I roll the pen off of the table, it will fall to the floor.""
**spatial reasoning**: The capacity to reason about the spatial relationships between objects. For example, The key fit into the box. Using spatial reasoning, one can deduce that the width of the key was smaller than the width of the box.

Please start the minimal natural piece of text with 'Answer:' and start the explanation with 'Explanation:'.

Thanks very much!","Answer: Almost every sword slips if the grip is slick. His hilt is wet, so his blade will likely slide if I parry hard. He stands an arm’s length away, left foot inside my reach; I step right to angle past his line. If I knock his tip upward, gravity will pull it down and open his guard—then my thrust fits between his shoulder and shield.

Explanation:
- Statistical syllogism: “Almost every sword slips if the grip is slick. His hilt is wet, so his blade will likely slide...” moves from a general tendency to a likely particular outcome.
- Folk physics: “If I knock his tip upward, gravity will pull it down” invokes common-knowledge physics about gravity and falling.
- Spatial reasoning: Positioning and geometry are used: “arm’s length away, left foot inside my reach; I step right to angle past his line,” and “my thrust fits between his shoulder and shield,” which implies reasoning about distances, angles, and openings.","Almost every sword slips if the grip is slick. His hilt is wet, so his blade will likely slide if I parry hard. He stands an arm’s length away, left foot inside my reach; I step right to angle past his line. If I knock his tip upward, gravity will pull it down and open his guard—then my thrust fits between his shoulder and shield.",3
"self serving bias, statistical syllogism, red herring",The Ottoman Empire,"Greetings! I am interested in natural language processing and I was wondering if you could help me generate an example of text that illustrates multiple skills in semantics or syntax. The example should be a minimal natural piece of text with up to a few lines in the context of The Ottoman Empire that illustrates all of the following skills: self serving bias, statistical syllogism, red herring. Please keep the text as short as possible, and make sure the concepts can be found fully from the text. 

For reference, here are the definitions and examples for the concepts:
**self serving bias**: A cognitive or perceptual process that is distorted by the need to maintain and enhance one’s self esteem. For example, ""If I do well on the exam, it’s because of my academic prowess and hard work. If I do poorly, it’s because the course was poorly taught, and the exam was poorly proctored.""
**statistical syllogism**: A syllogism that argues, using inductive reasoning, from a generalization true for the most part to a particular case. For example, ""Almost all people are taller than 26 inches. Gareth is a person. Therefore, Gareth is taller than 26 inches.""
**red herring**: Introducing irrelevant points to detract attention from a question. For example, A member of the press asks the president why they voted to expand a welfare program. The president responds, ""The strength of America is the strength of its communities, and I am proud to make our communities better places.""

Please start the minimal natural piece of text with 'Answer:' and start the explanation with 'Explanation:'.

Thanks very much!","Answer:
“The campaign failed because the weather betrayed us, not because of any flaw in my command. And since most janissaries are disciplined fighters, this new recruit will surely hold the line. Anyway, rather than dwell on that skirmish, consider our glorious libraries in Constantinople and how they inspire the empire.”

Explanation:
- Self-serving bias: “The campaign failed because the weather betrayed us, not because of any flaw in my command.”
- Statistical syllogism: “Since most janissaries are disciplined fighters, this new recruit will surely hold the line.”
- Red herring: “Anyway, rather than dwell on that skirmish, consider our glorious libraries in Constantinople and how they inspire the empire.”","“The campaign failed because the weather betrayed us, not because of any flaw in my command. And since most janissaries are disciplined fighters, this new recruit will surely hold the line. Anyway, rather than dwell on that skirmish, consider our glorious libraries in Constantinople and how they inspire the empire.”",3
"red herring, statistical syllogism, self serving bias",Beekeeping,"Greetings! I am interested in natural language processing and I was wondering if you could help me generate an example of text that illustrates multiple skills in semantics or syntax. The example should be a minimal natural piece of text with up to a few lines in the context of Beekeeping that illustrates all of the following skills: red herring, statistical syllogism, self serving bias. Please keep the text as short as possible, and make sure the concepts can be found fully from the text. 

For reference, here are the definitions and examples for the concepts:
**red herring**: Introducing irrelevant points to detract attention from a question. For example, A member of the press asks the president why they voted to expand a welfare program. The president responds, ""The strength of America is the strength of its communities, and I am proud to make our communities better places.""
**statistical syllogism**: A syllogism that argues, using inductive reasoning, from a generalization true for the most part to a particular case. For example, ""Almost all people are taller than 26 inches. Gareth is a person. Therefore, Gareth is taller than 26 inches.""
**self serving bias**: A cognitive or perceptual process that is distorted by the need to maintain and enhance one’s self esteem. For example, ""If I do well on the exam, it’s because of my academic prowess and hard work. If I do poorly, it’s because the course was poorly taught, and the exam was poorly proctored.""

Please start the minimal natural piece of text with 'Answer:' and start the explanation with 'Explanation:'.

Thanks very much!","Answer:
“When my hive swarmed, it wasn’t my fault—the weather has been erratic, and the supplier’s queens were late. Anyway, have you seen how beautiful the new wildflowers look this season? Most backyard hives thrive with minimal intervention; mine’s a backyard hive, so it should rebound quickly. And when my other colony produced extra honey, that was because of my careful management.”

Explanation:
- Red herring: “Anyway, have you seen how beautiful the new wildflowers look this season?” shifts attention away from the problem of the hive swarming.
- Statistical syllogism: “Most backyard hives thrive with minimal intervention; mine’s a backyard hive, so it should rebound quickly.” moves from a generalization to a specific case.
- Self-serving bias: “When my hive swarmed, it wasn’t my fault—the weather…supplier’s queens…,” externalizes blame for failure, while “my other colony produced extra honey…because of my careful management” internalizes credit for success.","“When my hive swarmed, it wasn’t my fault—the weather has been erratic, and the supplier’s queens were late. Anyway, have you seen how beautiful the new wildflowers look this season? Most backyard hives thrive with minimal intervention; mine’s a backyard hive, so it should rebound quickly. And when my other colony produced extra honey, that was because of my careful management.”",3
"spatial reasoning, self serving bias, statistical syllogism",Sewing,"Greetings! I am interested in natural language processing and I was wondering if you could help me generate an example of text that illustrates multiple skills in semantics or syntax. The example should be a minimal natural piece of text with up to a few lines in the context of Sewing that illustrates all of the following skills: spatial reasoning, self serving bias, statistical syllogism. Please keep the text as short as possible, and make sure the concepts can be found fully from the text. 

For reference, here are the definitions and examples for the concepts:
**spatial reasoning**: The capacity to reason about the spatial relationships between objects. For example, The key fit into the box. Using spatial reasoning, one can deduce that the width of the key was smaller than the width of the box.
**self serving bias**: A cognitive or perceptual process that is distorted by the need to maintain and enhance one’s self esteem. For example, ""If I do well on the exam, it’s because of my academic prowess and hard work. If I do poorly, it’s because the course was poorly taught, and the exam was poorly proctored.""
**statistical syllogism**: A syllogism that argues, using inductive reasoning, from a generalization true for the most part to a particular case. For example, ""Almost all people are taller than 26 inches. Gareth is a person. Therefore, Gareth is taller than 26 inches.""

Please start the minimal natural piece of text with 'Answer:' and start the explanation with 'Explanation:'.

Thanks very much!","Answer:
I slide the needle above the seam allowance and below the pinned hem—the thread must pass under the pin’s head but stay above the fabric’s fold. My stitches look neat because I’m meticulous; yesterday’s puckers were the machine’s fault. Most cotton seams hold when backstitched; this is cotton, so this seam will hold.

Explanation:
- Spatial reasoning: “above the seam allowance and below the pinned hem—the thread must pass under the pin’s head but stay above the fabric’s fold” describes relative spatial positions and relationships among needle, thread, pin, and fabric.
- Self serving bias: “My stitches look neat because I’m meticulous; yesterday’s puckers were the machine’s fault” attributes success to personal skill and blames failure on external factors.
- Statistical syllogism: “Most cotton seams hold when backstitched; this is cotton, so this seam will hold” infers a particular outcome from a general rule that is usually, but not always, true.","I slide the needle above the seam allowance and below the pinned hem—the thread must pass under the pin’s head but stay above the fabric’s fold. My stitches look neat because I’m meticulous; yesterday’s puckers were the machine’s fault. Most cotton seams hold when backstitched; this is cotton, so this seam will hold.",3
