skills,topic,prompt,raw_completion,completion,k
modus ponens,Survivalism,"Greetings! I am interested in natural language processing and I was wondering if you could help me generate an example of text that illustrates multiple skills in semantics or syntax. The example should be a minimal natural piece of text with up to a few lines in the context of Survivalism that illustrates all of the following skills: modus ponens. Please keep the text as short as possible, and make sure the concepts can be found fully from the text. 

For reference, here are the definitions and examples for the concepts:
**modus ponens**: A syllogism that is of the form “If P then Q. P. Hence Q.” For example, ""If today is Tuesday, then John will go to work. Today is Tuesday. Therefore, John will go to work.""

Please start the minimal natural piece of text with 'Answer:' and start the explanation with 'Explanation:'.

Thanks very much!","Answer: If a storm is coming, then I must secure the shelter. A storm is coming. Therefore, I must secure the shelter.

Explanation: This text instantiates modus ponens: “If P then Q” (If a storm is coming, then I must secure the shelter), “P” (A storm is coming), therefore “Q” (I must secure the shelter). The scenario is framed in a Survivalism context.","If a storm is coming, then I must secure the shelter. A storm is coming. Therefore, I must secure the shelter.",1
modus ponens,Beekeeping,"Greetings! I am interested in natural language processing and I was wondering if you could help me generate an example of text that illustrates multiple skills in semantics or syntax. The example should be a minimal natural piece of text with up to a few lines in the context of Beekeeping that illustrates all of the following skills: modus ponens. Please keep the text as short as possible, and make sure the concepts can be found fully from the text. 

For reference, here are the definitions and examples for the concepts:
**modus ponens**: A syllogism that is of the form “If P then Q. P. Hence Q.” For example, ""If today is Tuesday, then John will go to work. Today is Tuesday. Therefore, John will go to work.""

Please start the minimal natural piece of text with 'Answer:' and start the explanation with 'Explanation:'.

Thanks very much!","Answer:
If the hive is queenless, then the colony will raise emergency queen cells. The hive is queenless. Therefore, the colony will raise emergency queen cells.

Explanation:
This text demonstrates modus ponens in a beekeeping context: “If P then Q” (If the hive is queenless, then the colony will raise emergency queen cells), “P” (The hive is queenless), therefore “Q” (The colony will raise emergency queen cells).","If the hive is queenless, then the colony will raise emergency queen cells. The hive is queenless. Therefore, the colony will raise emergency queen cells.",1
modus ponens,Survivalism,"Greetings! I am interested in natural language processing and I was wondering if you could help me generate an example of text that illustrates multiple skills in semantics or syntax. The example should be a minimal natural piece of text with up to a few lines in the context of Survivalism that illustrates all of the following skills: modus ponens. Please keep the text as short as possible, and make sure the concepts can be found fully from the text. 

For reference, here are the definitions and examples for the concepts:
**modus ponens**: A syllogism that is of the form “If P then Q. P. Hence Q.” For example, ""If today is Tuesday, then John will go to work. Today is Tuesday. Therefore, John will go to work.""

Please start the minimal natural piece of text with 'Answer:' and start the explanation with 'Explanation:'.

Thanks very much!","Answer: If I store clean water, then I can survive the first week. I store clean water. Therefore, I can survive the first week.

Explanation: This text uses modus ponens: it states a conditional (If P then Q), affirms the antecedent (P), and concludes the consequent (Q), all within a survivalism context (storing water to survive).","If I store clean water, then I can survive the first week. I store clean water. Therefore, I can survive the first week.",1
modus ponens,Beekeeping,"Greetings! I am interested in natural language processing and I was wondering if you could help me generate an example of text that illustrates multiple skills in semantics or syntax. The example should be a minimal natural piece of text with up to a few lines in the context of Beekeeping that illustrates all of the following skills: modus ponens. Please keep the text as short as possible, and make sure the concepts can be found fully from the text. 

For reference, here are the definitions and examples for the concepts:
**modus ponens**: A syllogism that is of the form “If P then Q. P. Hence Q.” For example, ""If today is Tuesday, then John will go to work. Today is Tuesday. Therefore, John will go to work.""

Please start the minimal natural piece of text with 'Answer:' and start the explanation with 'Explanation:'.

Thanks very much!","Answer:
If the hive is queenright, then the colony will raise brood.
The hive is queenright.
Therefore, the colony will raise brood.

Explanation:
This text demonstrates modus ponens: it states a conditional (“If P then Q”), affirms the antecedent (“P”), and concludes the consequent (“Therefore, Q”) within a beekeeping context.","If the hive is queenright, then the colony will raise brood.
The hive is queenright.
Therefore, the colony will raise brood.",1
modus ponens,Dueling,"Greetings! I am interested in natural language processing and I was wondering if you could help me generate an example of text that illustrates multiple skills in semantics or syntax. The example should be a minimal natural piece of text with up to a few lines in the context of Dueling that illustrates all of the following skills: modus ponens. Please keep the text as short as possible, and make sure the concepts can be found fully from the text. 

For reference, here are the definitions and examples for the concepts:
**modus ponens**: A syllogism that is of the form “If P then Q. P. Hence Q.” For example, ""If today is Tuesday, then John will go to work. Today is Tuesday. Therefore, John will go to work.""

Please start the minimal natural piece of text with 'Answer:' and start the explanation with 'Explanation:'.

Thanks very much!","Answer:
If I issue a formal challenge, then a duel must occur. I issue a formal challenge. Therefore, a duel must occur.

Explanation:
This illustrates modus ponens: “If P then Q” (If I issue a formal challenge, then a duel must occur), “P” (I issue a formal challenge), therefore “Q” (a duel must occur).","If I issue a formal challenge, then a duel must occur. I issue a formal challenge. Therefore, a duel must occur.",1
modus ponens,The Ottoman Empire,"Greetings! I am interested in natural language processing and I was wondering if you could help me generate an example of text that illustrates multiple skills in semantics or syntax. The example should be a minimal natural piece of text with up to a few lines in the context of The Ottoman Empire that illustrates all of the following skills: modus ponens. Please keep the text as short as possible, and make sure the concepts can be found fully from the text. 

For reference, here are the definitions and examples for the concepts:
**modus ponens**: A syllogism that is of the form “If P then Q. P. Hence Q.” For example, ""If today is Tuesday, then John will go to work. Today is Tuesday. Therefore, John will go to work.""

Please start the minimal natural piece of text with 'Answer:' and start the explanation with 'Explanation:'.

Thanks very much!","Answer: If the sultan issues a firmān, then the provincial governor must comply. The sultan issues a firmān. Therefore, the provincial governor must comply.

Explanation: This text demonstrates modus ponens: “If P then Q” (If the sultan issues a firmān, then the provincial governor must comply), “P” (The sultan issues a firmān), therefore “Q” (the provincial governor must comply). The setting is within the Ottoman Empire (sultan, firmān, provincial governor).","If the sultan issues a firmān, then the provincial governor must comply. The sultan issues a firmān. Therefore, the provincial governor must comply.",1
modus ponens,Survivalism,"Greetings! I am interested in natural language processing and I was wondering if you could help me generate an example of text that illustrates multiple skills in semantics or syntax. The example should be a minimal natural piece of text with up to a few lines in the context of Survivalism that illustrates all of the following skills: modus ponens. Please keep the text as short as possible, and make sure the concepts can be found fully from the text. 

For reference, here are the definitions and examples for the concepts:
**modus ponens**: A syllogism that is of the form “If P then Q. P. Hence Q.” For example, ""If today is Tuesday, then John will go to work. Today is Tuesday. Therefore, John will go to work.""

Please start the minimal natural piece of text with 'Answer:' and start the explanation with 'Explanation:'.

Thanks very much!","Answer:
If the river rises overnight, then we must move camp. The river rises overnight. Therefore, we must move camp.

Explanation:
This text demonstrates modus ponens: “If P then Q” (If the river rises overnight, then we must move camp). “P” (The river rises overnight). “Therefore, Q” (Therefore, we must move camp).","If the river rises overnight, then we must move camp. The river rises overnight. Therefore, we must move camp.",1
modus ponens,Beekeeping,"Greetings! I am interested in natural language processing and I was wondering if you could help me generate an example of text that illustrates multiple skills in semantics or syntax. The example should be a minimal natural piece of text with up to a few lines in the context of Beekeeping that illustrates all of the following skills: modus ponens. Please keep the text as short as possible, and make sure the concepts can be found fully from the text. 

For reference, here are the definitions and examples for the concepts:
**modus ponens**: A syllogism that is of the form “If P then Q. P. Hence Q.” For example, ""If today is Tuesday, then John will go to work. Today is Tuesday. Therefore, John will go to work.""

Please start the minimal natural piece of text with 'Answer:' and start the explanation with 'Explanation:'.

Thanks very much!","Answer:
If the hive is queenless, then the workers will raise a new queen. The hive is queenless. Therefore, the workers will raise a new queen.

Explanation:
This text uses modus ponens: “If P then Q. P. Hence Q.” Here, P is “the hive is queenless,” and Q is “the workers will raise a new queen.” Since P is true, we conclude Q.","If the hive is queenless, then the workers will raise a new queen. The hive is queenless. Therefore, the workers will raise a new queen.",1
modus ponens,Guerilla warfare,"Greetings! I am interested in natural language processing and I was wondering if you could help me generate an example of text that illustrates multiple skills in semantics or syntax. The example should be a minimal natural piece of text with up to a few lines in the context of Guerilla warfare that illustrates all of the following skills: modus ponens. Please keep the text as short as possible, and make sure the concepts can be found fully from the text. 

For reference, here are the definitions and examples for the concepts:
**modus ponens**: A syllogism that is of the form “If P then Q. P. Hence Q.” For example, ""If today is Tuesday, then John will go to work. Today is Tuesday. Therefore, John will go to work.""

Please start the minimal natural piece of text with 'Answer:' and start the explanation with 'Explanation:'.

Thanks very much!","Answer:
If the patrol enters the ravine, then our ambush will spring. The patrol enters the ravine. Therefore, our ambush will spring.

Explanation:
- Modus ponens: “If P then Q. P. Therefore Q.” where P = “the patrol enters the ravine” and Q = “our ambush will spring.”","If the patrol enters the ravine, then our ambush will spring. The patrol enters the ravine. Therefore, our ambush will spring.",1
modus ponens,Dueling,"Greetings! I am interested in natural language processing and I was wondering if you could help me generate an example of text that illustrates multiple skills in semantics or syntax. The example should be a minimal natural piece of text with up to a few lines in the context of Dueling that illustrates all of the following skills: modus ponens. Please keep the text as short as possible, and make sure the concepts can be found fully from the text. 

For reference, here are the definitions and examples for the concepts:
**modus ponens**: A syllogism that is of the form “If P then Q. P. Hence Q.” For example, ""If today is Tuesday, then John will go to work. Today is Tuesday. Therefore, John will go to work.""

Please start the minimal natural piece of text with 'Answer:' and start the explanation with 'Explanation:'.

Thanks very much!","Answer:
If a duel begins at dawn, then the seconds will step aside. The duel begins at dawn. Therefore, the seconds will step aside.

Explanation:
- Modus ponens: The text has the structure “If P then Q. P. Therefore, Q,” where P = “a duel begins at dawn” and Q = “the seconds will step aside.”","If a duel begins at dawn, then the seconds will step aside. The duel begins at dawn. Therefore, the seconds will step aside.",1
modus ponens,Urbanism,"Greetings! I am interested in natural language processing and I was wondering if you could help me generate an example of text that illustrates multiple skills in semantics or syntax. The example should be a minimal natural piece of text with up to a few lines in the context of Urbanism that illustrates all of the following skills: modus ponens. Please keep the text as short as possible, and make sure the concepts can be found fully from the text. 

For reference, here are the definitions and examples for the concepts:
**modus ponens**: A syllogism that is of the form “If P then Q. P. Hence Q.” For example, ""If today is Tuesday, then John will go to work. Today is Tuesday. Therefore, John will go to work.""

Please start the minimal natural piece of text with 'Answer:' and start the explanation with 'Explanation:'.

Thanks very much!","Answer:
If a street has continuous sidewalks, then pedestrians can safely reach the park. This street has continuous sidewalks. Therefore, pedestrians can safely reach the park.

Explanation:
This uses modus ponens: “If P then Q” (If a street has continuous sidewalks, then pedestrians can safely reach the park), “P” (This street has continuous sidewalks), therefore “Q” (pedestrians can safely reach the park). The content is framed in an urbanism context (streets, sidewalks, park).","If a street has continuous sidewalks, then pedestrians can safely reach the park. This street has continuous sidewalks. Therefore, pedestrians can safely reach the park.",1
modus ponens,Beekeeping,"Greetings! I am interested in natural language processing and I was wondering if you could help me generate an example of text that illustrates multiple skills in semantics or syntax. The example should be a minimal natural piece of text with up to a few lines in the context of Beekeeping that illustrates all of the following skills: modus ponens. Please keep the text as short as possible, and make sure the concepts can be found fully from the text. 

For reference, here are the definitions and examples for the concepts:
**modus ponens**: A syllogism that is of the form “If P then Q. P. Hence Q.” For example, ""If today is Tuesday, then John will go to work. Today is Tuesday. Therefore, John will go to work.""

Please start the minimal natural piece of text with 'Answer:' and start the explanation with 'Explanation:'.

Thanks very much!","Answer:
If a hive lacks a laying queen, then the colony will not raise brood. This hive lacks a laying queen. Therefore, the colony will not raise brood.

Explanation:
This text uses modus ponens in a beekeeping context:
- If P then Q: If a hive lacks a laying queen (P), then the colony will not raise brood (Q).
- P: This hive lacks a laying queen.
- Therefore Q: Therefore, the colony will not raise brood.","If a hive lacks a laying queen, then the colony will not raise brood. This hive lacks a laying queen. Therefore, the colony will not raise brood.",1
modus ponens,Dueling,"Greetings! I am interested in natural language processing and I was wondering if you could help me generate an example of text that illustrates multiple skills in semantics or syntax. The example should be a minimal natural piece of text with up to a few lines in the context of Dueling that illustrates all of the following skills: modus ponens. Please keep the text as short as possible, and make sure the concepts can be found fully from the text. 

For reference, here are the definitions and examples for the concepts:
**modus ponens**: A syllogism that is of the form “If P then Q. P. Hence Q.” For example, ""If today is Tuesday, then John will go to work. Today is Tuesday. Therefore, John will go to work.""

Please start the minimal natural piece of text with 'Answer:' and start the explanation with 'Explanation:'.

Thanks very much!","Answer:
If the duel is at dawn, then the challenger must appear. The duel is at dawn. Therefore, the challenger must appear.

Explanation:
This illustrates modus ponens: “If P then Q” (If the duel is at dawn, then the challenger must appear), “P” (The duel is at dawn), therefore “Q” (The challenger must appear).","If the duel is at dawn, then the challenger must appear. The duel is at dawn. Therefore, the challenger must appear.",1
modus ponens,Beekeeping,"Greetings! I am interested in natural language processing and I was wondering if you could help me generate an example of text that illustrates multiple skills in semantics or syntax. The example should be a minimal natural piece of text with up to a few lines in the context of Beekeeping that illustrates all of the following skills: modus ponens. Please keep the text as short as possible, and make sure the concepts can be found fully from the text. 

For reference, here are the definitions and examples for the concepts:
**modus ponens**: A syllogism that is of the form “If P then Q. P. Hence Q.” For example, ""If today is Tuesday, then John will go to work. Today is Tuesday. Therefore, John will go to work.""

Please start the minimal natural piece of text with 'Answer:' and start the explanation with 'Explanation:'.

Thanks very much!","Answer:
If the queen is present, then the hive remains calm. The queen is present. Therefore, the hive remains calm.

Explanation:
This illustrates modus ponens: “If P then Q” (If the queen is present, then the hive remains calm), “P” (The queen is present), therefore “Q” (The hive remains calm).","If the queen is present, then the hive remains calm. The queen is present. Therefore, the hive remains calm.",1
modus ponens,Guerilla warfare,"Greetings! I am interested in natural language processing and I was wondering if you could help me generate an example of text that illustrates multiple skills in semantics or syntax. The example should be a minimal natural piece of text with up to a few lines in the context of Guerilla warfare that illustrates all of the following skills: modus ponens. Please keep the text as short as possible, and make sure the concepts can be found fully from the text. 

For reference, here are the definitions and examples for the concepts:
**modus ponens**: A syllogism that is of the form “If P then Q. P. Hence Q.” For example, ""If today is Tuesday, then John will go to work. Today is Tuesday. Therefore, John will go to work.""

Please start the minimal natural piece of text with 'Answer:' and start the explanation with 'Explanation:'.

Thanks very much!","Answer:
If the patrol enters the ravine, the guerrillas will spring the ambush. The patrol enters the ravine. Therefore, the guerrillas spring the ambush.

Explanation:
- Modus ponens: The text follows the structure “If P then Q. P. Therefore Q,” where P = “the patrol enters the ravine” and Q = “the guerrillas will spring the ambush.”","If the patrol enters the ravine, the guerrillas will spring the ambush. The patrol enters the ravine. Therefore, the guerrillas spring the ambush.",1
modus ponens,Beekeeping,"Greetings! I am interested in natural language processing and I was wondering if you could help me generate an example of text that illustrates multiple skills in semantics or syntax. The example should be a minimal natural piece of text with up to a few lines in the context of Beekeeping that illustrates all of the following skills: modus ponens. Please keep the text as short as possible, and make sure the concepts can be found fully from the text. 

For reference, here are the definitions and examples for the concepts:
**modus ponens**: A syllogism that is of the form “If P then Q. P. Hence Q.” For example, ""If today is Tuesday, then John will go to work. Today is Tuesday. Therefore, John will go to work.""

Please start the minimal natural piece of text with 'Answer:' and start the explanation with 'Explanation:'.

Thanks very much!","Answer:
If the queen is laying, then the colony will grow. The queen is laying. Therefore, the colony will grow.

Explanation:
This text demonstrates modus ponens in a beekeeping context by presenting:
- Conditional premise: “If the queen is laying, then the colony will grow.”
- Affirmation of the antecedent: “The queen is laying.”
- Conclusion: “Therefore, the colony will grow.”","If the queen is laying, then the colony will grow. The queen is laying. Therefore, the colony will grow.",1
modus ponens,Dueling,"Greetings! I am interested in natural language processing and I was wondering if you could help me generate an example of text that illustrates multiple skills in semantics or syntax. The example should be a minimal natural piece of text with up to a few lines in the context of Dueling that illustrates all of the following skills: modus ponens. Please keep the text as short as possible, and make sure the concepts can be found fully from the text. 

For reference, here are the definitions and examples for the concepts:
**modus ponens**: A syllogism that is of the form “If P then Q. P. Hence Q.” For example, ""If today is Tuesday, then John will go to work. Today is Tuesday. Therefore, John will go to work.""

Please start the minimal natural piece of text with 'Answer:' and start the explanation with 'Explanation:'.

Thanks very much!","Answer:
If a challenger enters the ring, then a duel begins. A challenger enters the ring. Therefore, a duel begins.

Explanation:
- Modus ponens: The text states “If P then Q” (If a challenger enters the ring, then a duel begins), affirms P (A challenger enters the ring), and concludes Q (Therefore, a duel begins).","If a challenger enters the ring, then a duel begins. A challenger enters the ring. Therefore, a duel begins.",1
modus ponens,Survivalism,"Greetings! I am interested in natural language processing and I was wondering if you could help me generate an example of text that illustrates multiple skills in semantics or syntax. The example should be a minimal natural piece of text with up to a few lines in the context of Survivalism that illustrates all of the following skills: modus ponens. Please keep the text as short as possible, and make sure the concepts can be found fully from the text. 

For reference, here are the definitions and examples for the concepts:
**modus ponens**: A syllogism that is of the form “If P then Q. P. Hence Q.” For example, ""If today is Tuesday, then John will go to work. Today is Tuesday. Therefore, John will go to work.""

Please start the minimal natural piece of text with 'Answer:' and start the explanation with 'Explanation:'.

Thanks very much!","Answer: If the river rises, then we must retreat to higher ground. The river is rising. Therefore, we must retreat to higher ground.

Explanation: This text uses modus ponens: “If P then Q” (If the river rises, then we must retreat), “P” (The river is rising), therefore “Q” (We must retreat). The setting and actions are within a survivalism context.","If the river rises, then we must retreat to higher ground. The river is rising. Therefore, we must retreat to higher ground.",1
modus ponens,Dueling,"Greetings! I am interested in natural language processing and I was wondering if you could help me generate an example of text that illustrates multiple skills in semantics or syntax. The example should be a minimal natural piece of text with up to a few lines in the context of Dueling that illustrates all of the following skills: modus ponens. Please keep the text as short as possible, and make sure the concepts can be found fully from the text. 

For reference, here are the definitions and examples for the concepts:
**modus ponens**: A syllogism that is of the form “If P then Q. P. Hence Q.” For example, ""If today is Tuesday, then John will go to work. Today is Tuesday. Therefore, John will go to work.""

Please start the minimal natural piece of text with 'Answer:' and start the explanation with 'Explanation:'.

Thanks very much!","Answer:
If a duel starts at dawn, then the first shot will decide the winner. The duel starts at dawn. Therefore, the first shot will decide the winner.

Explanation:
- Modus ponens: “If P then Q” (If a duel starts at dawn, then the first shot will decide the winner). “P” (The duel starts at dawn). Therefore, “Q” (The first shot will decide the winner).","If a duel starts at dawn, then the first shot will decide the winner. The duel starts at dawn. Therefore, the first shot will decide the winner.",1
modus ponens,Dueling,"Greetings! I am interested in natural language processing and I was wondering if you could help me generate an example of text that illustrates multiple skills in semantics or syntax. The example should be a minimal natural piece of text with up to a few lines in the context of Dueling that illustrates all of the following skills: modus ponens. Please keep the text as short as possible, and make sure the concepts can be found fully from the text. 

For reference, here are the definitions and examples for the concepts:
**modus ponens**: A syllogism that is of the form “If P then Q. P. Hence Q.” For example, ""If today is Tuesday, then John will go to work. Today is Tuesday. Therefore, John will go to work.""

Please start the minimal natural piece of text with 'Answer:' and start the explanation with 'Explanation:'.

Thanks very much!","Answer:
If a challenger issues a formal duel at dawn, then the captain must accept. A challenger issues a formal duel at dawn. Therefore, the captain must accept.

Explanation:
This illustrates modus ponens:
- If P then Q: If a challenger issues a formal duel at dawn, then the captain must accept.
- P: A challenger issues a formal duel at dawn.
- Therefore Q: The captain must accept.","If a challenger issues a formal duel at dawn, then the captain must accept. A challenger issues a formal duel at dawn. Therefore, the captain must accept.",1
modus ponens,The Ottoman Empire,"Greetings! I am interested in natural language processing and I was wondering if you could help me generate an example of text that illustrates multiple skills in semantics or syntax. The example should be a minimal natural piece of text with up to a few lines in the context of The Ottoman Empire that illustrates all of the following skills: modus ponens. Please keep the text as short as possible, and make sure the concepts can be found fully from the text. 

For reference, here are the definitions and examples for the concepts:
**modus ponens**: A syllogism that is of the form “If P then Q. P. Hence Q.” For example, ""If today is Tuesday, then John will go to work. Today is Tuesday. Therefore, John will go to work.""

Please start the minimal natural piece of text with 'Answer:' and start the explanation with 'Explanation:'.

Thanks very much!","Answer:
If the sultan decrees a campaign, then the janissaries will march. The sultan decreed a campaign. Therefore, the janissaries will march.

Explanation:
- Modus ponens: The text follows the structure “If P then Q. P. Therefore, Q,” where P = “the sultan decrees a campaign” and Q = “the janissaries will march,” set in the context of the Ottoman Empire.","If the sultan decrees a campaign, then the janissaries will march. The sultan decreed a campaign. Therefore, the janissaries will march.",1
modus ponens,Beekeeping,"Greetings! I am interested in natural language processing and I was wondering if you could help me generate an example of text that illustrates multiple skills in semantics or syntax. The example should be a minimal natural piece of text with up to a few lines in the context of Beekeeping that illustrates all of the following skills: modus ponens. Please keep the text as short as possible, and make sure the concepts can be found fully from the text. 

For reference, here are the definitions and examples for the concepts:
**modus ponens**: A syllogism that is of the form “If P then Q. P. Hence Q.” For example, ""If today is Tuesday, then John will go to work. Today is Tuesday. Therefore, John will go to work.""

Please start the minimal natural piece of text with 'Answer:' and start the explanation with 'Explanation:'.

Thanks very much!","Answer: If a hive is queenless, then the brood pattern will be irregular. This hive is queenless. Therefore, the brood pattern will be irregular.

Explanation: This text illustrates modus ponens by presenting an if-then premise (If P then Q), affirming the antecedent (P), and concluding the consequent (Therefore Q) within a beekeeping context.","If a hive is queenless, then the brood pattern will be irregular. This hive is queenless. Therefore, the brood pattern will be irregular.",1
modus ponens,Survivalism,"Greetings! I am interested in natural language processing and I was wondering if you could help me generate an example of text that illustrates multiple skills in semantics or syntax. The example should be a minimal natural piece of text with up to a few lines in the context of Survivalism that illustrates all of the following skills: modus ponens. Please keep the text as short as possible, and make sure the concepts can be found fully from the text. 

For reference, here are the definitions and examples for the concepts:
**modus ponens**: A syllogism that is of the form “If P then Q. P. Hence Q.” For example, ""If today is Tuesday, then John will go to work. Today is Tuesday. Therefore, John will go to work.""

Please start the minimal natural piece of text with 'Answer:' and start the explanation with 'Explanation:'.

Thanks very much!","Answer: If the storm hits tonight, then we must evacuate to the ridge. The storm hits tonight. Therefore, we must evacuate to the ridge.

Explanation: This uses modus ponens: “If P then Q. P. Therefore Q,” where P = “the storm hits tonight” and Q = “we must evacuate to the ridge.”","If the storm hits tonight, then we must evacuate to the ridge. The storm hits tonight. Therefore, we must evacuate to the ridge.",1
modus ponens,Beekeeping,"Greetings! I am interested in natural language processing and I was wondering if you could help me generate an example of text that illustrates multiple skills in semantics or syntax. The example should be a minimal natural piece of text with up to a few lines in the context of Beekeeping that illustrates all of the following skills: modus ponens. Please keep the text as short as possible, and make sure the concepts can be found fully from the text. 

For reference, here are the definitions and examples for the concepts:
**modus ponens**: A syllogism that is of the form “If P then Q. P. Hence Q.” For example, ""If today is Tuesday, then John will go to work. Today is Tuesday. Therefore, John will go to work.""

Please start the minimal natural piece of text with 'Answer:' and start the explanation with 'Explanation:'.

Thanks very much!","Answer:
If a hive is queenless, then the colony will start raising emergency queens. This hive is queenless. Therefore, the colony will start raising emergency queens.

Explanation:
This text uses modus ponens in a beekeeping context: it states a conditional (If P then Q), affirms P (the hive is queenless), and concludes Q (the colony will raise emergency queens).","If a hive is queenless, then the colony will start raising emergency queens. This hive is queenless. Therefore, the colony will start raising emergency queens.",1
modus ponens,Beekeeping,"Greetings! I am interested in natural language processing and I was wondering if you could help me generate an example of text that illustrates multiple skills in semantics or syntax. The example should be a minimal natural piece of text with up to a few lines in the context of Beekeeping that illustrates all of the following skills: modus ponens. Please keep the text as short as possible, and make sure the concepts can be found fully from the text. 

For reference, here are the definitions and examples for the concepts:
**modus ponens**: A syllogism that is of the form “If P then Q. P. Hence Q.” For example, ""If today is Tuesday, then John will go to work. Today is Tuesday. Therefore, John will go to work.""

Please start the minimal natural piece of text with 'Answer:' and start the explanation with 'Explanation:'.

Thanks very much!","Answer: If the queen is missing, then the hive will start making queen cells. The queen is missing. Therefore, the hive will start making queen cells.

Explanation: This illustrates modus ponens:
- If P then Q: If the queen is missing (P), then the hive will start making queen cells (Q).
- P: The queen is missing.
- Therefore Q: The hive will start making queen cells.","If the queen is missing, then the hive will start making queen cells. The queen is missing. Therefore, the hive will start making queen cells.",1
modus ponens,Beekeeping,"Greetings! I am interested in natural language processing and I was wondering if you could help me generate an example of text that illustrates multiple skills in semantics or syntax. The example should be a minimal natural piece of text with up to a few lines in the context of Beekeeping that illustrates all of the following skills: modus ponens. Please keep the text as short as possible, and make sure the concepts can be found fully from the text. 

For reference, here are the definitions and examples for the concepts:
**modus ponens**: A syllogism that is of the form “If P then Q. P. Hence Q.” For example, ""If today is Tuesday, then John will go to work. Today is Tuesday. Therefore, John will go to work.""

Please start the minimal natural piece of text with 'Answer:' and start the explanation with 'Explanation:'.

Thanks very much!","Answer:
If the smoker is lit, the bees will calm. The smoker is lit. Therefore, the bees will calm.

Explanation:
This illustrates modus ponens in a beekeeping context:
- If P then Q: If the smoker is lit, the bees will calm.
- P: The smoker is lit.
- Therefore Q: The bees will calm.","If the smoker is lit, the bees will calm. The smoker is lit. Therefore, the bees will calm.",1
modus ponens,Dueling,"Greetings! I am interested in natural language processing and I was wondering if you could help me generate an example of text that illustrates multiple skills in semantics or syntax. The example should be a minimal natural piece of text with up to a few lines in the context of Dueling that illustrates all of the following skills: modus ponens. Please keep the text as short as possible, and make sure the concepts can be found fully from the text. 

For reference, here are the definitions and examples for the concepts:
**modus ponens**: A syllogism that is of the form “If P then Q. P. Hence Q.” For example, ""If today is Tuesday, then John will go to work. Today is Tuesday. Therefore, John will go to work.""

Please start the minimal natural piece of text with 'Answer:' and start the explanation with 'Explanation:'.

Thanks very much!","Answer:
If a duelist accepts a formal challenge, then the duel will proceed at dawn. The duelist accepts the formal challenge. Therefore, the duel will proceed at dawn.

Explanation:
This text instantiates modus ponens:
- If P then Q: If a duelist accepts a formal challenge, then the duel will proceed at dawn.
- P: The duelist accepts the formal challenge.
- Therefore Q: Therefore, the duel will proceed at dawn.","If a duelist accepts a formal challenge, then the duel will proceed at dawn. The duelist accepts the formal challenge. Therefore, the duel will proceed at dawn.",1
modus ponens,Dueling,"Greetings! I am interested in natural language processing and I was wondering if you could help me generate an example of text that illustrates multiple skills in semantics or syntax. The example should be a minimal natural piece of text with up to a few lines in the context of Dueling that illustrates all of the following skills: modus ponens. Please keep the text as short as possible, and make sure the concepts can be found fully from the text. 

For reference, here are the definitions and examples for the concepts:
**modus ponens**: A syllogism that is of the form “If P then Q. P. Hence Q.” For example, ""If today is Tuesday, then John will go to work. Today is Tuesday. Therefore, John will go to work.""

Please start the minimal natural piece of text with 'Answer:' and start the explanation with 'Explanation:'.

Thanks very much!","Answer:
If the challenger raises a sword, then the duel begins. The challenger raises a sword. Therefore, the duel begins.

Explanation:
This illustrates modus ponens: “If P then Q” (If the challenger raises a sword, then the duel begins), “P” (The challenger raises a sword), therefore “Q” (The duel begins).","If the challenger raises a sword, then the duel begins. The challenger raises a sword. Therefore, the duel begins.",1
modus ponens,Beekeeping,"Greetings! I am interested in natural language processing and I was wondering if you could help me generate an example of text that illustrates multiple skills in semantics or syntax. The example should be a minimal natural piece of text with up to a few lines in the context of Beekeeping that illustrates all of the following skills: modus ponens. Please keep the text as short as possible, and make sure the concepts can be found fully from the text. 

For reference, here are the definitions and examples for the concepts:
**modus ponens**: A syllogism that is of the form “If P then Q. P. Hence Q.” For example, ""If today is Tuesday, then John will go to work. Today is Tuesday. Therefore, John will go to work.""

Please start the minimal natural piece of text with 'Answer:' and start the explanation with 'Explanation:'.

Thanks very much!","Answer:
If a hive is queenless, then the workers will raise a new queen. This hive is queenless. Therefore, the workers will raise a new queen.

Explanation:
This text demonstrates modus ponens in a beekeeping context: “If P then Q” (If a hive is queenless, then workers will raise a new queen), “P” (This hive is queenless), therefore “Q” (The workers will raise a new queen).","If a hive is queenless, then the workers will raise a new queen. This hive is queenless. Therefore, the workers will raise a new queen.",1
modus ponens,Beekeeping,"Greetings! I am interested in natural language processing and I was wondering if you could help me generate an example of text that illustrates multiple skills in semantics or syntax. The example should be a minimal natural piece of text with up to a few lines in the context of Beekeeping that illustrates all of the following skills: modus ponens. Please keep the text as short as possible, and make sure the concepts can be found fully from the text. 

For reference, here are the definitions and examples for the concepts:
**modus ponens**: A syllogism that is of the form “If P then Q. P. Hence Q.” For example, ""If today is Tuesday, then John will go to work. Today is Tuesday. Therefore, John will go to work.""

Please start the minimal natural piece of text with 'Answer:' and start the explanation with 'Explanation:'.

Thanks very much!","Answer: If a hive is queenless, then the workers will start laying eggs. This hive is queenless. Therefore, the workers will start laying eggs.

Explanation: This text uses modus ponens: If P then Q (If a hive is queenless, then the workers will start laying eggs). P (This hive is queenless). Therefore Q (the workers will start laying eggs).","If a hive is queenless, then the workers will start laying eggs. This hive is queenless. Therefore, the workers will start laying eggs.",1
modus ponens,The Ottoman Empire,"Greetings! I am interested in natural language processing and I was wondering if you could help me generate an example of text that illustrates multiple skills in semantics or syntax. The example should be a minimal natural piece of text with up to a few lines in the context of The Ottoman Empire that illustrates all of the following skills: modus ponens. Please keep the text as short as possible, and make sure the concepts can be found fully from the text. 

For reference, here are the definitions and examples for the concepts:
**modus ponens**: A syllogism that is of the form “If P then Q. P. Hence Q.” For example, ""If today is Tuesday, then John will go to work. Today is Tuesday. Therefore, John will go to work.""

Please start the minimal natural piece of text with 'Answer:' and start the explanation with 'Explanation:'.

Thanks very much!","Answer:
If the sultan abolishes the tax, the villages will rejoice. The sultan abolishes the tax. Therefore, the villages rejoice.

Explanation:
- Modus ponens structure:
  - If P then Q: If the sultan abolishes the tax, the villages will rejoice.
  - P: The sultan abolishes the tax.
  - Therefore Q: Therefore, the villages rejoice.","If the sultan abolishes the tax, the villages will rejoice. The sultan abolishes the tax. Therefore, the villages rejoice.",1
modus ponens,Sewing,"Greetings! I am interested in natural language processing and I was wondering if you could help me generate an example of text that illustrates multiple skills in semantics or syntax. The example should be a minimal natural piece of text with up to a few lines in the context of Sewing that illustrates all of the following skills: modus ponens. Please keep the text as short as possible, and make sure the concepts can be found fully from the text. 

For reference, here are the definitions and examples for the concepts:
**modus ponens**: A syllogism that is of the form “If P then Q. P. Hence Q.” For example, ""If today is Tuesday, then John will go to work. Today is Tuesday. Therefore, John will go to work.""

Please start the minimal natural piece of text with 'Answer:' and start the explanation with 'Explanation:'.

Thanks very much!","Answer:
If the seam allowance is 1 cm, then the skirt will fit. The seam allowance is 1 cm. Therefore, the skirt will fit.

Explanation:
This text uses modus ponens: “If P then Q” (If the seam allowance is 1 cm, then the skirt will fit), “P” (The seam allowance is 1 cm), therefore “Q” (The skirt will fit). The context is sewing (seam allowance, skirt).","If the seam allowance is 1 cm, then the skirt will fit. The seam allowance is 1 cm. Therefore, the skirt will fit.",1
modus ponens,Survivalism,"Greetings! I am interested in natural language processing and I was wondering if you could help me generate an example of text that illustrates multiple skills in semantics or syntax. The example should be a minimal natural piece of text with up to a few lines in the context of Survivalism that illustrates all of the following skills: modus ponens. Please keep the text as short as possible, and make sure the concepts can be found fully from the text. 

For reference, here are the definitions and examples for the concepts:
**modus ponens**: A syllogism that is of the form “If P then Q. P. Hence Q.” For example, ""If today is Tuesday, then John will go to work. Today is Tuesday. Therefore, John will go to work.""

Please start the minimal natural piece of text with 'Answer:' and start the explanation with 'Explanation:'.

Thanks very much!","Answer:
If the river floods, then we must move to higher ground. The river is flooding. Therefore, we must move to higher ground.

Explanation:
- Modus ponens: “If P then Q” = “If the river floods, then we must move to higher ground.” “P” = “The river is flooding.” Therefore “Q” = “We must move to higher ground.”","If the river floods, then we must move to higher ground. The river is flooding. Therefore, we must move to higher ground.",1
modus ponens,Dueling,"Greetings! I am interested in natural language processing and I was wondering if you could help me generate an example of text that illustrates multiple skills in semantics or syntax. The example should be a minimal natural piece of text with up to a few lines in the context of Dueling that illustrates all of the following skills: modus ponens. Please keep the text as short as possible, and make sure the concepts can be found fully from the text. 

For reference, here are the definitions and examples for the concepts:
**modus ponens**: A syllogism that is of the form “If P then Q. P. Hence Q.” For example, ""If today is Tuesday, then John will go to work. Today is Tuesday. Therefore, John will go to work.""

Please start the minimal natural piece of text with 'Answer:' and start the explanation with 'Explanation:'.

Thanks very much!","Answer:
If a challenger slaps the glove, then a duel will be fought at dawn. The challenger slaps the glove. Therefore, a duel will be fought at dawn.

Explanation:
This text instantiates modus ponens:
- If P then Q: If a challenger slaps the glove, then a duel will be fought at dawn.
- P: The challenger slaps the glove.
- Therefore Q: Therefore, a duel will be fought at dawn.","If a challenger slaps the glove, then a duel will be fought at dawn. The challenger slaps the glove. Therefore, a duel will be fought at dawn.",1
modus ponens,Beekeeping,"Greetings! I am interested in natural language processing and I was wondering if you could help me generate an example of text that illustrates multiple skills in semantics or syntax. The example should be a minimal natural piece of text with up to a few lines in the context of Beekeeping that illustrates all of the following skills: modus ponens. Please keep the text as short as possible, and make sure the concepts can be found fully from the text. 

For reference, here are the definitions and examples for the concepts:
**modus ponens**: A syllogism that is of the form “If P then Q. P. Hence Q.” For example, ""If today is Tuesday, then John will go to work. Today is Tuesday. Therefore, John will go to work.""

Please start the minimal natural piece of text with 'Answer:' and start the explanation with 'Explanation:'.

Thanks very much!","Answer:
If the hive has a laying queen, then brood will be present. The hive has a laying queen. Therefore, brood will be present.

Explanation:
This text uses modus ponens in a beekeeping context: “If P then Q” (If the hive has a laying queen, then brood will be present), “P” (The hive has a laying queen), therefore “Q” (Brood will be present).","If the hive has a laying queen, then brood will be present. The hive has a laying queen. Therefore, brood will be present.",1
modus ponens,Survivalism,"Greetings! I am interested in natural language processing and I was wondering if you could help me generate an example of text that illustrates multiple skills in semantics or syntax. The example should be a minimal natural piece of text with up to a few lines in the context of Survivalism that illustrates all of the following skills: modus ponens. Please keep the text as short as possible, and make sure the concepts can be found fully from the text. 

For reference, here are the definitions and examples for the concepts:
**modus ponens**: A syllogism that is of the form “If P then Q. P. Hence Q.” For example, ""If today is Tuesday, then John will go to work. Today is Tuesday. Therefore, John will go to work.""

Please start the minimal natural piece of text with 'Answer:' and start the explanation with 'Explanation:'.

Thanks very much!","Answer: If we pack a fire starter, then we can make fire in the rain. We did pack a fire starter. Therefore, we can make fire in the rain.

Explanation: This illustrates modus ponens: “If P then Q” (If we pack a fire starter, then we can make fire in the rain). “P” (We did pack a fire starter). Therefore, “Q” (We can make fire in the rain).","If we pack a fire starter, then we can make fire in the rain. We did pack a fire starter. Therefore, we can make fire in the rain.",1
modus ponens,Sewing,"Greetings! I am interested in natural language processing and I was wondering if you could help me generate an example of text that illustrates multiple skills in semantics or syntax. The example should be a minimal natural piece of text with up to a few lines in the context of Sewing that illustrates all of the following skills: modus ponens. Please keep the text as short as possible, and make sure the concepts can be found fully from the text. 

For reference, here are the definitions and examples for the concepts:
**modus ponens**: A syllogism that is of the form “If P then Q. P. Hence Q.” For example, ""If today is Tuesday, then John will go to work. Today is Tuesday. Therefore, John will go to work.""

Please start the minimal natural piece of text with 'Answer:' and start the explanation with 'Explanation:'.

Thanks very much!","Answer:
If the fabric is cut on the bias, then the seam will stretch. The fabric is cut on the bias. Therefore, the seam will stretch.

Explanation:
This text exemplifies modus ponens in a sewing context:
- Conditional: If P then Q = If the fabric is cut on the bias (P), then the seam will stretch (Q).
- Affirmation of antecedent: P = The fabric is cut on the bias.
- Conclusion: Therefore Q = The seam will stretch.","If the fabric is cut on the bias, then the seam will stretch. The fabric is cut on the bias. Therefore, the seam will stretch.",1
modus ponens,Survivalism,"Greetings! I am interested in natural language processing and I was wondering if you could help me generate an example of text that illustrates multiple skills in semantics or syntax. The example should be a minimal natural piece of text with up to a few lines in the context of Survivalism that illustrates all of the following skills: modus ponens. Please keep the text as short as possible, and make sure the concepts can be found fully from the text. 

For reference, here are the definitions and examples for the concepts:
**modus ponens**: A syllogism that is of the form “If P then Q. P. Hence Q.” For example, ""If today is Tuesday, then John will go to work. Today is Tuesday. Therefore, John will go to work.""

Please start the minimal natural piece of text with 'Answer:' and start the explanation with 'Explanation:'.

Thanks very much!","Answer:
If the river water is boiling, then it’s safe to drink. The river water is boiling. Therefore, it’s safe to drink.

Explanation:
- Modus ponens: The argument has the form “If P then Q. P. Therefore Q,” where P = “the river water is boiling” and Q = “it’s safe to drink.”","If the river water is boiling, then it’s safe to drink. The river water is boiling. Therefore, it’s safe to drink.",1
modus ponens,Urbanism,"Greetings! I am interested in natural language processing and I was wondering if you could help me generate an example of text that illustrates multiple skills in semantics or syntax. The example should be a minimal natural piece of text with up to a few lines in the context of Urbanism that illustrates all of the following skills: modus ponens. Please keep the text as short as possible, and make sure the concepts can be found fully from the text. 

For reference, here are the definitions and examples for the concepts:
**modus ponens**: A syllogism that is of the form “If P then Q. P. Hence Q.” For example, ""If today is Tuesday, then John will go to work. Today is Tuesday. Therefore, John will go to work.""

Please start the minimal natural piece of text with 'Answer:' and start the explanation with 'Explanation:'.

Thanks very much!","Answer:
If a street has protected bike lanes, then more residents commute by bicycle. This street has protected bike lanes. Therefore, more residents commute by bicycle.

Explanation:
- Modus ponens structure:
  - If P then Q: If a street has protected bike lanes (P), then more residents commute by bicycle (Q).
  - P: This street has protected bike lanes.
  - Therefore Q: Therefore, more residents commute by bicycle.
- Context: Urbanism (street design and commuting patterns).","If a street has protected bike lanes, then more residents commute by bicycle. This street has protected bike lanes. Therefore, more residents commute by bicycle.",1
modus ponens,Dueling,"Greetings! I am interested in natural language processing and I was wondering if you could help me generate an example of text that illustrates multiple skills in semantics or syntax. The example should be a minimal natural piece of text with up to a few lines in the context of Dueling that illustrates all of the following skills: modus ponens. Please keep the text as short as possible, and make sure the concepts can be found fully from the text. 

For reference, here are the definitions and examples for the concepts:
**modus ponens**: A syllogism that is of the form “If P then Q. P. Hence Q.” For example, ""If today is Tuesday, then John will go to work. Today is Tuesday. Therefore, John will go to work.""

Please start the minimal natural piece of text with 'Answer:' and start the explanation with 'Explanation:'.

Thanks very much!","Answer:
If a duel is declared at dawn, then the challenger must appear. A duel is declared at dawn. Therefore, the challenger must appear.

Explanation:
This text instantiates modus ponens: If P then Q (If a duel is declared at dawn, then the challenger must appear). P (A duel is declared at dawn). Therefore Q (The challenger must appear).","If a duel is declared at dawn, then the challenger must appear. A duel is declared at dawn. Therefore, the challenger must appear.",1
modus ponens,Sewing,"Greetings! I am interested in natural language processing and I was wondering if you could help me generate an example of text that illustrates multiple skills in semantics or syntax. The example should be a minimal natural piece of text with up to a few lines in the context of Sewing that illustrates all of the following skills: modus ponens. Please keep the text as short as possible, and make sure the concepts can be found fully from the text. 

For reference, here are the definitions and examples for the concepts:
**modus ponens**: A syllogism that is of the form “If P then Q. P. Hence Q.” For example, ""If today is Tuesday, then John will go to work. Today is Tuesday. Therefore, John will go to work.""

Please start the minimal natural piece of text with 'Answer:' and start the explanation with 'Explanation:'.

Thanks very much!","Answer:
If a seam is puckered, then the tension is too high. The seam is puckered. Therefore, the tension is too high.

Explanation:
This text demonstrates modus ponens in a sewing context:
- Premise 1 (If P then Q): If a seam is puckered (P), then the tension is too high (Q).
- Premise 2 (P): The seam is puckered.
- Conclusion (Therefore Q): Therefore, the tension is too high.","If a seam is puckered, then the tension is too high. The seam is puckered. Therefore, the tension is too high.",1
modus ponens,Beekeeping,"Greetings! I am interested in natural language processing and I was wondering if you could help me generate an example of text that illustrates multiple skills in semantics or syntax. The example should be a minimal natural piece of text with up to a few lines in the context of Beekeeping that illustrates all of the following skills: modus ponens. Please keep the text as short as possible, and make sure the concepts can be found fully from the text. 

For reference, here are the definitions and examples for the concepts:
**modus ponens**: A syllogism that is of the form “If P then Q. P. Hence Q.” For example, ""If today is Tuesday, then John will go to work. Today is Tuesday. Therefore, John will go to work.""

Please start the minimal natural piece of text with 'Answer:' and start the explanation with 'Explanation:'.

Thanks very much!","Answer:
If the hive is queenless, then the workers will start raising emergency queens. This hive is queenless. Therefore, the workers will start raising emergency queens.

Explanation:
- Modus ponens: The text states a conditional (If P then Q), affirms the antecedent (P), and concludes the consequent (Q). Here, P = “the hive is queenless” and Q = “the workers will start raising emergency queens.”","If the hive is queenless, then the workers will start raising emergency queens. This hive is queenless. Therefore, the workers will start raising emergency queens.",1
modus ponens,Survivalism,"Greetings! I am interested in natural language processing and I was wondering if you could help me generate an example of text that illustrates multiple skills in semantics or syntax. The example should be a minimal natural piece of text with up to a few lines in the context of Survivalism that illustrates all of the following skills: modus ponens. Please keep the text as short as possible, and make sure the concepts can be found fully from the text. 

For reference, here are the definitions and examples for the concepts:
**modus ponens**: A syllogism that is of the form “If P then Q. P. Hence Q.” For example, ""If today is Tuesday, then John will go to work. Today is Tuesday. Therefore, John will go to work.""

Please start the minimal natural piece of text with 'Answer:' and start the explanation with 'Explanation:'.

Thanks very much!","Answer:
If the storm knocks out power, then we must light the lanterns. The storm knocks out power. Therefore, we must light the lanterns.

Explanation:
- Modus ponens structure:
  - If P then Q: If the storm knocks out power, then we must light the lanterns.
  - P: The storm knocks out power.
  - Therefore Q: Therefore, we must light the lanterns.","If the storm knocks out power, then we must light the lanterns. The storm knocks out power. Therefore, we must light the lanterns.",1
modus ponens,The Ottoman Empire,"Greetings! I am interested in natural language processing and I was wondering if you could help me generate an example of text that illustrates multiple skills in semantics or syntax. The example should be a minimal natural piece of text with up to a few lines in the context of The Ottoman Empire that illustrates all of the following skills: modus ponens. Please keep the text as short as possible, and make sure the concepts can be found fully from the text. 

For reference, here are the definitions and examples for the concepts:
**modus ponens**: A syllogism that is of the form “If P then Q. P. Hence Q.” For example, ""If today is Tuesday, then John will go to work. Today is Tuesday. Therefore, John will go to work.""

Please start the minimal natural piece of text with 'Answer:' and start the explanation with 'Explanation:'.

Thanks very much!","Answer: If the Sultan orders a campaign, then the Janissaries march. The Sultan orders a campaign. Therefore, the Janissaries march.

Explanation: This illustrates modus ponens: If P then Q (If the Sultan orders a campaign, then the Janissaries march). P (The Sultan orders a campaign). Therefore Q (The Janissaries march).","If the Sultan orders a campaign, then the Janissaries march. The Sultan orders a campaign. Therefore, the Janissaries march.",1
modus ponens,Urbanism,"Greetings! I am interested in natural language processing and I was wondering if you could help me generate an example of text that illustrates multiple skills in semantics or syntax. The example should be a minimal natural piece of text with up to a few lines in the context of Urbanism that illustrates all of the following skills: modus ponens. Please keep the text as short as possible, and make sure the concepts can be found fully from the text. 

For reference, here are the definitions and examples for the concepts:
**modus ponens**: A syllogism that is of the form “If P then Q. P. Hence Q.” For example, ""If today is Tuesday, then John will go to work. Today is Tuesday. Therefore, John will go to work.""

Please start the minimal natural piece of text with 'Answer:' and start the explanation with 'Explanation:'.

Thanks very much!","Answer: If the city extends the bike-lane network, then commuter cycling will increase. The city extends the bike-lane network this year. Therefore, commuter cycling will increase.

Explanation: This text uses modus ponens: “If P then Q” (If the city extends the bike-lane network, then commuter cycling will increase), “P” (The city extends the bike-lane network this year), therefore “Q” (commuter cycling will increase). The content is set in the context of Urbanism.","If the city extends the bike-lane network, then commuter cycling will increase. The city extends the bike-lane network this year. Therefore, commuter cycling will increase.",1
modus ponens,Survivalism,"Greetings! I am interested in natural language processing and I was wondering if you could help me generate an example of text that illustrates multiple skills in semantics or syntax. The example should be a minimal natural piece of text with up to a few lines in the context of Survivalism that illustrates all of the following skills: modus ponens. Please keep the text as short as possible, and make sure the concepts can be found fully from the text. 

For reference, here are the definitions and examples for the concepts:
**modus ponens**: A syllogism that is of the form “If P then Q. P. Hence Q.” For example, ""If today is Tuesday, then John will go to work. Today is Tuesday. Therefore, John will go to work.""

Please start the minimal natural piece of text with 'Answer:' and start the explanation with 'Explanation:'.

Thanks very much!","Answer:
If a storm knocks out the grid, then we will use the wood stove. The storm knocks out the grid. Therefore, we will use the wood stove.

Explanation:
This text instantiates modus ponens:
- If P then Q: If a storm knocks out the grid (P), then we will use the wood stove (Q).
- P: The storm knocks out the grid.
- Therefore Q: We will use the wood stove.","If a storm knocks out the grid, then we will use the wood stove. The storm knocks out the grid. Therefore, we will use the wood stove.",1
modus ponens,Sewing,"Greetings! I am interested in natural language processing and I was wondering if you could help me generate an example of text that illustrates multiple skills in semantics or syntax. The example should be a minimal natural piece of text with up to a few lines in the context of Sewing that illustrates all of the following skills: modus ponens. Please keep the text as short as possible, and make sure the concepts can be found fully from the text. 

For reference, here are the definitions and examples for the concepts:
**modus ponens**: A syllogism that is of the form “If P then Q. P. Hence Q.” For example, ""If today is Tuesday, then John will go to work. Today is Tuesday. Therefore, John will go to work.""

Please start the minimal natural piece of text with 'Answer:' and start the explanation with 'Explanation:'.

Thanks very much!","Answer:
If the fabric is cut along the grain, then the seam will lie flat. The fabric is cut along the grain. Therefore, the seam will lie flat.

Explanation:
This demonstrates modus ponens: “If P then Q” (If the fabric is cut along the grain, then the seam will lie flat), “P” (The fabric is cut along the grain), therefore “Q” (The seam will lie flat).","If the fabric is cut along the grain, then the seam will lie flat. The fabric is cut along the grain. Therefore, the seam will lie flat.",1
modus ponens,Survivalism,"Greetings! I am interested in natural language processing and I was wondering if you could help me generate an example of text that illustrates multiple skills in semantics or syntax. The example should be a minimal natural piece of text with up to a few lines in the context of Survivalism that illustrates all of the following skills: modus ponens. Please keep the text as short as possible, and make sure the concepts can be found fully from the text. 

For reference, here are the definitions and examples for the concepts:
**modus ponens**: A syllogism that is of the form “If P then Q. P. Hence Q.” For example, ""If today is Tuesday, then John will go to work. Today is Tuesday. Therefore, John will go to work.""

Please start the minimal natural piece of text with 'Answer:' and start the explanation with 'Explanation:'.

Thanks very much!","Answer:
If the water purifier works, then we can safely drink from the stream. The water purifier works. Therefore, we can safely drink from the stream.

Explanation:
- Modus ponens: “If P then Q. P. Hence Q.” Here, P = “the water purifier works” and Q = “we can safely drink from the stream.”","If the water purifier works, then we can safely drink from the stream. The water purifier works. Therefore, we can safely drink from the stream.",1
modus ponens,Dueling,"Greetings! I am interested in natural language processing and I was wondering if you could help me generate an example of text that illustrates multiple skills in semantics or syntax. The example should be a minimal natural piece of text with up to a few lines in the context of Dueling that illustrates all of the following skills: modus ponens. Please keep the text as short as possible, and make sure the concepts can be found fully from the text. 

For reference, here are the definitions and examples for the concepts:
**modus ponens**: A syllogism that is of the form “If P then Q. P. Hence Q.” For example, ""If today is Tuesday, then John will go to work. Today is Tuesday. Therefore, John will go to work.""

Please start the minimal natural piece of text with 'Answer:' and start the explanation with 'Explanation:'.

Thanks very much!","Answer:
If a challenger slaps the glove, then a duel will be fought. The challenger slaps the glove. Therefore, a duel will be fought.

Explanation:
- Modus ponens: “If P then Q. P. Hence Q.” Here, P = “the challenger slaps the glove” and Q = “a duel will be fought.” The text presents the conditional, affirms P, and concludes Q.","If a challenger slaps the glove, then a duel will be fought. The challenger slaps the glove. Therefore, a duel will be fought.",1
modus ponens,Dueling,"Greetings! I am interested in natural language processing and I was wondering if you could help me generate an example of text that illustrates multiple skills in semantics or syntax. The example should be a minimal natural piece of text with up to a few lines in the context of Dueling that illustrates all of the following skills: modus ponens. Please keep the text as short as possible, and make sure the concepts can be found fully from the text. 

For reference, here are the definitions and examples for the concepts:
**modus ponens**: A syllogism that is of the form “If P then Q. P. Hence Q.” For example, ""If today is Tuesday, then John will go to work. Today is Tuesday. Therefore, John will go to work.""

Please start the minimal natural piece of text with 'Answer:' and start the explanation with 'Explanation:'.

Thanks very much!","Answer:
If a challenger slaps the glove, then a duel is declared. The challenger slaps the glove. Therefore, a duel is declared.

Explanation:
This text instantiates modus ponens: “If P then Q” (If a challenger slaps the glove, then a duel is declared), “P” (The challenger slaps the glove), so “Q” (Therefore, a duel is declared).","If a challenger slaps the glove, then a duel is declared. The challenger slaps the glove. Therefore, a duel is declared.",1
modus ponens,Dueling,"Greetings! I am interested in natural language processing and I was wondering if you could help me generate an example of text that illustrates multiple skills in semantics or syntax. The example should be a minimal natural piece of text with up to a few lines in the context of Dueling that illustrates all of the following skills: modus ponens. Please keep the text as short as possible, and make sure the concepts can be found fully from the text. 

For reference, here are the definitions and examples for the concepts:
**modus ponens**: A syllogism that is of the form “If P then Q. P. Hence Q.” For example, ""If today is Tuesday, then John will go to work. Today is Tuesday. Therefore, John will go to work.""

Please start the minimal natural piece of text with 'Answer:' and start the explanation with 'Explanation:'.

Thanks very much!","Answer:
If a challenger slaps the glove, then a duel begins. The challenger slaps the glove. Therefore, a duel begins.

Explanation:
- Modus ponens structure:
  - If P then Q: If a challenger slaps the glove, then a duel begins.
  - P: The challenger slaps the glove.
  - Therefore Q: Therefore, a duel begins.","If a challenger slaps the glove, then a duel begins. The challenger slaps the glove. Therefore, a duel begins.",1
modus ponens,Urbanism,"Greetings! I am interested in natural language processing and I was wondering if you could help me generate an example of text that illustrates multiple skills in semantics or syntax. The example should be a minimal natural piece of text with up to a few lines in the context of Urbanism that illustrates all of the following skills: modus ponens. Please keep the text as short as possible, and make sure the concepts can be found fully from the text. 

For reference, here are the definitions and examples for the concepts:
**modus ponens**: A syllogism that is of the form “If P then Q. P. Hence Q.” For example, ""If today is Tuesday, then John will go to work. Today is Tuesday. Therefore, John will go to work.""

Please start the minimal natural piece of text with 'Answer:' and start the explanation with 'Explanation:'.

Thanks very much!","Answer: If a neighborhood adds bus-only lanes, then traffic congestion will decrease. This neighborhood adds bus-only lanes. Therefore, traffic congestion will decrease.

Explanation:
- Modus ponens structure:
  - If P then Q: If a neighborhood adds bus-only lanes, then traffic congestion will decrease.
  - P: This neighborhood adds bus-only lanes.
  - Therefore Q: Therefore, traffic congestion will decrease.","If a neighborhood adds bus-only lanes, then traffic congestion will decrease. This neighborhood adds bus-only lanes. Therefore, traffic congestion will decrease.",1
modus ponens,Guerilla warfare,"Greetings! I am interested in natural language processing and I was wondering if you could help me generate an example of text that illustrates multiple skills in semantics or syntax. The example should be a minimal natural piece of text with up to a few lines in the context of Guerilla warfare that illustrates all of the following skills: modus ponens. Please keep the text as short as possible, and make sure the concepts can be found fully from the text. 

For reference, here are the definitions and examples for the concepts:
**modus ponens**: A syllogism that is of the form “If P then Q. P. Hence Q.” For example, ""If today is Tuesday, then John will go to work. Today is Tuesday. Therefore, John will go to work.""

Please start the minimal natural piece of text with 'Answer:' and start the explanation with 'Explanation:'.

Thanks very much!","Answer:
If a patrol enters the ravine, the ambush will spring. A patrol enters the ravine. Therefore, the ambush springs.

Explanation:
This text exemplifies modus ponens:
- If P then Q: If a patrol enters the ravine, the ambush will spring.
- P: A patrol enters the ravine.
- Therefore Q: Therefore, the ambush springs.","If a patrol enters the ravine, the ambush will spring. A patrol enters the ravine. Therefore, the ambush springs.",1
modus ponens,Urbanism,"Greetings! I am interested in natural language processing and I was wondering if you could help me generate an example of text that illustrates multiple skills in semantics or syntax. The example should be a minimal natural piece of text with up to a few lines in the context of Urbanism that illustrates all of the following skills: modus ponens. Please keep the text as short as possible, and make sure the concepts can be found fully from the text. 

For reference, here are the definitions and examples for the concepts:
**modus ponens**: A syllogism that is of the form “If P then Q. P. Hence Q.” For example, ""If today is Tuesday, then John will go to work. Today is Tuesday. Therefore, John will go to work.""

Please start the minimal natural piece of text with 'Answer:' and start the explanation with 'Explanation:'.

Thanks very much!","Answer: If a street has bike lanes, then commuting becomes safer. This street has bike lanes. Therefore, commuting here is safer.

Explanation: The text uses modus ponens. Premise 1: If P then Q (If a street has bike lanes, then commuting becomes safer). Premise 2: P (This street has bike lanes). Conclusion: Q (Therefore, commuting here is safer).","If a street has bike lanes, then commuting becomes safer. This street has bike lanes. Therefore, commuting here is safer.",1
modus ponens,Dueling,"Greetings! I am interested in natural language processing and I was wondering if you could help me generate an example of text that illustrates multiple skills in semantics or syntax. The example should be a minimal natural piece of text with up to a few lines in the context of Dueling that illustrates all of the following skills: modus ponens. Please keep the text as short as possible, and make sure the concepts can be found fully from the text. 

For reference, here are the definitions and examples for the concepts:
**modus ponens**: A syllogism that is of the form “If P then Q. P. Hence Q.” For example, ""If today is Tuesday, then John will go to work. Today is Tuesday. Therefore, John will go to work.""

Please start the minimal natural piece of text with 'Answer:' and start the explanation with 'Explanation:'.

Thanks very much!","Answer:
If a duelist draws his sword at dawn, then the duel begins. The duelist draws his sword at dawn. Therefore, the duel begins.

Explanation:
This text instantiates modus ponens:
- If P then Q: If a duelist draws his sword at dawn, then the duel begins.
- P: The duelist draws his sword at dawn.
- Therefore Q: Therefore, the duel begins.","If a duelist draws his sword at dawn, then the duel begins. The duelist draws his sword at dawn. Therefore, the duel begins.",1
modus ponens,The Ottoman Empire,"Greetings! I am interested in natural language processing and I was wondering if you could help me generate an example of text that illustrates multiple skills in semantics or syntax. The example should be a minimal natural piece of text with up to a few lines in the context of The Ottoman Empire that illustrates all of the following skills: modus ponens. Please keep the text as short as possible, and make sure the concepts can be found fully from the text. 

For reference, here are the definitions and examples for the concepts:
**modus ponens**: A syllogism that is of the form “If P then Q. P. Hence Q.” For example, ""If today is Tuesday, then John will go to work. Today is Tuesday. Therefore, John will go to work.""

Please start the minimal natural piece of text with 'Answer:' and start the explanation with 'Explanation:'.

Thanks very much!","Answer:
If the sultan orders a campaign, then the grand vizier mobilizes the janissaries. The sultan orders a campaign. Therefore, the grand vizier mobilizes the janissaries.

Explanation:
- Modus ponens is shown by the structure: “If P then Q. P. Therefore, Q,” where P = “the sultan orders a campaign” and Q = “the grand vizier mobilizes the janissaries.”","If the sultan orders a campaign, then the grand vizier mobilizes the janissaries. The sultan orders a campaign. Therefore, the grand vizier mobilizes the janissaries.",1
modus ponens,Sewing,"Greetings! I am interested in natural language processing and I was wondering if you could help me generate an example of text that illustrates multiple skills in semantics or syntax. The example should be a minimal natural piece of text with up to a few lines in the context of Sewing that illustrates all of the following skills: modus ponens. Please keep the text as short as possible, and make sure the concepts can be found fully from the text. 

For reference, here are the definitions and examples for the concepts:
**modus ponens**: A syllogism that is of the form “If P then Q. P. Hence Q.” For example, ""If today is Tuesday, then John will go to work. Today is Tuesday. Therefore, John will go to work.""

Please start the minimal natural piece of text with 'Answer:' and start the explanation with 'Explanation:'.

Thanks very much!","Answer:
If the fabric is aligned with the grain, then the seam will lie straight. The fabric is aligned with the grain. Therefore, the seam will lie straight.

Explanation:
This applies modus ponens: “If P then Q. P. Hence Q.” where P = “the fabric is aligned with the grain” and Q = “the seam will lie straight.”","If the fabric is aligned with the grain, then the seam will lie straight. The fabric is aligned with the grain. Therefore, the seam will lie straight.",1
modus ponens,Beekeeping,"Greetings! I am interested in natural language processing and I was wondering if you could help me generate an example of text that illustrates multiple skills in semantics or syntax. The example should be a minimal natural piece of text with up to a few lines in the context of Beekeeping that illustrates all of the following skills: modus ponens. Please keep the text as short as possible, and make sure the concepts can be found fully from the text. 

For reference, here are the definitions and examples for the concepts:
**modus ponens**: A syllogism that is of the form “If P then Q. P. Hence Q.” For example, ""If today is Tuesday, then John will go to work. Today is Tuesday. Therefore, John will go to work.""

Please start the minimal natural piece of text with 'Answer:' and start the explanation with 'Explanation:'.

Thanks very much!","Answer: If the queen is laying eggs, then the colony is thriving. The queen is laying eggs. Therefore, the colony is thriving.

Explanation: This uses modus ponens: “If P then Q” (if the queen is laying eggs, then the colony is thriving), “P” (the queen is laying eggs), therefore “Q” (the colony is thriving).","If the queen is laying eggs, then the colony is thriving. The queen is laying eggs. Therefore, the colony is thriving.",1
modus ponens,Dueling,"Greetings! I am interested in natural language processing and I was wondering if you could help me generate an example of text that illustrates multiple skills in semantics or syntax. The example should be a minimal natural piece of text with up to a few lines in the context of Dueling that illustrates all of the following skills: modus ponens. Please keep the text as short as possible, and make sure the concepts can be found fully from the text. 

For reference, here are the definitions and examples for the concepts:
**modus ponens**: A syllogism that is of the form “If P then Q. P. Hence Q.” For example, ""If today is Tuesday, then John will go to work. Today is Tuesday. Therefore, John will go to work.""

Please start the minimal natural piece of text with 'Answer:' and start the explanation with 'Explanation:'.

Thanks very much!","Answer:
If a duel is at dawn, then Elena will bring her second. The duel is at dawn. Therefore, Elena will bring her second.

Explanation:
- Modus ponens: “If P then Q. P. Therefore Q.” Here, P = “the duel is at dawn” and Q = “Elena will bring her second.”","If a duel is at dawn, then Elena will bring her second. The duel is at dawn. Therefore, Elena will bring her second.",1
modus ponens,Dueling,"Greetings! I am interested in natural language processing and I was wondering if you could help me generate an example of text that illustrates multiple skills in semantics or syntax. The example should be a minimal natural piece of text with up to a few lines in the context of Dueling that illustrates all of the following skills: modus ponens. Please keep the text as short as possible, and make sure the concepts can be found fully from the text. 

For reference, here are the definitions and examples for the concepts:
**modus ponens**: A syllogism that is of the form “If P then Q. P. Hence Q.” For example, ""If today is Tuesday, then John will go to work. Today is Tuesday. Therefore, John will go to work.""

Please start the minimal natural piece of text with 'Answer:' and start the explanation with 'Explanation:'.

Thanks very much!","Answer:
If a challenger steps onto the dueling circle, then the master must accept. A challenger steps onto the dueling circle. Therefore, the master must accept.

Explanation:
This text instantiates modus ponens:
- If P then Q: If a challenger steps onto the dueling circle (P), then the master must accept (Q).
- P: A challenger steps onto the dueling circle.
- Therefore Q: Therefore, the master must accept.","If a challenger steps onto the dueling circle, then the master must accept. A challenger steps onto the dueling circle. Therefore, the master must accept.",1
modus ponens,Guerilla warfare,"Greetings! I am interested in natural language processing and I was wondering if you could help me generate an example of text that illustrates multiple skills in semantics or syntax. The example should be a minimal natural piece of text with up to a few lines in the context of Guerilla warfare that illustrates all of the following skills: modus ponens. Please keep the text as short as possible, and make sure the concepts can be found fully from the text. 

For reference, here are the definitions and examples for the concepts:
**modus ponens**: A syllogism that is of the form “If P then Q. P. Hence Q.” For example, ""If today is Tuesday, then John will go to work. Today is Tuesday. Therefore, John will go to work.""

Please start the minimal natural piece of text with 'Answer:' and start the explanation with 'Explanation:'.

Thanks very much!","Answer:
If the signal fire is lit, then the guerrillas launch the ambush. The signal fire is lit. Therefore, the guerrillas launch the ambush.

Explanation:
This text exemplifies modus ponens: it states a conditional (If P then Q), affirms the antecedent (P), and concludes the consequent (Q) within a guerrilla warfare context.","If the signal fire is lit, then the guerrillas launch the ambush. The signal fire is lit. Therefore, the guerrillas launch the ambush.",1
modus ponens,Urbanism,"Greetings! I am interested in natural language processing and I was wondering if you could help me generate an example of text that illustrates multiple skills in semantics or syntax. The example should be a minimal natural piece of text with up to a few lines in the context of Urbanism that illustrates all of the following skills: modus ponens. Please keep the text as short as possible, and make sure the concepts can be found fully from the text. 

For reference, here are the definitions and examples for the concepts:
**modus ponens**: A syllogism that is of the form “If P then Q. P. Hence Q.” For example, ""If today is Tuesday, then John will go to work. Today is Tuesday. Therefore, John will go to work.""

Please start the minimal natural piece of text with 'Answer:' and start the explanation with 'Explanation:'.

Thanks very much!","Answer: If a street has a protected bike lane, then commuters will cycle more. The city added a protected bike lane on Maple Avenue. Therefore, commuters will cycle more on Maple Avenue.

Explanation: This applies modus ponens:
- If P then Q: If a street has a protected bike lane (P), then commuters will cycle more (Q).
- P: Maple Avenue has a protected bike lane.
- Therefore Q: Commuters will cycle more on Maple Avenue.","If a street has a protected bike lane, then commuters will cycle more. The city added a protected bike lane on Maple Avenue. Therefore, commuters will cycle more on Maple Avenue.",1
modus ponens,The Ottoman Empire,"Greetings! I am interested in natural language processing and I was wondering if you could help me generate an example of text that illustrates multiple skills in semantics or syntax. The example should be a minimal natural piece of text with up to a few lines in the context of The Ottoman Empire that illustrates all of the following skills: modus ponens. Please keep the text as short as possible, and make sure the concepts can be found fully from the text. 

For reference, here are the definitions and examples for the concepts:
**modus ponens**: A syllogism that is of the form “If P then Q. P. Hence Q.” For example, ""If today is Tuesday, then John will go to work. Today is Tuesday. Therefore, John will go to work.""

Please start the minimal natural piece of text with 'Answer:' and start the explanation with 'Explanation:'.

Thanks very much!","Answer:
If the sultan issues a firman, then the tax will be collected. The sultan issues a firman. Therefore, the tax will be collected.

Explanation:
This text uses modus ponens in an Ottoman Empire context: “If P then Q” (If the sultan issues a firman, then the tax will be collected), “P” (The sultan issues a firman), therefore “Q” (the tax will be collected).","If the sultan issues a firman, then the tax will be collected. The sultan issues a firman. Therefore, the tax will be collected.",1
modus ponens,Dueling,"Greetings! I am interested in natural language processing and I was wondering if you could help me generate an example of text that illustrates multiple skills in semantics or syntax. The example should be a minimal natural piece of text with up to a few lines in the context of Dueling that illustrates all of the following skills: modus ponens. Please keep the text as short as possible, and make sure the concepts can be found fully from the text. 

For reference, here are the definitions and examples for the concepts:
**modus ponens**: A syllogism that is of the form “If P then Q. P. Hence Q.” For example, ""If today is Tuesday, then John will go to work. Today is Tuesday. Therefore, John will go to work.""

Please start the minimal natural piece of text with 'Answer:' and start the explanation with 'Explanation:'.

Thanks very much!","Answer:
If a challenger draws steel at dawn, then a duel must proceed. The challenger draws steel at dawn. Therefore, the duel must proceed.

Explanation:
- Modus ponens: The text has the structure “If P then Q. P. Therefore Q,” where P = “a challenger draws steel at dawn” and Q = “a duel must proceed.”","If a challenger draws steel at dawn, then a duel must proceed. The challenger draws steel at dawn. Therefore, the duel must proceed.",1
modus ponens,Beekeeping,"Greetings! I am interested in natural language processing and I was wondering if you could help me generate an example of text that illustrates multiple skills in semantics or syntax. The example should be a minimal natural piece of text with up to a few lines in the context of Beekeeping that illustrates all of the following skills: modus ponens. Please keep the text as short as possible, and make sure the concepts can be found fully from the text. 

For reference, here are the definitions and examples for the concepts:
**modus ponens**: A syllogism that is of the form “If P then Q. P. Hence Q.” For example, ""If today is Tuesday, then John will go to work. Today is Tuesday. Therefore, John will go to work.""

Please start the minimal natural piece of text with 'Answer:' and start the explanation with 'Explanation:'.

Thanks very much!","Answer:
If the queen is laying, then the colony will expand. The queen is laying. Therefore, the colony will expand.

Explanation:
This illustrates modus ponens in a beekeeping context: “If P then Q” (If the queen is laying, then the colony will expand). “P” (The queen is laying). “Therefore, Q” (The colony will expand).","If the queen is laying, then the colony will expand. The queen is laying. Therefore, the colony will expand.",1
modus ponens,Urbanism,"Greetings! I am interested in natural language processing and I was wondering if you could help me generate an example of text that illustrates multiple skills in semantics or syntax. The example should be a minimal natural piece of text with up to a few lines in the context of Urbanism that illustrates all of the following skills: modus ponens. Please keep the text as short as possible, and make sure the concepts can be found fully from the text. 

For reference, here are the definitions and examples for the concepts:
**modus ponens**: A syllogism that is of the form “If P then Q. P. Hence Q.” For example, ""If today is Tuesday, then John will go to work. Today is Tuesday. Therefore, John will go to work.""

Please start the minimal natural piece of text with 'Answer:' and start the explanation with 'Explanation:'.

Thanks very much!","Answer: If a street has wide sidewalks, then more residents will walk. Oak Avenue has wide sidewalks. Therefore, more residents will walk on Oak Avenue.

Explanation: This text uses modus ponens: “If P then Q” (If a street has wide sidewalks, then more residents will walk). “P” (Oak Avenue has wide sidewalks). Therefore, “Q” (more residents will walk on Oak Avenue).","If a street has wide sidewalks, then more residents will walk. Oak Avenue has wide sidewalks. Therefore, more residents will walk on Oak Avenue.",1
modus ponens,Guerilla warfare,"Greetings! I am interested in natural language processing and I was wondering if you could help me generate an example of text that illustrates multiple skills in semantics or syntax. The example should be a minimal natural piece of text with up to a few lines in the context of Guerilla warfare that illustrates all of the following skills: modus ponens. Please keep the text as short as possible, and make sure the concepts can be found fully from the text. 

For reference, here are the definitions and examples for the concepts:
**modus ponens**: A syllogism that is of the form “If P then Q. P. Hence Q.” For example, ""If today is Tuesday, then John will go to work. Today is Tuesday. Therefore, John will go to work.""

Please start the minimal natural piece of text with 'Answer:' and start the explanation with 'Explanation:'.

Thanks very much!","Answer:
If the scouts spot a patrol, the ambush is sprung. The scouts spot a patrol. Therefore, the ambush is sprung.

Explanation:
- Modus ponens: The text has the structure “If P then Q. P. Therefore Q,” where P = “the scouts spot a patrol” and Q = “the ambush is sprung.”","If the scouts spot a patrol, the ambush is sprung. The scouts spot a patrol. Therefore, the ambush is sprung.",1
modus ponens,Guerilla warfare,"Greetings! I am interested in natural language processing and I was wondering if you could help me generate an example of text that illustrates multiple skills in semantics or syntax. The example should be a minimal natural piece of text with up to a few lines in the context of Guerilla warfare that illustrates all of the following skills: modus ponens. Please keep the text as short as possible, and make sure the concepts can be found fully from the text. 

For reference, here are the definitions and examples for the concepts:
**modus ponens**: A syllogism that is of the form “If P then Q. P. Hence Q.” For example, ""If today is Tuesday, then John will go to work. Today is Tuesday. Therefore, John will go to work.""

Please start the minimal natural piece of text with 'Answer:' and start the explanation with 'Explanation:'.

Thanks very much!","Answer:
If the patrol crosses the bridge, the ambush will spring. The patrol crosses the bridge. Therefore, the ambush springs.

Explanation:
- Modus ponens: The text states “If P then Q” (If the patrol crosses the bridge, the ambush will spring), then affirms P (The patrol crosses the bridge), and concludes Q (Therefore, the ambush springs).","If the patrol crosses the bridge, the ambush will spring. The patrol crosses the bridge. Therefore, the ambush springs.",1
modus ponens,The Ottoman Empire,"Greetings! I am interested in natural language processing and I was wondering if you could help me generate an example of text that illustrates multiple skills in semantics or syntax. The example should be a minimal natural piece of text with up to a few lines in the context of The Ottoman Empire that illustrates all of the following skills: modus ponens. Please keep the text as short as possible, and make sure the concepts can be found fully from the text. 

For reference, here are the definitions and examples for the concepts:
**modus ponens**: A syllogism that is of the form “If P then Q. P. Hence Q.” For example, ""If today is Tuesday, then John will go to work. Today is Tuesday. Therefore, John will go to work.""

Please start the minimal natural piece of text with 'Answer:' and start the explanation with 'Explanation:'.

Thanks very much!","Answer:
If the Sultan signs the decree, then the new tax will be collected across the vilayets. The Sultan signs the decree. Therefore, the new tax will be collected across the vilayets.

Explanation:
This text instantiates modus ponens: P = “The Sultan signs the decree,” Q = “The new tax will be collected across the vilayets.” The form is “If P then Q. P. Therefore, Q,” and all needed information is contained within the text and set in an Ottoman Empire context (Sultan, decrees, vilayets).","If the Sultan signs the decree, then the new tax will be collected across the vilayets. The Sultan signs the decree. Therefore, the new tax will be collected across the vilayets.",1
modus ponens,The Ottoman Empire,"Greetings! I am interested in natural language processing and I was wondering if you could help me generate an example of text that illustrates multiple skills in semantics or syntax. The example should be a minimal natural piece of text with up to a few lines in the context of The Ottoman Empire that illustrates all of the following skills: modus ponens. Please keep the text as short as possible, and make sure the concepts can be found fully from the text. 

For reference, here are the definitions and examples for the concepts:
**modus ponens**: A syllogism that is of the form “If P then Q. P. Hence Q.” For example, ""If today is Tuesday, then John will go to work. Today is Tuesday. Therefore, John will go to work.""

Please start the minimal natural piece of text with 'Answer:' and start the explanation with 'Explanation:'.

Thanks very much!","Answer:
If the sultan issues a firman, then the viziers must obey. The sultan issues a firman about new taxes in Rumelia. Therefore, the viziers must obey.

Explanation:
This text illustrates modus ponens:
- If P then Q: If the sultan issues a firman, then the viziers must obey.
- P: The sultan issues a firman about new taxes in Rumelia.
- Therefore Q: Therefore, the viziers must obey.","If the sultan issues a firman, then the viziers must obey. The sultan issues a firman about new taxes in Rumelia. Therefore, the viziers must obey.",1
modus ponens,Urbanism,"Greetings! I am interested in natural language processing and I was wondering if you could help me generate an example of text that illustrates multiple skills in semantics or syntax. The example should be a minimal natural piece of text with up to a few lines in the context of Urbanism that illustrates all of the following skills: modus ponens. Please keep the text as short as possible, and make sure the concepts can be found fully from the text. 

For reference, here are the definitions and examples for the concepts:
**modus ponens**: A syllogism that is of the form “If P then Q. P. Hence Q.” For example, ""If today is Tuesday, then John will go to work. Today is Tuesday. Therefore, John will go to work.""

Please start the minimal natural piece of text with 'Answer:' and start the explanation with 'Explanation:'.

Thanks very much!","Answer:
If a street has protected bike lanes, then more residents will cycle to work. The new boulevard has protected bike lanes. Therefore, more residents will cycle to work.

Explanation:
This text uses modus ponens:
- If P then Q: If a street has protected bike lanes (P), then more residents will cycle to work (Q).
- P: The new boulevard has protected bike lanes.
- Therefore Q: More residents will cycle to work.","If a street has protected bike lanes, then more residents will cycle to work. The new boulevard has protected bike lanes. Therefore, more residents will cycle to work.",1
modus ponens,Beekeeping,"Greetings! I am interested in natural language processing and I was wondering if you could help me generate an example of text that illustrates multiple skills in semantics or syntax. The example should be a minimal natural piece of text with up to a few lines in the context of Beekeeping that illustrates all of the following skills: modus ponens. Please keep the text as short as possible, and make sure the concepts can be found fully from the text. 

For reference, here are the definitions and examples for the concepts:
**modus ponens**: A syllogism that is of the form “If P then Q. P. Hence Q.” For example, ""If today is Tuesday, then John will go to work. Today is Tuesday. Therefore, John will go to work.""

Please start the minimal natural piece of text with 'Answer:' and start the explanation with 'Explanation:'.

Thanks very much!","Answer:
If the hive is queenless, then the workers will start raising emergency queens. The hive is queenless. Therefore, the workers will start raising emergency queens.

Explanation:
- Modus ponens: The text has the structure “If P then Q. P. Therefore, Q,” where P = “the hive is queenless” and Q = “the workers will start raising emergency queens.”","If the hive is queenless, then the workers will start raising emergency queens. The hive is queenless. Therefore, the workers will start raising emergency queens.",1
modus ponens,Dueling,"Greetings! I am interested in natural language processing and I was wondering if you could help me generate an example of text that illustrates multiple skills in semantics or syntax. The example should be a minimal natural piece of text with up to a few lines in the context of Dueling that illustrates all of the following skills: modus ponens. Please keep the text as short as possible, and make sure the concepts can be found fully from the text. 

For reference, here are the definitions and examples for the concepts:
**modus ponens**: A syllogism that is of the form “If P then Q. P. Hence Q.” For example, ""If today is Tuesday, then John will go to work. Today is Tuesday. Therefore, John will go to work.""

Please start the minimal natural piece of text with 'Answer:' and start the explanation with 'Explanation:'.

Thanks very much!","Answer:
If a challenger draws a blade at dawn, then the duel begins. The challenger draws a blade at dawn. Therefore, the duel begins.

Explanation:
- Modus ponens is shown:
  - If P then Q: If a challenger draws a blade at dawn, then the duel begins.
  - P: The challenger draws a blade at dawn.
  - Therefore Q: Therefore, the duel begins.","If a challenger draws a blade at dawn, then the duel begins. The challenger draws a blade at dawn. Therefore, the duel begins.",1
modus ponens,The Ottoman Empire,"Greetings! I am interested in natural language processing and I was wondering if you could help me generate an example of text that illustrates multiple skills in semantics or syntax. The example should be a minimal natural piece of text with up to a few lines in the context of The Ottoman Empire that illustrates all of the following skills: modus ponens. Please keep the text as short as possible, and make sure the concepts can be found fully from the text. 

For reference, here are the definitions and examples for the concepts:
**modus ponens**: A syllogism that is of the form “If P then Q. P. Hence Q.” For example, ""If today is Tuesday, then John will go to work. Today is Tuesday. Therefore, John will go to work.""

Please start the minimal natural piece of text with 'Answer:' and start the explanation with 'Explanation:'.

Thanks very much!","Answer: If the Sultan decrees a campaign, then the Janissaries will march. The Sultan decrees a campaign. Therefore, the Janissaries will march.

Explanation: This text illustrates modus ponens by stating a conditional about an Ottoman context (if the Sultan decrees a campaign, then the Janissaries march), affirming its antecedent (the Sultan decrees a campaign), and concluding the consequent (the Janissaries will march).","If the Sultan decrees a campaign, then the Janissaries will march. The Sultan decrees a campaign. Therefore, the Janissaries will march.",1
modus ponens,Beekeeping,"Greetings! I am interested in natural language processing and I was wondering if you could help me generate an example of text that illustrates multiple skills in semantics or syntax. The example should be a minimal natural piece of text with up to a few lines in the context of Beekeeping that illustrates all of the following skills: modus ponens. Please keep the text as short as possible, and make sure the concepts can be found fully from the text. 

For reference, here are the definitions and examples for the concepts:
**modus ponens**: A syllogism that is of the form “If P then Q. P. Hence Q.” For example, ""If today is Tuesday, then John will go to work. Today is Tuesday. Therefore, John will go to work.""

Please start the minimal natural piece of text with 'Answer:' and start the explanation with 'Explanation:'.

Thanks very much!","Answer:
If the queen is laying eggs, then the hive is active. The queen is laying eggs. Therefore, the hive is active.

Explanation:
This illustrates modus ponens: “If P then Q” (If the queen is laying eggs, then the hive is active), “P” (The queen is laying eggs), therefore “Q” (the hive is active).","If the queen is laying eggs, then the hive is active. The queen is laying eggs. Therefore, the hive is active.",1
modus ponens,Guerilla warfare,"Greetings! I am interested in natural language processing and I was wondering if you could help me generate an example of text that illustrates multiple skills in semantics or syntax. The example should be a minimal natural piece of text with up to a few lines in the context of Guerilla warfare that illustrates all of the following skills: modus ponens. Please keep the text as short as possible, and make sure the concepts can be found fully from the text. 

For reference, here are the definitions and examples for the concepts:
**modus ponens**: A syllogism that is of the form “If P then Q. P. Hence Q.” For example, ""If today is Tuesday, then John will go to work. Today is Tuesday. Therefore, John will go to work.""

Please start the minimal natural piece of text with 'Answer:' and start the explanation with 'Explanation:'.

Thanks very much!","Answer:
If the scout signals at dawn, then the ambush begins. The scout signals at dawn. Therefore, the ambush begins.

Explanation:
- Modus ponens: The text has the form “If P then Q. P. Therefore Q,” where P = “the scout signals at dawn” and Q = “the ambush begins.”","If the scout signals at dawn, then the ambush begins. The scout signals at dawn. Therefore, the ambush begins.",1
modus ponens,Survivalism,"Greetings! I am interested in natural language processing and I was wondering if you could help me generate an example of text that illustrates multiple skills in semantics or syntax. The example should be a minimal natural piece of text with up to a few lines in the context of Survivalism that illustrates all of the following skills: modus ponens. Please keep the text as short as possible, and make sure the concepts can be found fully from the text. 

For reference, here are the definitions and examples for the concepts:
**modus ponens**: A syllogism that is of the form “If P then Q. P. Hence Q.” For example, ""If today is Tuesday, then John will go to work. Today is Tuesday. Therefore, John will go to work.""

Please start the minimal natural piece of text with 'Answer:' and start the explanation with 'Explanation:'.

Thanks very much!","Answer:
If the river floods, we must evacuate. The river floods. Therefore, we must evacuate.

Explanation:
- Modus ponens: The text follows the form “If P then Q. P. Therefore, Q,” where P = “the river floods” and Q = “we must evacuate,” set in a survivalism context.","If the river floods, we must evacuate. The river floods. Therefore, we must evacuate.",1
modus ponens,Survivalism,"Greetings! I am interested in natural language processing and I was wondering if you could help me generate an example of text that illustrates multiple skills in semantics or syntax. The example should be a minimal natural piece of text with up to a few lines in the context of Survivalism that illustrates all of the following skills: modus ponens. Please keep the text as short as possible, and make sure the concepts can be found fully from the text. 

For reference, here are the definitions and examples for the concepts:
**modus ponens**: A syllogism that is of the form “If P then Q. P. Hence Q.” For example, ""If today is Tuesday, then John will go to work. Today is Tuesday. Therefore, John will go to work.""

Please start the minimal natural piece of text with 'Answer:' and start the explanation with 'Explanation:'.

Thanks very much!","Answer:
If the water is unsafe, then I will boil it. The water is unsafe. Therefore, I will boil it.

Explanation:
- Modus ponens: The text states “If P then Q” (If the water is unsafe, then I will boil it), affirms P (The water is unsafe), and concludes Q (Therefore, I will boil it).","If the water is unsafe, then I will boil it. The water is unsafe. Therefore, I will boil it.",1
modus ponens,Guerilla warfare,"Greetings! I am interested in natural language processing and I was wondering if you could help me generate an example of text that illustrates multiple skills in semantics or syntax. The example should be a minimal natural piece of text with up to a few lines in the context of Guerilla warfare that illustrates all of the following skills: modus ponens. Please keep the text as short as possible, and make sure the concepts can be found fully from the text. 

For reference, here are the definitions and examples for the concepts:
**modus ponens**: A syllogism that is of the form “If P then Q. P. Hence Q.” For example, ""If today is Tuesday, then John will go to work. Today is Tuesday. Therefore, John will go to work.""

Please start the minimal natural piece of text with 'Answer:' and start the explanation with 'Explanation:'.

Thanks very much!","Answer:
If the patrol crosses the ridge, then we ambush. The patrol crosses the ridge. Therefore, we ambush.

Explanation:
This text demonstrates modus ponens: it states a conditional (“If P then Q”), affirms the antecedent (“P”), and concludes the consequent (“Therefore Q”). Specifically, P = “the patrol crosses the ridge” and Q = “we ambush.”","If the patrol crosses the ridge, then we ambush. The patrol crosses the ridge. Therefore, we ambush.",1
modus ponens,Beekeeping,"Greetings! I am interested in natural language processing and I was wondering if you could help me generate an example of text that illustrates multiple skills in semantics or syntax. The example should be a minimal natural piece of text with up to a few lines in the context of Beekeeping that illustrates all of the following skills: modus ponens. Please keep the text as short as possible, and make sure the concepts can be found fully from the text. 

For reference, here are the definitions and examples for the concepts:
**modus ponens**: A syllogism that is of the form “If P then Q. P. Hence Q.” For example, ""If today is Tuesday, then John will go to work. Today is Tuesday. Therefore, John will go to work.""

Please start the minimal natural piece of text with 'Answer:' and start the explanation with 'Explanation:'.

Thanks very much!","Answer:
If the queen is healthy, then the hive will thrive. The queen is healthy. Therefore, the hive will thrive.

Explanation:
This text demonstrates modus ponens: “If P then Q. P. Hence Q.” where P = “the queen is healthy” and Q = “the hive will thrive.”","If the queen is healthy, then the hive will thrive. The queen is healthy. Therefore, the hive will thrive.",1
modus ponens,Dueling,"Greetings! I am interested in natural language processing and I was wondering if you could help me generate an example of text that illustrates multiple skills in semantics or syntax. The example should be a minimal natural piece of text with up to a few lines in the context of Dueling that illustrates all of the following skills: modus ponens. Please keep the text as short as possible, and make sure the concepts can be found fully from the text. 

For reference, here are the definitions and examples for the concepts:
**modus ponens**: A syllogism that is of the form “If P then Q. P. Hence Q.” For example, ""If today is Tuesday, then John will go to work. Today is Tuesday. Therefore, John will go to work.""

Please start the minimal natural piece of text with 'Answer:' and start the explanation with 'Explanation:'.

Thanks very much!","Answer:
If a duel is declared at dawn, then the champions must meet at the bridge. A duel is declared at dawn. Therefore, the champions must meet at the bridge.

Explanation:
This text instantiates modus ponens with:
- If P then Q: If a duel is declared at dawn (P), then the champions must meet at the bridge (Q).
- P: A duel is declared at dawn.
- Therefore Q: Therefore, the champions must meet at the bridge.","If a duel is declared at dawn, then the champions must meet at the bridge. A duel is declared at dawn. Therefore, the champions must meet at the bridge.",1
modus ponens,The Ottoman Empire,"Greetings! I am interested in natural language processing and I was wondering if you could help me generate an example of text that illustrates multiple skills in semantics or syntax. The example should be a minimal natural piece of text with up to a few lines in the context of The Ottoman Empire that illustrates all of the following skills: modus ponens. Please keep the text as short as possible, and make sure the concepts can be found fully from the text. 

For reference, here are the definitions and examples for the concepts:
**modus ponens**: A syllogism that is of the form “If P then Q. P. Hence Q.” For example, ""If today is Tuesday, then John will go to work. Today is Tuesday. Therefore, John will go to work.""

Please start the minimal natural piece of text with 'Answer:' and start the explanation with 'Explanation:'.

Thanks very much!","Answer:
If a sultan issues a firman, then the decree becomes law in the Ottoman Empire. Sultan Suleiman issued a firman. Therefore, the decree became law.

Explanation:
- Modus ponens: The text follows the structure “If P then Q. P. Therefore Q.” Here, P = “a sultan issues a firman,” and Q = “the decree becomes law in the Ottoman Empire.”","If a sultan issues a firman, then the decree becomes law in the Ottoman Empire. Sultan Suleiman issued a firman. Therefore, the decree became law.",1
modus ponens,Urbanism,"Greetings! I am interested in natural language processing and I was wondering if you could help me generate an example of text that illustrates multiple skills in semantics or syntax. The example should be a minimal natural piece of text with up to a few lines in the context of Urbanism that illustrates all of the following skills: modus ponens. Please keep the text as short as possible, and make sure the concepts can be found fully from the text. 

For reference, here are the definitions and examples for the concepts:
**modus ponens**: A syllogism that is of the form “If P then Q. P. Hence Q.” For example, ""If today is Tuesday, then John will go to work. Today is Tuesday. Therefore, John will go to work.""

Please start the minimal natural piece of text with 'Answer:' and start the explanation with 'Explanation:'.

Thanks very much!","Answer:
If a street has wide sidewalks, then more people will walk there. Main Street has wide sidewalks. Therefore, more people will walk on Main Street.

Explanation:
- Modus ponens structure:
  - If P then Q: If a street has wide sidewalks, then more people will walk there.
  - P: Main Street has wide sidewalks.
  - Therefore Q: More people will walk on Main Street.","If a street has wide sidewalks, then more people will walk there. Main Street has wide sidewalks. Therefore, more people will walk on Main Street.",1
modus ponens,Dueling,"Greetings! I am interested in natural language processing and I was wondering if you could help me generate an example of text that illustrates multiple skills in semantics or syntax. The example should be a minimal natural piece of text with up to a few lines in the context of Dueling that illustrates all of the following skills: modus ponens. Please keep the text as short as possible, and make sure the concepts can be found fully from the text. 

For reference, here are the definitions and examples for the concepts:
**modus ponens**: A syllogism that is of the form “If P then Q. P. Hence Q.” For example, ""If today is Tuesday, then John will go to work. Today is Tuesday. Therefore, John will go to work.""

Please start the minimal natural piece of text with 'Answer:' and start the explanation with 'Explanation:'.

Thanks very much!","Answer:
""If a duel is at sunrise, then the seconds must bring pistols. The duel is at sunrise. Therefore, the seconds must bring pistols.""

Explanation:
- Modus ponens structure:
  - If P then Q: If a duel is at sunrise (P), then the seconds must bring pistols (Q).
  - P: The duel is at sunrise.
  - Therefore Q: Therefore, the seconds must bring pistols.","""If a duel is at sunrise, then the seconds must bring pistols. The duel is at sunrise. Therefore, the seconds must bring pistols.""",1
modus ponens,Beekeeping,"Greetings! I am interested in natural language processing and I was wondering if you could help me generate an example of text that illustrates multiple skills in semantics or syntax. The example should be a minimal natural piece of text with up to a few lines in the context of Beekeeping that illustrates all of the following skills: modus ponens. Please keep the text as short as possible, and make sure the concepts can be found fully from the text. 

For reference, here are the definitions and examples for the concepts:
**modus ponens**: A syllogism that is of the form “If P then Q. P. Hence Q.” For example, ""If today is Tuesday, then John will go to work. Today is Tuesday. Therefore, John will go to work.""

Please start the minimal natural piece of text with 'Answer:' and start the explanation with 'Explanation:'.

Thanks very much!","Answer:
If the hive is queenless, then the bees will start raising emergency queen cells. The hive is queenless. Therefore, the bees will start raising emergency queen cells.

Explanation:
This text uses modus ponens: “If P then Q” (If the hive is queenless, then the bees will start raising emergency queen cells), “P” (The hive is queenless), therefore “Q” (The bees will start raising emergency queen cells).","If the hive is queenless, then the bees will start raising emergency queen cells. The hive is queenless. Therefore, the bees will start raising emergency queen cells.",1
modus ponens,Urbanism,"Greetings! I am interested in natural language processing and I was wondering if you could help me generate an example of text that illustrates multiple skills in semantics or syntax. The example should be a minimal natural piece of text with up to a few lines in the context of Urbanism that illustrates all of the following skills: modus ponens. Please keep the text as short as possible, and make sure the concepts can be found fully from the text. 

For reference, here are the definitions and examples for the concepts:
**modus ponens**: A syllogism that is of the form “If P then Q. P. Hence Q.” For example, ""If today is Tuesday, then John will go to work. Today is Tuesday. Therefore, John will go to work.""

Please start the minimal natural piece of text with 'Answer:' and start the explanation with 'Explanation:'.

Thanks very much!","Answer: If a street has bike lanes, then traffic injuries will decrease. The city added bike lanes on Maple Avenue. Therefore, traffic injuries on Maple Avenue will decrease.

Explanation: This text instantiates modus ponens:
- If P then Q: If a street has bike lanes (P), then traffic injuries will decrease (Q).
- P: The city added bike lanes on Maple Avenue.
- Therefore Q: Traffic injuries on Maple Avenue will decrease.","If a street has bike lanes, then traffic injuries will decrease. The city added bike lanes on Maple Avenue. Therefore, traffic injuries on Maple Avenue will decrease.",1
modus ponens,Survivalism,"Greetings! I am interested in natural language processing and I was wondering if you could help me generate an example of text that illustrates multiple skills in semantics or syntax. The example should be a minimal natural piece of text with up to a few lines in the context of Survivalism that illustrates all of the following skills: modus ponens. Please keep the text as short as possible, and make sure the concepts can be found fully from the text. 

For reference, here are the definitions and examples for the concepts:
**modus ponens**: A syllogism that is of the form “If P then Q. P. Hence Q.” For example, ""If today is Tuesday, then John will go to work. Today is Tuesday. Therefore, John will go to work.""

Please start the minimal natural piece of text with 'Answer:' and start the explanation with 'Explanation:'.

Thanks very much!","Answer:
If the storm knocks out power, then we must boil water. The storm knocks out power. Therefore, we must boil water.

Explanation:
- Modus ponens structure:
  - If P then Q: If the storm knocks out power, then we must boil water.
  - P: The storm knocks out power.
  - Therefore, Q: Therefore, we must boil water.","If the storm knocks out power, then we must boil water. The storm knocks out power. Therefore, we must boil water.",1
modus ponens,The Ottoman Empire,"Greetings! I am interested in natural language processing and I was wondering if you could help me generate an example of text that illustrates multiple skills in semantics or syntax. The example should be a minimal natural piece of text with up to a few lines in the context of The Ottoman Empire that illustrates all of the following skills: modus ponens. Please keep the text as short as possible, and make sure the concepts can be found fully from the text. 

For reference, here are the definitions and examples for the concepts:
**modus ponens**: A syllogism that is of the form “If P then Q. P. Hence Q.” For example, ""If today is Tuesday, then John will go to work. Today is Tuesday. Therefore, John will go to work.""

Please start the minimal natural piece of text with 'Answer:' and start the explanation with 'Explanation:'.

Thanks very much!","Answer:
If the Sultan decrees a new tax, then the Janissaries will demand higher pay. The Sultan decrees a new tax. Therefore, the Janissaries will demand higher pay.

Explanation:
- Modus ponens: The text has the form “If P then Q. P. Therefore, Q,” where P = “the Sultan decrees a new tax” and Q = “the Janissaries will demand higher pay.”","If the Sultan decrees a new tax, then the Janissaries will demand higher pay. The Sultan decrees a new tax. Therefore, the Janissaries will demand higher pay.",1
modus ponens,Sewing,"Greetings! I am interested in natural language processing and I was wondering if you could help me generate an example of text that illustrates multiple skills in semantics or syntax. The example should be a minimal natural piece of text with up to a few lines in the context of Sewing that illustrates all of the following skills: modus ponens. Please keep the text as short as possible, and make sure the concepts can be found fully from the text. 

For reference, here are the definitions and examples for the concepts:
**modus ponens**: A syllogism that is of the form “If P then Q. P. Hence Q.” For example, ""If today is Tuesday, then John will go to work. Today is Tuesday. Therefore, John will go to work.""

Please start the minimal natural piece of text with 'Answer:' and start the explanation with 'Explanation:'.

Thanks very much!","Answer:
If the fabric is pinned, then the seam will be straight. The fabric is pinned. Therefore, the seam will be straight.

Explanation:
This applies modus ponens in a sewing context: “If P then Q” (If the fabric is pinned, then the seam will be straight), “P” (The fabric is pinned), and “Therefore Q” (Therefore, the seam will be straight).","If the fabric is pinned, then the seam will be straight. The fabric is pinned. Therefore, the seam will be straight.",1
modus ponens,The Ottoman Empire,"Greetings! I am interested in natural language processing and I was wondering if you could help me generate an example of text that illustrates multiple skills in semantics or syntax. The example should be a minimal natural piece of text with up to a few lines in the context of The Ottoman Empire that illustrates all of the following skills: modus ponens. Please keep the text as short as possible, and make sure the concepts can be found fully from the text. 

For reference, here are the definitions and examples for the concepts:
**modus ponens**: A syllogism that is of the form “If P then Q. P. Hence Q.” For example, ""If today is Tuesday, then John will go to work. Today is Tuesday. Therefore, John will go to work.""

Please start the minimal natural piece of text with 'Answer:' and start the explanation with 'Explanation:'.

Thanks very much!","Answer: If the sultan issues a firm decree, then the vizier will assemble the divan. The sultan issues a firm decree. Therefore, the vizier will assemble the divan.

Explanation: This text instantiates modus ponens: “If P then Q” (if the sultan issues a firm decree, then the vizier will assemble the divan). “P” (the sultan issues a firm decree). Therefore “Q” (the vizier will assemble the divan).","If the sultan issues a firm decree, then the vizier will assemble the divan. The sultan issues a firm decree. Therefore, the vizier will assemble the divan.",1
modus ponens,Guerilla warfare,"Greetings! I am interested in natural language processing and I was wondering if you could help me generate an example of text that illustrates multiple skills in semantics or syntax. The example should be a minimal natural piece of text with up to a few lines in the context of Guerilla warfare that illustrates all of the following skills: modus ponens. Please keep the text as short as possible, and make sure the concepts can be found fully from the text. 

For reference, here are the definitions and examples for the concepts:
**modus ponens**: A syllogism that is of the form “If P then Q. P. Hence Q.” For example, ""If today is Tuesday, then John will go to work. Today is Tuesday. Therefore, John will go to work.""

Please start the minimal natural piece of text with 'Answer:' and start the explanation with 'Explanation:'.

Thanks very much!","Answer:
If scouts confirm the patrol will pass the ravine, then we will spring the ambush. The scouts confirm the patrol will pass the ravine. Therefore, we will spring the ambush.

Explanation:
- Modus ponens:
  - If P then Q: If scouts confirm the patrol will pass the ravine, then we will spring the ambush.
  - P: The scouts confirm the patrol will pass the ravine.
  - Therefore Q: Therefore, we will spring the ambush.","If scouts confirm the patrol will pass the ravine, then we will spring the ambush. The scouts confirm the patrol will pass the ravine. Therefore, we will spring the ambush.",1
modus ponens,The Ottoman Empire,"Greetings! I am interested in natural language processing and I was wondering if you could help me generate an example of text that illustrates multiple skills in semantics or syntax. The example should be a minimal natural piece of text with up to a few lines in the context of The Ottoman Empire that illustrates all of the following skills: modus ponens. Please keep the text as short as possible, and make sure the concepts can be found fully from the text. 

For reference, here are the definitions and examples for the concepts:
**modus ponens**: A syllogism that is of the form “If P then Q. P. Hence Q.” For example, ""If today is Tuesday, then John will go to work. Today is Tuesday. Therefore, John will go to work.""

Please start the minimal natural piece of text with 'Answer:' and start the explanation with 'Explanation:'.

Thanks very much!","Answer: If the sultan abolishes the Janissaries, then central authority will strengthen. The sultan abolishes the Janissaries. Therefore, central authority will strengthen.

Explanation: This text instantiates modus ponens: “If P then Q” (If the sultan abolishes the Janissaries, then central authority will strengthen), “P” (The sultan abolishes the Janissaries), therefore “Q” (central authority will strengthen). The setting references the Ottoman Empire (the sultan and the Janissaries).","If the sultan abolishes the Janissaries, then central authority will strengthen. The sultan abolishes the Janissaries. Therefore, central authority will strengthen.",1
modus ponens,Urbanism,"Greetings! I am interested in natural language processing and I was wondering if you could help me generate an example of text that illustrates multiple skills in semantics or syntax. The example should be a minimal natural piece of text with up to a few lines in the context of Urbanism that illustrates all of the following skills: modus ponens. Please keep the text as short as possible, and make sure the concepts can be found fully from the text. 

For reference, here are the definitions and examples for the concepts:
**modus ponens**: A syllogism that is of the form “If P then Q. P. Hence Q.” For example, ""If today is Tuesday, then John will go to work. Today is Tuesday. Therefore, John will go to work.""

Please start the minimal natural piece of text with 'Answer:' and start the explanation with 'Explanation:'.

Thanks very much!","Answer: If a street has protected bike lanes, then traffic injuries will drop. This street has protected bike lanes. Therefore, traffic injuries will drop.

Explanation: The text uses modus ponens. Premise 1: If P then Q (If a street has protected bike lanes, then traffic injuries will drop). Premise 2: P (This street has protected bike lanes). Conclusion: Q (Therefore, traffic injuries will drop). The context is urbanism (street design and safety).","If a street has protected bike lanes, then traffic injuries will drop. This street has protected bike lanes. Therefore, traffic injuries will drop.",1
modus ponens,Dueling,"Greetings! I am interested in natural language processing and I was wondering if you could help me generate an example of text that illustrates multiple skills in semantics or syntax. The example should be a minimal natural piece of text with up to a few lines in the context of Dueling that illustrates all of the following skills: modus ponens. Please keep the text as short as possible, and make sure the concepts can be found fully from the text. 

For reference, here are the definitions and examples for the concepts:
**modus ponens**: A syllogism that is of the form “If P then Q. P. Hence Q.” For example, ""If today is Tuesday, then John will go to work. Today is Tuesday. Therefore, John will go to work.""

Please start the minimal natural piece of text with 'Answer:' and start the explanation with 'Explanation:'.

Thanks very much!","Answer: If a combatant accepts a formal duel, then they must meet at dawn. Sir Alaric accepts the duel. Therefore, Sir Alaric must meet at dawn.

Explanation: This illustrates modus ponens: 
- If P then Q: If a combatant accepts a formal duel, then they must meet at dawn.
- P: Sir Alaric accepts the duel.
- Therefore Q: Sir Alaric must meet at dawn.","If a combatant accepts a formal duel, then they must meet at dawn. Sir Alaric accepts the duel. Therefore, Sir Alaric must meet at dawn.",1
modus ponens,Guerilla warfare,"Greetings! I am interested in natural language processing and I was wondering if you could help me generate an example of text that illustrates multiple skills in semantics or syntax. The example should be a minimal natural piece of text with up to a few lines in the context of Guerilla warfare that illustrates all of the following skills: modus ponens. Please keep the text as short as possible, and make sure the concepts can be found fully from the text. 

For reference, here are the definitions and examples for the concepts:
**modus ponens**: A syllogism that is of the form “If P then Q. P. Hence Q.” For example, ""If today is Tuesday, then John will go to work. Today is Tuesday. Therefore, John will go to work.""

Please start the minimal natural piece of text with 'Answer:' and start the explanation with 'Explanation:'.

Thanks very much!","Answer:
If the scouts signal at dawn, then we strike the convoy. The scouts signal at dawn. Therefore, we strike the convoy.

Explanation:
This text uses modus ponens: “If P then Q. P. Hence Q.” Here, P = “the scouts signal at dawn,” and Q = “we strike the convoy.” The conclusion follows directly from the premises. The guerrilla warfare context is provided by scouts, timing at dawn, and striking a convoy.","If the scouts signal at dawn, then we strike the convoy. The scouts signal at dawn. Therefore, we strike the convoy.",1
modus ponens,Survivalism,"Greetings! I am interested in natural language processing and I was wondering if you could help me generate an example of text that illustrates multiple skills in semantics or syntax. The example should be a minimal natural piece of text with up to a few lines in the context of Survivalism that illustrates all of the following skills: modus ponens. Please keep the text as short as possible, and make sure the concepts can be found fully from the text. 

For reference, here are the definitions and examples for the concepts:
**modus ponens**: A syllogism that is of the form “If P then Q. P. Hence Q.” For example, ""If today is Tuesday, then John will go to work. Today is Tuesday. Therefore, John will go to work.""

Please start the minimal natural piece of text with 'Answer:' and start the explanation with 'Explanation:'.

Thanks very much!","Answer:
If the river is contaminated, then we must boil our water. The river is contaminated. Therefore, we must boil our water.

Explanation:
This text illustrates modus ponens:
- If P then Q: If the river is contaminated, then we must boil our water.
- P: The river is contaminated.
- Therefore Q: Therefore, we must boil our water.","If the river is contaminated, then we must boil our water. The river is contaminated. Therefore, we must boil our water.",1
modus ponens,Dueling,"Greetings! I am interested in natural language processing and I was wondering if you could help me generate an example of text that illustrates multiple skills in semantics or syntax. The example should be a minimal natural piece of text with up to a few lines in the context of Dueling that illustrates all of the following skills: modus ponens. Please keep the text as short as possible, and make sure the concepts can be found fully from the text. 

For reference, here are the definitions and examples for the concepts:
**modus ponens**: A syllogism that is of the form “If P then Q. P. Hence Q.” For example, ""If today is Tuesday, then John will go to work. Today is Tuesday. Therefore, John will go to work.""

Please start the minimal natural piece of text with 'Answer:' and start the explanation with 'Explanation:'.

Thanks very much!","Answer:
If a duel is announced at dawn, then the champion must appear. The duel is announced at dawn. Therefore, the champion must appear.

Explanation:
This text explicitly instantiates modus ponens: “If P then Q” (If a duel is announced at dawn, then the champion must appear), “P” (The duel is announced at dawn), therefore “Q” (Therefore, the champion must appear).","If a duel is announced at dawn, then the champion must appear. The duel is announced at dawn. Therefore, the champion must appear.",1
modus ponens,The Ottoman Empire,"Greetings! I am interested in natural language processing and I was wondering if you could help me generate an example of text that illustrates multiple skills in semantics or syntax. The example should be a minimal natural piece of text with up to a few lines in the context of The Ottoman Empire that illustrates all of the following skills: modus ponens. Please keep the text as short as possible, and make sure the concepts can be found fully from the text. 

For reference, here are the definitions and examples for the concepts:
**modus ponens**: A syllogism that is of the form “If P then Q. P. Hence Q.” For example, ""If today is Tuesday, then John will go to work. Today is Tuesday. Therefore, John will go to work.""

Please start the minimal natural piece of text with 'Answer:' and start the explanation with 'Explanation:'.

Thanks very much!","Answer: If the sultan orders a campaign, then the Janissaries will march. The sultan orders a campaign. Therefore, the Janissaries will march.

Explanation: This text uses modus ponens: “If P then Q. P. Hence Q.” Here, P = “the sultan orders a campaign,” and Q = “the Janissaries will march.” The conclusion follows directly from the two premises.","If the sultan orders a campaign, then the Janissaries will march. The sultan orders a campaign. Therefore, the Janissaries will march.",1
modus ponens,Beekeeping,"Greetings! I am interested in natural language processing and I was wondering if you could help me generate an example of text that illustrates multiple skills in semantics or syntax. The example should be a minimal natural piece of text with up to a few lines in the context of Beekeeping that illustrates all of the following skills: modus ponens. Please keep the text as short as possible, and make sure the concepts can be found fully from the text. 

For reference, here are the definitions and examples for the concepts:
**modus ponens**: A syllogism that is of the form “If P then Q. P. Hence Q.” For example, ""If today is Tuesday, then John will go to work. Today is Tuesday. Therefore, John will go to work.""

Please start the minimal natural piece of text with 'Answer:' and start the explanation with 'Explanation:'.

Thanks very much!","Answer:
If the hive is queenless, then the workers will start laying. The hive is queenless. Therefore, the workers will start laying.

Explanation:
- Modus ponens: The text follows the form “If P then Q. P. Hence Q,” where P = “the hive is queenless” and Q = “the workers will start laying,” a beekeeping scenario.","If the hive is queenless, then the workers will start laying. The hive is queenless. Therefore, the workers will start laying.",1
modus ponens,Sewing,"Greetings! I am interested in natural language processing and I was wondering if you could help me generate an example of text that illustrates multiple skills in semantics or syntax. The example should be a minimal natural piece of text with up to a few lines in the context of Sewing that illustrates all of the following skills: modus ponens. Please keep the text as short as possible, and make sure the concepts can be found fully from the text. 

For reference, here are the definitions and examples for the concepts:
**modus ponens**: A syllogism that is of the form “If P then Q. P. Hence Q.” For example, ""If today is Tuesday, then John will go to work. Today is Tuesday. Therefore, John will go to work.""

Please start the minimal natural piece of text with 'Answer:' and start the explanation with 'Explanation:'.

Thanks very much!","Answer:
If a seam is pinned, then it can be sewn straight. This seam is pinned. Therefore, it can be sewn straight.

Explanation:
- Modus ponens structure: “If P then Q. P. Therefore, Q.”
- Here, P = “the seam is pinned,” Q = “it can be sewn straight.” The text states the conditional, affirms P, and concludes Q within the sewing context.","If a seam is pinned, then it can be sewn straight. This seam is pinned. Therefore, it can be sewn straight.",1
"modus ponens, spatial reasoning",Survivalism,"Greetings! I am interested in natural language processing and I was wondering if you could help me generate an example of text that illustrates multiple skills in semantics or syntax. The example should be a minimal natural piece of text with up to a few lines in the context of Survivalism that illustrates all of the following skills: modus ponens, spatial reasoning. Please keep the text as short as possible, and make sure the concepts can be found fully from the text. 

For reference, here are the definitions and examples for the concepts:
**modus ponens**: A syllogism that is of the form “If P then Q. P. Hence Q.” For example, ""If today is Tuesday, then John will go to work. Today is Tuesday. Therefore, John will go to work.""
**spatial reasoning**: The capacity to reason about the spatial relationships between objects. For example, The key fit into the box. Using spatial reasoning, one can deduce that the width of the key was smaller than the width of the box.

Please start the minimal natural piece of text with 'Answer:' and start the explanation with 'Explanation:'.

Thanks very much!","Answer:
If the shelter’s door faces east, then dawn light will wake us early. The door faces east. Therefore, dawn light will wake us early. We store water jugs under the cot because they fit beneath it, leaving the walkway clear beside the cot.

Explanation:
- Modus ponens: “If the shelter’s door faces east, then dawn light will wake us early. The door faces east. Therefore, dawn light will wake us early.”
- Spatial reasoning: “We store water jugs under the cot because they fit beneath it” implies the jugs’ height is less than the cot’s clearance; “leaving the walkway clear beside the cot” indicates relative placement (under vs. beside) to maintain navigable space.","If the shelter’s door faces east, then dawn light will wake us early. The door faces east. Therefore, dawn light will wake us early. We store water jugs under the cot because they fit beneath it, leaving the walkway clear beside the cot.",2
"modus ponens, red herring",Beekeeping,"Greetings! I am interested in natural language processing and I was wondering if you could help me generate an example of text that illustrates multiple skills in semantics or syntax. The example should be a minimal natural piece of text with up to a few lines in the context of Beekeeping that illustrates all of the following skills: modus ponens, red herring. Please keep the text as short as possible, and make sure the concepts can be found fully from the text. 

For reference, here are the definitions and examples for the concepts:
**modus ponens**: A syllogism that is of the form “If P then Q. P. Hence Q.” For example, ""If today is Tuesday, then John will go to work. Today is Tuesday. Therefore, John will go to work.""
**red herring**: Introducing irrelevant points to detract attention from a question. For example, A member of the press asks the president why they voted to expand a welfare program. The president responds, ""The strength of America is the strength of its communities, and I am proud to make our communities better places.""

Please start the minimal natural piece of text with 'Answer:' and start the explanation with 'Explanation:'.

Thanks very much!","Answer:
“If a hive lacks a fertile queen, then the colony will dwindle. This hive lacks a fertile queen, so the colony will dwindle. Anyway, did you know wax has a lovely scent and makes great candles?”

Explanation:
- Modus ponens: “If a hive lacks a fertile queen, then the colony will dwindle. This hive lacks a fertile queen. Therefore, the colony will dwindle.”
- Red herring: The shift to “did you know wax has a lovely scent and makes great candles?” introduces an irrelevant point that distracts from the queenless-hive issue.","“If a hive lacks a fertile queen, then the colony will dwindle. This hive lacks a fertile queen, so the colony will dwindle. Anyway, did you know wax has a lovely scent and makes great candles?”",2
"folk physics (common knowledge physics), modus ponens",Survivalism,"Greetings! I am interested in natural language processing and I was wondering if you could help me generate an example of text that illustrates multiple skills in semantics or syntax. The example should be a minimal natural piece of text with up to a few lines in the context of Survivalism that illustrates all of the following skills: folk physics (common knowledge physics), modus ponens. Please keep the text as short as possible, and make sure the concepts can be found fully from the text. 

For reference, here are the definitions and examples for the concepts:
**folk physics (common knowledge physics)**: The untrained human perception of basic physical phenomena. For example, ""If I roll the pen off of the table, it will fall to the floor.""
**modus ponens**: A syllogism that is of the form “If P then Q. P. Hence Q.” For example, ""If today is Tuesday, then John will go to work. Today is Tuesday. Therefore, John will go to work.""

Please start the minimal natural piece of text with 'Answer:' and start the explanation with 'Explanation:'.

Thanks very much!","Answer: If the tarp has a hole, then rain will drip inside the shelter. The tarp has a hole. Therefore, rain will drip inside the shelter. And if I let go of this water bottle on the slope, it will roll downhill.

Explanation:
- Modus ponens: The text states a conditional (If tarp has a hole → rain drips), affirms the antecedent (tarp has a hole), and concludes the consequent (rain will drip inside the shelter).
- Folk physics: The claim that a released bottle on a slope will roll downhill reflects common-sense physics about gravity and inclined surfaces.","If the tarp has a hole, then rain will drip inside the shelter. The tarp has a hole. Therefore, rain will drip inside the shelter. And if I let go of this water bottle on the slope, it will roll downhill.",2
"self serving bias, modus ponens",Beekeeping,"Greetings! I am interested in natural language processing and I was wondering if you could help me generate an example of text that illustrates multiple skills in semantics or syntax. The example should be a minimal natural piece of text with up to a few lines in the context of Beekeeping that illustrates all of the following skills: self serving bias, modus ponens. Please keep the text as short as possible, and make sure the concepts can be found fully from the text. 

For reference, here are the definitions and examples for the concepts:
**self serving bias**: A cognitive or perceptual process that is distorted by the need to maintain and enhance one’s self esteem. For example, ""If I do well on the exam, it’s because of my academic prowess and hard work. If I do poorly, it’s because the course was poorly taught, and the exam was poorly proctored.""
**modus ponens**: A syllogism that is of the form “If P then Q. P. Hence Q.” For example, ""If today is Tuesday, then John will go to work. Today is Tuesday. Therefore, John will go to work.""

Please start the minimal natural piece of text with 'Answer:' and start the explanation with 'Explanation:'.

Thanks very much!","Answer:
If the hive is strong, then the honey harvest will be good. The hive is strong, so the harvest will be good. When I harvested a lot last year, it was thanks to my careful hive management; when the yield dipped, it was because the weather was awful and the nectar flow failed.

Explanation:
- Modus ponens: “If the hive is strong, then the honey harvest will be good. The hive is strong. Therefore, the harvest will be good.”
- Self-serving bias: Success (high harvest) is attributed to the speaker’s own skill (“my careful hive management”), while failure (low yield) is attributed to external factors (“weather was awful,” “nectar flow failed”).","If the hive is strong, then the honey harvest will be good. The hive is strong, so the harvest will be good. When I harvested a lot last year, it was thanks to my careful hive management; when the yield dipped, it was because the weather was awful and the nectar flow failed.",2
"spatial reasoning, modus ponens",Dueling,"Greetings! I am interested in natural language processing and I was wondering if you could help me generate an example of text that illustrates multiple skills in semantics or syntax. The example should be a minimal natural piece of text with up to a few lines in the context of Dueling that illustrates all of the following skills: spatial reasoning, modus ponens. Please keep the text as short as possible, and make sure the concepts can be found fully from the text. 

For reference, here are the definitions and examples for the concepts:
**spatial reasoning**: The capacity to reason about the spatial relationships between objects. For example, The key fit into the box. Using spatial reasoning, one can deduce that the width of the key was smaller than the width of the box.
**modus ponens**: A syllogism that is of the form “If P then Q. P. Hence Q.” For example, ""If today is Tuesday, then John will go to work. Today is Tuesday. Therefore, John will go to work.""

Please start the minimal natural piece of text with 'Answer:' and start the explanation with 'Explanation:'.

Thanks very much!","Answer: The challenger stands two steps to the left of the dueling line; the referee is centered on the line. If a duelist is left of the line, then the referee will motion them right. The challenger is left of the line. Therefore, the referee motions the challenger to the right.

Explanation:
- Spatial reasoning: From “two steps to the left of the dueling line” and the referee “centered on the line,” we infer their relative positions in space and that moving right would bring the challenger toward the line.
- Modus ponens: If P then Q (If a duelist is left of the line, then the referee will motion them right). P (The challenger is left of the line). Therefore Q (The referee motions the challenger to the right).","The challenger stands two steps to the left of the dueling line; the referee is centered on the line. If a duelist is left of the line, then the referee will motion them right. The challenger is left of the line. Therefore, the referee motions the challenger to the right.",2
"modus ponens, red herring",The Ottoman Empire,"Greetings! I am interested in natural language processing and I was wondering if you could help me generate an example of text that illustrates multiple skills in semantics or syntax. The example should be a minimal natural piece of text with up to a few lines in the context of The Ottoman Empire that illustrates all of the following skills: modus ponens, red herring. Please keep the text as short as possible, and make sure the concepts can be found fully from the text. 

For reference, here are the definitions and examples for the concepts:
**modus ponens**: A syllogism that is of the form “If P then Q. P. Hence Q.” For example, ""If today is Tuesday, then John will go to work. Today is Tuesday. Therefore, John will go to work.""
**red herring**: Introducing irrelevant points to detract attention from a question. For example, A member of the press asks the president why they voted to expand a welfare program. The president responds, ""The strength of America is the strength of its communities, and I am proud to make our communities better places.""

Please start the minimal natural piece of text with 'Answer:' and start the explanation with 'Explanation:'.

Thanks very much!","Answer: If the janissaries revolt, then the sultan will tighten control. The janissaries revolt; therefore, the sultan will tighten control. By the way, have you noticed how splendid the tulips are in the palace gardens?

Explanation:
- Modus ponens: “If the janissaries revolt, then the sultan will tighten control. The janissaries revolt; therefore, the sultan will tighten control.”
- Red herring: The sudden shift to discussing the splendor of tulips in the palace gardens is irrelevant to the conclusion about revolt and control, distracting from the main point.","If the janissaries revolt, then the sultan will tighten control. The janissaries revolt; therefore, the sultan will tighten control. By the way, have you noticed how splendid the tulips are in the palace gardens?",2
"red herring, modus ponens",Survivalism,"Greetings! I am interested in natural language processing and I was wondering if you could help me generate an example of text that illustrates multiple skills in semantics or syntax. The example should be a minimal natural piece of text with up to a few lines in the context of Survivalism that illustrates all of the following skills: red herring, modus ponens. Please keep the text as short as possible, and make sure the concepts can be found fully from the text. 

For reference, here are the definitions and examples for the concepts:
**red herring**: Introducing irrelevant points to detract attention from a question. For example, A member of the press asks the president why they voted to expand a welfare program. The president responds, ""The strength of America is the strength of its communities, and I am proud to make our communities better places.""
**modus ponens**: A syllogism that is of the form “If P then Q. P. Hence Q.” For example, ""If today is Tuesday, then John will go to work. Today is Tuesday. Therefore, John will go to work.""

Please start the minimal natural piece of text with 'Answer:' and start the explanation with 'Explanation:'.

Thanks very much!","Answer:
If the radio says a storm is coming, then we should secure the shelter. The radio says a storm is coming. Therefore, we should secure the shelter. Also, before we talk about sandbags, did you know my new flint can spark even in the rain?

Explanation:
- Modus ponens: “If the radio says a storm is coming, then we should secure the shelter. The radio says a storm is coming. Therefore, we should secure the shelter.”
- Red herring: The sudden shift to discussing a new flint’s rain-sparking ability distracts from the question of sandbagging/securing the shelter.","If the radio says a storm is coming, then we should secure the shelter. The radio says a storm is coming. Therefore, we should secure the shelter. Also, before we talk about sandbags, did you know my new flint can spark even in the rain?",2
"modus ponens, folk physics (common knowledge physics)",Beekeeping,"Greetings! I am interested in natural language processing and I was wondering if you could help me generate an example of text that illustrates multiple skills in semantics or syntax. The example should be a minimal natural piece of text with up to a few lines in the context of Beekeeping that illustrates all of the following skills: modus ponens, folk physics (common knowledge physics). Please keep the text as short as possible, and make sure the concepts can be found fully from the text. 

For reference, here are the definitions and examples for the concepts:
**modus ponens**: A syllogism that is of the form “If P then Q. P. Hence Q.” For example, ""If today is Tuesday, then John will go to work. Today is Tuesday. Therefore, John will go to work.""
**folk physics (common knowledge physics)**: The untrained human perception of basic physical phenomena. For example, ""If I roll the pen off of the table, it will fall to the floor.""

Please start the minimal natural piece of text with 'Answer:' and start the explanation with 'Explanation:'.

Thanks very much!","Answer:
If smoke is pouring from the hive, the bees will be calmer. Smoke is pouring from the hive, so the bees will be calmer. If I drop the wooden frame, it will fall to the ground; thus I grip it firmly.

Explanation:
- Modus ponens: “If smoke is pouring from the hive, the bees will be calmer. Smoke is pouring from the hive. Therefore, the bees will be calmer.”
- Folk physics: “If I drop the wooden frame, it will fall to the ground,” relying on common knowledge that unsupported objects fall due to gravity.","If smoke is pouring from the hive, the bees will be calmer. Smoke is pouring from the hive, so the bees will be calmer. If I drop the wooden frame, it will fall to the ground; thus I grip it firmly.",2
"modus ponens, self serving bias",Guerilla warfare,"Greetings! I am interested in natural language processing and I was wondering if you could help me generate an example of text that illustrates multiple skills in semantics or syntax. The example should be a minimal natural piece of text with up to a few lines in the context of Guerilla warfare that illustrates all of the following skills: modus ponens, self serving bias. Please keep the text as short as possible, and make sure the concepts can be found fully from the text. 

For reference, here are the definitions and examples for the concepts:
**modus ponens**: A syllogism that is of the form “If P then Q. P. Hence Q.” For example, ""If today is Tuesday, then John will go to work. Today is Tuesday. Therefore, John will go to work.""
**self serving bias**: A cognitive or perceptual process that is distorted by the need to maintain and enhance one’s self esteem. For example, ""If I do well on the exam, it’s because of my academic prowess and hard work. If I do poorly, it’s because the course was poorly taught, and the exam was poorly proctored.""

Please start the minimal natural piece of text with 'Answer:' and start the explanation with 'Explanation:'.

Thanks very much!","Answer:
If our ambush disrupts the convoy, then the villagers will trust our cause. Our ambush disrupted the convoy. Therefore, the villagers will trust our cause. And if they don’t, it’s because the enemy spread lies—when they cheer, it’s thanks to my flawless planning.

Explanation:
- Modus ponens: “If our ambush disrupts the convoy, then the villagers will trust our cause. Our ambush disrupted the convoy. Therefore, the villagers will trust our cause.”
- Self-serving bias: The speaker credits success to their “flawless planning,” but if trust is not gained, they blame external factors (“the enemy spread lies”), not their own actions.","If our ambush disrupts the convoy, then the villagers will trust our cause. Our ambush disrupted the convoy. Therefore, the villagers will trust our cause. And if they don’t, it’s because the enemy spread lies—when they cheer, it’s thanks to my flawless planning.",2
"modus ponens, spatial reasoning",Dueling,"Greetings! I am interested in natural language processing and I was wondering if you could help me generate an example of text that illustrates multiple skills in semantics or syntax. The example should be a minimal natural piece of text with up to a few lines in the context of Dueling that illustrates all of the following skills: modus ponens, spatial reasoning. Please keep the text as short as possible, and make sure the concepts can be found fully from the text. 

For reference, here are the definitions and examples for the concepts:
**modus ponens**: A syllogism that is of the form “If P then Q. P. Hence Q.” For example, ""If today is Tuesday, then John will go to work. Today is Tuesday. Therefore, John will go to work.""
**spatial reasoning**: The capacity to reason about the spatial relationships between objects. For example, The key fit into the box. Using spatial reasoning, one can deduce that the width of the key was smaller than the width of the box.

Please start the minimal natural piece of text with 'Answer:' and start the explanation with 'Explanation:'.

Thanks very much!","Answer:
“If the duelist stands inside the ring, then the bout begins. The duelist stands inside the ring, therefore the bout begins. He keeps his shield between himself and the opponent’s blade; since the shield is wider than the blade’s path, it blocks the strike.”

Explanation:
- Modus ponens: “If the duelist stands inside the ring, then the bout begins. The duelist stands inside the ring. Therefore the bout begins.”
- Spatial reasoning: The shield is positioned between the duelist and the blade; because it is wider than the blade’s path, it can block the strike, relying on relative sizes and positions.","“If the duelist stands inside the ring, then the bout begins. The duelist stands inside the ring, therefore the bout begins. He keeps his shield between himself and the opponent’s blade; since the shield is wider than the blade’s path, it blocks the strike.”",2
"spatial reasoning, modus ponens",Urbanism,"Greetings! I am interested in natural language processing and I was wondering if you could help me generate an example of text that illustrates multiple skills in semantics or syntax. The example should be a minimal natural piece of text with up to a few lines in the context of Urbanism that illustrates all of the following skills: spatial reasoning, modus ponens. Please keep the text as short as possible, and make sure the concepts can be found fully from the text. 

For reference, here are the definitions and examples for the concepts:
**spatial reasoning**: The capacity to reason about the spatial relationships between objects. For example, The key fit into the box. Using spatial reasoning, one can deduce that the width of the key was smaller than the width of the box.
**modus ponens**: A syllogism that is of the form “If P then Q. P. Hence Q.” For example, ""If today is Tuesday, then John will go to work. Today is Tuesday. Therefore, John will go to work.""

Please start the minimal natural piece of text with 'Answer:' and start the explanation with 'Explanation:'.

Thanks very much!","Answer: If the plaza sits north of the library, then the bike racks are north of the library. The plaza does sit north of the library. Therefore, the bike racks are north of the library. The sidewalk runs between the library and the plaza, so pedestrians pass south of the bike racks to reach the plaza.

Explanation:
- Modus ponens: “If the plaza sits north of the library, then the bike racks are north of the library. The plaza does sit north of the library. Therefore, the bike racks are north of the library.”
- Spatial reasoning: From “plaza north of the library” and “sidewalk runs between the library and the plaza,” we infer the sidewalk lies north of the library and south of the plaza; since the bike racks are north of the library, pedestrians passing along the sidewalk move south of the bike racks to reach the plaza.","If the plaza sits north of the library, then the bike racks are north of the library. The plaza does sit north of the library. Therefore, the bike racks are north of the library. The sidewalk runs between the library and the plaza, so pedestrians pass south of the bike racks to reach the plaza.",2
"modus ponens, self serving bias",Beekeeping,"Greetings! I am interested in natural language processing and I was wondering if you could help me generate an example of text that illustrates multiple skills in semantics or syntax. The example should be a minimal natural piece of text with up to a few lines in the context of Beekeeping that illustrates all of the following skills: modus ponens, self serving bias. Please keep the text as short as possible, and make sure the concepts can be found fully from the text. 

For reference, here are the definitions and examples for the concepts:
**modus ponens**: A syllogism that is of the form “If P then Q. P. Hence Q.” For example, ""If today is Tuesday, then John will go to work. Today is Tuesday. Therefore, John will go to work.""
**self serving bias**: A cognitive or perceptual process that is distorted by the need to maintain and enhance one’s self esteem. For example, ""If I do well on the exam, it’s because of my academic prowess and hard work. If I do poorly, it’s because the course was poorly taught, and the exam was poorly proctored.""

Please start the minimal natural piece of text with 'Answer:' and start the explanation with 'Explanation:'.

Thanks very much!","Answer: If the queen is healthy, then the hive will thrive. The queen is healthy. Therefore, the hive will thrive. And if my honey harvest is strong, it’s because I manage the frames brilliantly; if it’s weak, it’s because the weather and pests sabotaged the hives.

Explanation: 
- Modus ponens: “If the queen is healthy, then the hive will thrive. The queen is healthy. Therefore, the hive will thrive.”
- Self-serving bias: The speaker credits a strong harvest to their own skill (“I manage the frames brilliantly”) but blames a weak harvest on external factors (“the weather and pests”).","If the queen is healthy, then the hive will thrive. The queen is healthy. Therefore, the hive will thrive. And if my honey harvest is strong, it’s because I manage the frames brilliantly; if it’s weak, it’s because the weather and pests sabotaged the hives.",2
"spatial reasoning, modus ponens",Dueling,"Greetings! I am interested in natural language processing and I was wondering if you could help me generate an example of text that illustrates multiple skills in semantics or syntax. The example should be a minimal natural piece of text with up to a few lines in the context of Dueling that illustrates all of the following skills: spatial reasoning, modus ponens. Please keep the text as short as possible, and make sure the concepts can be found fully from the text. 

For reference, here are the definitions and examples for the concepts:
**spatial reasoning**: The capacity to reason about the spatial relationships between objects. For example, The key fit into the box. Using spatial reasoning, one can deduce that the width of the key was smaller than the width of the box.
**modus ponens**: A syllogism that is of the form “If P then Q. P. Hence Q.” For example, ""If today is Tuesday, then John will go to work. Today is Tuesday. Therefore, John will go to work.""

Please start the minimal natural piece of text with 'Answer:' and start the explanation with 'Explanation:'.

Thanks very much!","Answer:
“If the challenger stands within sword’s reach, then I must parry. The challenger stands within sword’s reach; therefore, I must parry. He is one step to my left, and his blade extends forward; my guard angles right to meet it.”

Explanation:
- Modus ponens: The text includes the conditional “If the challenger stands within sword’s reach, then I must parry,” followed by the assertion “The challenger stands within sword’s reach,” and the conclusion “therefore, I must parry.”
- Spatial reasoning: The positions and distances are specified—“within sword’s reach” implies proximity enabling a strike; “one step to my left” and “his blade extends forward” describe spatial relations that justify “my guard angles right to meet it,” demonstrating reasoning about relative locations and orientations.","“If the challenger stands within sword’s reach, then I must parry. The challenger stands within sword’s reach; therefore, I must parry. He is one step to my left, and his blade extends forward; my guard angles right to meet it.”",2
"folk physics (common knowledge physics), modus ponens",Beekeeping,"Greetings! I am interested in natural language processing and I was wondering if you could help me generate an example of text that illustrates multiple skills in semantics or syntax. The example should be a minimal natural piece of text with up to a few lines in the context of Beekeeping that illustrates all of the following skills: folk physics (common knowledge physics), modus ponens. Please keep the text as short as possible, and make sure the concepts can be found fully from the text. 

For reference, here are the definitions and examples for the concepts:
**folk physics (common knowledge physics)**: The untrained human perception of basic physical phenomena. For example, ""If I roll the pen off of the table, it will fall to the floor.""
**modus ponens**: A syllogism that is of the form “If P then Q. P. Hence Q.” For example, ""If today is Tuesday, then John will go to work. Today is Tuesday. Therefore, John will go to work.""

Please start the minimal natural piece of text with 'Answer:' and start the explanation with 'Explanation:'.

Thanks very much!","Answer:
If a hive is left open in rain, then the frames will get wet. The hive is left open in rain. Therefore, the frames get wet. If I drop a full honey frame, it will fall and likely crack.

Explanation:
- Modus ponens: “If a hive is left open in rain, then the frames will get wet. The hive is left open in rain. Therefore, the frames get wet.” matches the If P then Q; P; therefore Q structure.
- Folk physics: “If I drop a full honey frame, it will fall and likely crack.” appeals to common-sense physics about gravity and impact.","If a hive is left open in rain, then the frames will get wet. The hive is left open in rain. Therefore, the frames get wet. If I drop a full honey frame, it will fall and likely crack.",2
"self serving bias, modus ponens",Guerilla warfare,"Greetings! I am interested in natural language processing and I was wondering if you could help me generate an example of text that illustrates multiple skills in semantics or syntax. The example should be a minimal natural piece of text with up to a few lines in the context of Guerilla warfare that illustrates all of the following skills: self serving bias, modus ponens. Please keep the text as short as possible, and make sure the concepts can be found fully from the text. 

For reference, here are the definitions and examples for the concepts:
**self serving bias**: A cognitive or perceptual process that is distorted by the need to maintain and enhance one’s self esteem. For example, ""If I do well on the exam, it’s because of my academic prowess and hard work. If I do poorly, it’s because the course was poorly taught, and the exam was poorly proctored.""
**modus ponens**: A syllogism that is of the form “If P then Q. P. Hence Q.” For example, ""If today is Tuesday, then John will go to work. Today is Tuesday. Therefore, John will go to work.""

Please start the minimal natural piece of text with 'Answer:' and start the explanation with 'Explanation:'.

Thanks very much!","Answer: If we sabotage the convoy, then the patrols will thin. We sabotaged the convoy, so the patrols will thin. When the ambush worked, it was thanks to my plan; when it failed last week, it was the terrain’s fault.

Explanation:
- Modus ponens: “If we sabotage the convoy, then the patrols will thin. We sabotaged the convoy, so the patrols will thin.”
- Self-serving bias: “When the ambush worked, it was thanks to my plan; when it failed last week, it was the terrain’s fault.”","If we sabotage the convoy, then the patrols will thin. We sabotaged the convoy, so the patrols will thin. When the ambush worked, it was thanks to my plan; when it failed last week, it was the terrain’s fault.",2
"self serving bias, modus ponens",Beekeeping,"Greetings! I am interested in natural language processing and I was wondering if you could help me generate an example of text that illustrates multiple skills in semantics or syntax. The example should be a minimal natural piece of text with up to a few lines in the context of Beekeeping that illustrates all of the following skills: self serving bias, modus ponens. Please keep the text as short as possible, and make sure the concepts can be found fully from the text. 

For reference, here are the definitions and examples for the concepts:
**self serving bias**: A cognitive or perceptual process that is distorted by the need to maintain and enhance one’s self esteem. For example, ""If I do well on the exam, it’s because of my academic prowess and hard work. If I do poorly, it’s because the course was poorly taught, and the exam was poorly proctored.""
**modus ponens**: A syllogism that is of the form “If P then Q. P. Hence Q.” For example, ""If today is Tuesday, then John will go to work. Today is Tuesday. Therefore, John will go to work.""

Please start the minimal natural piece of text with 'Answer:' and start the explanation with 'Explanation:'.

Thanks very much!","Answer:
If the queen lays well, then the hive will thrive. The queen is laying well, so the hive will thrive. When the honey flow is strong, it’s thanks to my careful tending; when yields are low, it’s the weather’s fault.

Explanation:
- Modus ponens: “If the queen lays well, then the hive will thrive. The queen is laying well. Therefore, the hive will thrive.”
- Self-serving bias: Success (“the honey flow is strong”) is attributed to the speaker’s own skill (“my careful tending”), while failure (“yields are low”) is blamed on external factors (“the weather’s fault”).","If the queen lays well, then the hive will thrive. The queen is laying well, so the hive will thrive. When the honey flow is strong, it’s thanks to my careful tending; when yields are low, it’s the weather’s fault.",2
"modus ponens, folk physics (common knowledge physics)",Dueling,"Greetings! I am interested in natural language processing and I was wondering if you could help me generate an example of text that illustrates multiple skills in semantics or syntax. The example should be a minimal natural piece of text with up to a few lines in the context of Dueling that illustrates all of the following skills: modus ponens, folk physics (common knowledge physics). Please keep the text as short as possible, and make sure the concepts can be found fully from the text. 

For reference, here are the definitions and examples for the concepts:
**modus ponens**: A syllogism that is of the form “If P then Q. P. Hence Q.” For example, ""If today is Tuesday, then John will go to work. Today is Tuesday. Therefore, John will go to work.""
**folk physics (common knowledge physics)**: The untrained human perception of basic physical phenomena. For example, ""If I roll the pen off of the table, it will fall to the floor.""

Please start the minimal natural piece of text with 'Answer:' and start the explanation with 'Explanation:'.

Thanks very much!","Answer:
If the duelist draws first, then the duel begins. The duelist draws first. Therefore, the duel begins. If the sword is dropped, it will fall to the ground.

Explanation:
- Modus ponens: “If the duelist draws first, then the duel begins. The duelist draws first. Therefore, the duel begins.”
- Folk physics: “If the sword is dropped, it will fall to the ground.” This relies on common knowledge about gravity and falling objects.","If the duelist draws first, then the duel begins. The duelist draws first. Therefore, the duel begins. If the sword is dropped, it will fall to the ground.",2
"modus ponens, spatial reasoning",Survivalism,"Greetings! I am interested in natural language processing and I was wondering if you could help me generate an example of text that illustrates multiple skills in semantics or syntax. The example should be a minimal natural piece of text with up to a few lines in the context of Survivalism that illustrates all of the following skills: modus ponens, spatial reasoning. Please keep the text as short as possible, and make sure the concepts can be found fully from the text. 

For reference, here are the definitions and examples for the concepts:
**modus ponens**: A syllogism that is of the form “If P then Q. P. Hence Q.” For example, ""If today is Tuesday, then John will go to work. Today is Tuesday. Therefore, John will go to work.""
**spatial reasoning**: The capacity to reason about the spatial relationships between objects. For example, The key fit into the box. Using spatial reasoning, one can deduce that the width of the key was smaller than the width of the box.

Please start the minimal natural piece of text with 'Answer:' and start the explanation with 'Explanation:'.

Thanks very much!","Answer:
If the tent is between the windbreak and the river, then our camp is sheltered. The tent is between the windbreak and the river. Therefore, our camp is sheltered. We slid the water filter into the narrow side pocket of the pack.

Explanation:
- Modus ponens: The first three sentences follow “If P then Q. P. Hence Q.”
- Spatial reasoning: From “We slid the water filter into the narrow side pocket of the pack,” one infers the filter’s width is less than the pocket’s opening and that the pocket is on the side of the pack.","If the tent is between the windbreak and the river, then our camp is sheltered. The tent is between the windbreak and the river. Therefore, our camp is sheltered. We slid the water filter into the narrow side pocket of the pack.",2
"modus ponens, folk physics (common knowledge physics)",Dueling,"Greetings! I am interested in natural language processing and I was wondering if you could help me generate an example of text that illustrates multiple skills in semantics or syntax. The example should be a minimal natural piece of text with up to a few lines in the context of Dueling that illustrates all of the following skills: modus ponens, folk physics (common knowledge physics). Please keep the text as short as possible, and make sure the concepts can be found fully from the text. 

For reference, here are the definitions and examples for the concepts:
**modus ponens**: A syllogism that is of the form “If P then Q. P. Hence Q.” For example, ""If today is Tuesday, then John will go to work. Today is Tuesday. Therefore, John will go to work.""
**folk physics (common knowledge physics)**: The untrained human perception of basic physical phenomena. For example, ""If I roll the pen off of the table, it will fall to the floor.""

Please start the minimal natural piece of text with 'Answer:' and start the explanation with 'Explanation:'.

Thanks very much!","Answer:
If the duelist raises her shield, then the incoming blow will not strike her arm. She raises her shield; therefore, the blow won’t strike her arm. And because heavy blades fall if you drop them, the sword clatters to the ground when his grip slips.

Explanation:
- Modus ponens: “If the duelist raises her shield, then the incoming blow will not strike her arm. She raises her shield; therefore, the blow won’t strike her arm.”
- Folk physics: “Heavy blades fall if you drop them” and the consequence “the sword clatters to the ground when his grip slips,” reflecting common knowledge about gravity and objects falling.","If the duelist raises her shield, then the incoming blow will not strike her arm. She raises her shield; therefore, the blow won’t strike her arm. And because heavy blades fall if you drop them, the sword clatters to the ground when his grip slips.",2
"self serving bias, modus ponens",Dueling,"Greetings! I am interested in natural language processing and I was wondering if you could help me generate an example of text that illustrates multiple skills in semantics or syntax. The example should be a minimal natural piece of text with up to a few lines in the context of Dueling that illustrates all of the following skills: self serving bias, modus ponens. Please keep the text as short as possible, and make sure the concepts can be found fully from the text. 

For reference, here are the definitions and examples for the concepts:
**self serving bias**: A cognitive or perceptual process that is distorted by the need to maintain and enhance one’s self esteem. For example, ""If I do well on the exam, it’s because of my academic prowess and hard work. If I do poorly, it’s because the course was poorly taught, and the exam was poorly proctored.""
**modus ponens**: A syllogism that is of the form “If P then Q. P. Hence Q.” For example, ""If today is Tuesday, then John will go to work. Today is Tuesday. Therefore, John will go to work.""

Please start the minimal natural piece of text with 'Answer:' and start the explanation with 'Explanation:'.

Thanks very much!","Answer:
“If I win this duel, it proves I’m the superior swordsman; if I lose, the judge was biased. If the challenger draws at dawn, then the duel proceeds. The challenger draws at dawn. Therefore, the duel proceeds.”

Explanation:
- Self-serving bias: “If I win this duel, it proves I’m the superior swordsman; if I lose, the judge was biased.” The speaker credits victory to personal skill but blames defeat on external factors.
- Modus ponens: “If the challenger draws at dawn, then the duel proceeds. The challenger draws at dawn. Therefore, the duel proceeds.” This is the form If P then Q. P. Hence Q.","“If I win this duel, it proves I’m the superior swordsman; if I lose, the judge was biased. If the challenger draws at dawn, then the duel proceeds. The challenger draws at dawn. Therefore, the duel proceeds.”",2
"modus ponens, self serving bias",The Ottoman Empire,"Greetings! I am interested in natural language processing and I was wondering if you could help me generate an example of text that illustrates multiple skills in semantics or syntax. The example should be a minimal natural piece of text with up to a few lines in the context of The Ottoman Empire that illustrates all of the following skills: modus ponens, self serving bias. Please keep the text as short as possible, and make sure the concepts can be found fully from the text. 

For reference, here are the definitions and examples for the concepts:
**modus ponens**: A syllogism that is of the form “If P then Q. P. Hence Q.” For example, ""If today is Tuesday, then John will go to work. Today is Tuesday. Therefore, John will go to work.""
**self serving bias**: A cognitive or perceptual process that is distorted by the need to maintain and enhance one’s self esteem. For example, ""If I do well on the exam, it’s because of my academic prowess and hard work. If I do poorly, it’s because the course was poorly taught, and the exam was poorly proctored.""

Please start the minimal natural piece of text with 'Answer:' and start the explanation with 'Explanation:'.

Thanks very much!","Answer: If the sultan issues a firman, then the new tax will be collected. The sultan issued a firman; therefore, the new tax will be collected. I prospered under the tax because of my clever trading, but when my rival faltered, it was only because the Empire’s officials favored my guild.

Explanation: 
- Modus ponens is shown by the conditional “If the sultan issues a firman, then the new tax will be collected,” the assertion “The sultan issued a firman,” and the conclusion “therefore, the new tax will be collected.”
- Self-serving bias appears when the speaker credits personal success to internal factors (“my clever trading”) while attributing the rival’s failure to external factors (“the Empire’s officials favored my guild”).","If the sultan issues a firman, then the new tax will be collected. The sultan issued a firman; therefore, the new tax will be collected. I prospered under the tax because of my clever trading, but when my rival faltered, it was only because the Empire’s officials favored my guild.",2
"red herring, modus ponens",Beekeeping,"Greetings! I am interested in natural language processing and I was wondering if you could help me generate an example of text that illustrates multiple skills in semantics or syntax. The example should be a minimal natural piece of text with up to a few lines in the context of Beekeeping that illustrates all of the following skills: red herring, modus ponens. Please keep the text as short as possible, and make sure the concepts can be found fully from the text. 

For reference, here are the definitions and examples for the concepts:
**red herring**: Introducing irrelevant points to detract attention from a question. For example, A member of the press asks the president why they voted to expand a welfare program. The president responds, ""The strength of America is the strength of its communities, and I am proud to make our communities better places.""
**modus ponens**: A syllogism that is of the form “If P then Q. P. Hence Q.” For example, ""If today is Tuesday, then John will go to work. Today is Tuesday. Therefore, John will go to work.""

Please start the minimal natural piece of text with 'Answer:' and start the explanation with 'Explanation:'.

Thanks very much!","Answer:
Reporter: Why did you move the hive closer to the orchard?
Beekeeper: If the hive is nearer to blossoms, then nectar intake increases. The hive is nearer to blossoms. Therefore, nectar intake increases. Also, did you know honey labels are printed with charming bee cartoons?

Explanation:
- Modus ponens: “If the hive is nearer to blossoms, then nectar intake increases. The hive is nearer to blossoms. Therefore, nectar intake increases.”
- Red herring: The beekeeper introduces an irrelevant point—“honey labels are printed with charming bee cartoons”—which distracts from the question about moving the hive.","Reporter: Why did you move the hive closer to the orchard?
Beekeeper: If the hive is nearer to blossoms, then nectar intake increases. The hive is nearer to blossoms. Therefore, nectar intake increases. Also, did you know honey labels are printed with charming bee cartoons?",2
"modus ponens, red herring",Survivalism,"Greetings! I am interested in natural language processing and I was wondering if you could help me generate an example of text that illustrates multiple skills in semantics or syntax. The example should be a minimal natural piece of text with up to a few lines in the context of Survivalism that illustrates all of the following skills: modus ponens, red herring. Please keep the text as short as possible, and make sure the concepts can be found fully from the text. 

For reference, here are the definitions and examples for the concepts:
**modus ponens**: A syllogism that is of the form “If P then Q. P. Hence Q.” For example, ""If today is Tuesday, then John will go to work. Today is Tuesday. Therefore, John will go to work.""
**red herring**: Introducing irrelevant points to detract attention from a question. For example, A member of the press asks the president why they voted to expand a welfare program. The president responds, ""The strength of America is the strength of its communities, and I am proud to make our communities better places.""

Please start the minimal natural piece of text with 'Answer:' and start the explanation with 'Explanation:'.

Thanks very much!","Answer:
If the river rises, then we must move camp. The river is rising, so we must move camp. Anyway, did you know my grandfather once caught a trout as long as his arm?

Explanation:
- Modus ponens: “If the river rises, then we must move camp. The river is rising. Therefore, we must move camp.”
- Red herring: The irrelevant story about the grandfather’s trout shifts attention away from the decision about moving camp.","If the river rises, then we must move camp. The river is rising, so we must move camp. Anyway, did you know my grandfather once caught a trout as long as his arm?",2
"modus ponens, self serving bias",Beekeeping,"Greetings! I am interested in natural language processing and I was wondering if you could help me generate an example of text that illustrates multiple skills in semantics or syntax. The example should be a minimal natural piece of text with up to a few lines in the context of Beekeeping that illustrates all of the following skills: modus ponens, self serving bias. Please keep the text as short as possible, and make sure the concepts can be found fully from the text. 

For reference, here are the definitions and examples for the concepts:
**modus ponens**: A syllogism that is of the form “If P then Q. P. Hence Q.” For example, ""If today is Tuesday, then John will go to work. Today is Tuesday. Therefore, John will go to work.""
**self serving bias**: A cognitive or perceptual process that is distorted by the need to maintain and enhance one’s self esteem. For example, ""If I do well on the exam, it’s because of my academic prowess and hard work. If I do poorly, it’s because the course was poorly taught, and the exam was poorly proctored.""

Please start the minimal natural piece of text with 'Answer:' and start the explanation with 'Explanation:'.

Thanks very much!","Answer:
If the hive is queenright, then brood will be present. The hive is queenright. Therefore, brood will be present. I found lots of brood—clearly thanks to my expert management; when my other hive lagged, it was only because the weather was unfair and the nectar flow was weak.

Explanation:
- Modus ponens: “If the hive is queenright, then brood will be present. The hive is queenright. Therefore, brood will be present.”
- Self-serving bias: The speaker credits success (“lots of brood”) to their own expertise, but blames the poor performance of the other hive on external factors (weather, weak nectar flow).","If the hive is queenright, then brood will be present. The hive is queenright. Therefore, brood will be present. I found lots of brood—clearly thanks to my expert management; when my other hive lagged, it was only because the weather was unfair and the nectar flow was weak.",2
"red herring, modus ponens",Beekeeping,"Greetings! I am interested in natural language processing and I was wondering if you could help me generate an example of text that illustrates multiple skills in semantics or syntax. The example should be a minimal natural piece of text with up to a few lines in the context of Beekeeping that illustrates all of the following skills: red herring, modus ponens. Please keep the text as short as possible, and make sure the concepts can be found fully from the text. 

For reference, here are the definitions and examples for the concepts:
**red herring**: Introducing irrelevant points to detract attention from a question. For example, A member of the press asks the president why they voted to expand a welfare program. The president responds, ""The strength of America is the strength of its communities, and I am proud to make our communities better places.""
**modus ponens**: A syllogism that is of the form “If P then Q. P. Hence Q.” For example, ""If today is Tuesday, then John will go to work. Today is Tuesday. Therefore, John will go to work.""

Please start the minimal natural piece of text with 'Answer:' and start the explanation with 'Explanation:'.

Thanks very much!","Answer:
Reporter: Why did you add a new hive near the garden?
Beekeeper: Our town fair has the best lemonade—anyway, if a hive is near abundant flowers, then it thrives. The hive is near abundant flowers. Therefore, it thrives.

Explanation:
- Red herring: The beekeeper diverts from the question by mentioning the town fair’s lemonade, which is irrelevant to the hive placement.
- Modus ponens: “If a hive is near abundant flowers, then it thrives. The hive is near abundant flowers. Therefore, it thrives.” This matches the If P then Q; P; therefore Q structure.","Reporter: Why did you add a new hive near the garden?
Beekeeper: Our town fair has the best lemonade—anyway, if a hive is near abundant flowers, then it thrives. The hive is near abundant flowers. Therefore, it thrives.",2
"red herring, modus ponens",Beekeeping,"Greetings! I am interested in natural language processing and I was wondering if you could help me generate an example of text that illustrates multiple skills in semantics or syntax. The example should be a minimal natural piece of text with up to a few lines in the context of Beekeeping that illustrates all of the following skills: red herring, modus ponens. Please keep the text as short as possible, and make sure the concepts can be found fully from the text. 

For reference, here are the definitions and examples for the concepts:
**red herring**: Introducing irrelevant points to detract attention from a question. For example, A member of the press asks the president why they voted to expand a welfare program. The president responds, ""The strength of America is the strength of its communities, and I am proud to make our communities better places.""
**modus ponens**: A syllogism that is of the form “If P then Q. P. Hence Q.” For example, ""If today is Tuesday, then John will go to work. Today is Tuesday. Therefore, John will go to work.""

Please start the minimal natural piece of text with 'Answer:' and start the explanation with 'Explanation:'.

Thanks very much!","Answer:
Reporter: Why did you delay treating the hive for mites this week?
Beekeeper: Our town’s honey festival boosts local tourism and celebrates tradition—everyone loves it. If I detect a high mite load, then I treat immediately. I detected a high mite load. Therefore, I treated immediately.

Explanation:
- Red herring: The beekeeper’s comment about the honey festival and local tourism is irrelevant to the question about delaying mite treatment; it distracts from the issue.
- Modus ponens: “If I detect a high mite load, then I treat immediately. I detected a high mite load. Therefore, I treated immediately.” follows the If P then Q; P; therefore Q form.","Reporter: Why did you delay treating the hive for mites this week?
Beekeeper: Our town’s honey festival boosts local tourism and celebrates tradition—everyone loves it. If I detect a high mite load, then I treat immediately. I detected a high mite load. Therefore, I treated immediately.",2
"spatial reasoning, modus ponens",Dueling,"Greetings! I am interested in natural language processing and I was wondering if you could help me generate an example of text that illustrates multiple skills in semantics or syntax. The example should be a minimal natural piece of text with up to a few lines in the context of Dueling that illustrates all of the following skills: spatial reasoning, modus ponens. Please keep the text as short as possible, and make sure the concepts can be found fully from the text. 

For reference, here are the definitions and examples for the concepts:
**spatial reasoning**: The capacity to reason about the spatial relationships between objects. For example, The key fit into the box. Using spatial reasoning, one can deduce that the width of the key was smaller than the width of the box.
**modus ponens**: A syllogism that is of the form “If P then Q. P. Hence Q.” For example, ""If today is Tuesday, then John will go to work. Today is Tuesday. Therefore, John will go to work.""

Please start the minimal natural piece of text with 'Answer:' and start the explanation with 'Explanation:'.

Thanks very much!","Answer:
If your blade is longer than my reach, then you can hit me from outside my range. Your blade is longer than my reach. Therefore, you can hit me from outside my range. You stand two steps beyond my lunge, so my thrust cannot touch you unless I close the distance.

Explanation:
- Modus ponens: The text states “If P then Q. P. Therefore Q.” with P = “your blade is longer than my reach” and Q = “you can hit me from outside my range.”
- Spatial reasoning: From “longer blade” versus “my reach” and “two steps beyond my lunge,” we infer relative distances: the opponent is outside the speaker’s effective range, so the speaker’s thrust cannot connect without moving closer.","If your blade is longer than my reach, then you can hit me from outside my range. Your blade is longer than my reach. Therefore, you can hit me from outside my range. You stand two steps beyond my lunge, so my thrust cannot touch you unless I close the distance.",2
"modus ponens, spatial reasoning",Dueling,"Greetings! I am interested in natural language processing and I was wondering if you could help me generate an example of text that illustrates multiple skills in semantics or syntax. The example should be a minimal natural piece of text with up to a few lines in the context of Dueling that illustrates all of the following skills: modus ponens, spatial reasoning. Please keep the text as short as possible, and make sure the concepts can be found fully from the text. 

For reference, here are the definitions and examples for the concepts:
**modus ponens**: A syllogism that is of the form “If P then Q. P. Hence Q.” For example, ""If today is Tuesday, then John will go to work. Today is Tuesday. Therefore, John will go to work.""
**spatial reasoning**: The capacity to reason about the spatial relationships between objects. For example, The key fit into the box. Using spatial reasoning, one can deduce that the width of the key was smaller than the width of the box.

Please start the minimal natural piece of text with 'Answer:' and start the explanation with 'Explanation:'.

Thanks very much!","Answer:
“If the opponent’s blade crosses the centerline, then I will riposte to the open side. The opponent’s blade crosses the centerline. Therefore, I riposte to the open side.” I step left to keep my shoulder outside his reach; his arm cannot touch me because it is shorter than the gap between us.

Explanation:
- Modus ponens: The text states “If P then Q” (If the blade crosses the centerline, then I will riposte), affirms P (The blade crosses the centerline), and concludes Q (I riposte).
- Spatial reasoning: By stepping left to keep the shoulder outside the opponent’s reach and noting the opponent’s arm is shorter than the gap, one infers contact is impossible due to spatial dimensions (arm length < distance).","“If the opponent’s blade crosses the centerline, then I will riposte to the open side. The opponent’s blade crosses the centerline. Therefore, I riposte to the open side.” I step left to keep my shoulder outside his reach; his arm cannot touch me because it is shorter than the gap between us.",2
"modus ponens, spatial reasoning",Beekeeping,"Greetings! I am interested in natural language processing and I was wondering if you could help me generate an example of text that illustrates multiple skills in semantics or syntax. The example should be a minimal natural piece of text with up to a few lines in the context of Beekeeping that illustrates all of the following skills: modus ponens, spatial reasoning. Please keep the text as short as possible, and make sure the concepts can be found fully from the text. 

For reference, here are the definitions and examples for the concepts:
**modus ponens**: A syllogism that is of the form “If P then Q. P. Hence Q.” For example, ""If today is Tuesday, then John will go to work. Today is Tuesday. Therefore, John will go to work.""
**spatial reasoning**: The capacity to reason about the spatial relationships between objects. For example, The key fit into the box. Using spatial reasoning, one can deduce that the width of the key was smaller than the width of the box.

Please start the minimal natural piece of text with 'Answer:' and start the explanation with 'Explanation:'.

Thanks very much!","Answer: If the brood box is above the queen excluder, then the queen is below it. The brood box is above the queen excluder. Therefore, the queen is below it. The frame that fit through the hive entrance must be narrower than the entrance.

Explanation: 
- Modus ponens: “If the brood box is above the queen excluder, then the queen is below it. The brood box is above the queen excluder. Therefore, the queen is below it.”
- Spatial reasoning: From “The frame fit through the hive entrance,” we infer the frame’s width is less than the entrance’s width.","If the brood box is above the queen excluder, then the queen is below it. The brood box is above the queen excluder. Therefore, the queen is below it. The frame that fit through the hive entrance must be narrower than the entrance.",2
"modus ponens, red herring",Beekeeping,"Greetings! I am interested in natural language processing and I was wondering if you could help me generate an example of text that illustrates multiple skills in semantics or syntax. The example should be a minimal natural piece of text with up to a few lines in the context of Beekeeping that illustrates all of the following skills: modus ponens, red herring. Please keep the text as short as possible, and make sure the concepts can be found fully from the text. 

For reference, here are the definitions and examples for the concepts:
**modus ponens**: A syllogism that is of the form “If P then Q. P. Hence Q.” For example, ""If today is Tuesday, then John will go to work. Today is Tuesday. Therefore, John will go to work.""
**red herring**: Introducing irrelevant points to detract attention from a question. For example, A member of the press asks the president why they voted to expand a welfare program. The president responds, ""The strength of America is the strength of its communities, and I am proud to make our communities better places.""

Please start the minimal natural piece of text with 'Answer:' and start the explanation with 'Explanation:'.

Thanks very much!","Answer:
If the queen is laying, the colony will grow. The queen is laying, so the colony will grow. But let’s talk about how charming the old wooden hives look in the sunset—they really make the apiary feel rustic.

Explanation:
- Modus ponens: “If the queen is laying, the colony will grow” (If P then Q). “The queen is laying” (P). “So the colony will grow” (Therefore Q).
- Red herring: Instead of staying on colony growth, the text shifts to the irrelevant topic of how rustic the hives look at sunset, distracting from the main point.","If the queen is laying, the colony will grow. The queen is laying, so the colony will grow. But let’s talk about how charming the old wooden hives look in the sunset—they really make the apiary feel rustic.",2
"modus ponens, red herring",The Ottoman Empire,"Greetings! I am interested in natural language processing and I was wondering if you could help me generate an example of text that illustrates multiple skills in semantics or syntax. The example should be a minimal natural piece of text with up to a few lines in the context of The Ottoman Empire that illustrates all of the following skills: modus ponens, red herring. Please keep the text as short as possible, and make sure the concepts can be found fully from the text. 

For reference, here are the definitions and examples for the concepts:
**modus ponens**: A syllogism that is of the form “If P then Q. P. Hence Q.” For example, ""If today is Tuesday, then John will go to work. Today is Tuesday. Therefore, John will go to work.""
**red herring**: Introducing irrelevant points to detract attention from a question. For example, A member of the press asks the president why they voted to expand a welfare program. The president responds, ""The strength of America is the strength of its communities, and I am proud to make our communities better places.""

Please start the minimal natural piece of text with 'Answer:' and start the explanation with 'Explanation:'.

Thanks very much!","Answer: If the sultan issues a firm decree, then the vizier must enforce it. The sultan issued a firm decree. Therefore, the vizier must enforce it. And speaking of decrees, did you know the empire’s tulip gardens were especially vibrant that spring?

Explanation:
- Modus ponens: “If the sultan issues a firm decree, then the vizier must enforce it. The sultan issued a firm decree. Therefore, the vizier must enforce it.”
- Red herring: The sudden mention of tulip gardens’ vibrancy is irrelevant to the decree/enforcement issue and distracts from it.","If the sultan issues a firm decree, then the vizier must enforce it. The sultan issued a firm decree. Therefore, the vizier must enforce it. And speaking of decrees, did you know the empire’s tulip gardens were especially vibrant that spring?",2
"folk physics (common knowledge physics), modus ponens",Sewing,"Greetings! I am interested in natural language processing and I was wondering if you could help me generate an example of text that illustrates multiple skills in semantics or syntax. The example should be a minimal natural piece of text with up to a few lines in the context of Sewing that illustrates all of the following skills: folk physics (common knowledge physics), modus ponens. Please keep the text as short as possible, and make sure the concepts can be found fully from the text. 

For reference, here are the definitions and examples for the concepts:
**folk physics (common knowledge physics)**: The untrained human perception of basic physical phenomena. For example, ""If I roll the pen off of the table, it will fall to the floor.""
**modus ponens**: A syllogism that is of the form “If P then Q. P. Hence Q.” For example, ""If today is Tuesday, then John will go to work. Today is Tuesday. Therefore, John will go to work.""

Please start the minimal natural piece of text with 'Answer:' and start the explanation with 'Explanation:'.

Thanks very much!","Answer:
If the bobbin isn’t secured, it will drop when I lift the sewing machine. The bobbin isn’t secured. Therefore, it will drop. If the needle is dull, then it won’t pierce the fabric cleanly. The needle is dull. Therefore, it won’t pierce cleanly.

Explanation:
- Folk physics: “If the bobbin isn’t secured, it will drop when I lift the sewing machine” relies on everyday physical intuition about gravity and unsecured objects falling.
- Modus ponens:
  - If P then Q: If the bobbin isn’t secured, it will drop.
    P: The bobbin isn’t secured.
    Therefore Q: It will drop.
  - If P then Q: If the needle is dull, then it won’t pierce cleanly.
    P: The needle is dull.
    Therefore Q: It won’t pierce cleanly.","If the bobbin isn’t secured, it will drop when I lift the sewing machine. The bobbin isn’t secured. Therefore, it will drop. If the needle is dull, then it won’t pierce the fabric cleanly. The needle is dull. Therefore, it won’t pierce cleanly.",2
"self serving bias, modus ponens",Survivalism,"Greetings! I am interested in natural language processing and I was wondering if you could help me generate an example of text that illustrates multiple skills in semantics or syntax. The example should be a minimal natural piece of text with up to a few lines in the context of Survivalism that illustrates all of the following skills: self serving bias, modus ponens. Please keep the text as short as possible, and make sure the concepts can be found fully from the text. 

For reference, here are the definitions and examples for the concepts:
**self serving bias**: A cognitive or perceptual process that is distorted by the need to maintain and enhance one’s self esteem. For example, ""If I do well on the exam, it’s because of my academic prowess and hard work. If I do poorly, it’s because the course was poorly taught, and the exam was poorly proctored.""
**modus ponens**: A syllogism that is of the form “If P then Q. P. Hence Q.” For example, ""If today is Tuesday, then John will go to work. Today is Tuesday. Therefore, John will go to work.""

Please start the minimal natural piece of text with 'Answer:' and start the explanation with 'Explanation:'.

Thanks very much!","Answer:
If the storm hits, then my bunker keeps me safe. The storm hits. Therefore, my bunker keeps me safe. When I stayed safe, it proved my smart planning; when supplies ran low last year, it was only because the authorities disrupted deliveries.

Explanation:
- Modus ponens: “If the storm hits, then my bunker keeps me safe. The storm hits. Therefore, my bunker keeps me safe.” follows the If P then Q; P; therefore Q form.
- Self-serving bias: Success (“stayed safe”) is attributed to the speaker’s own virtues (“my smart planning”), while failure (“supplies ran low last year”) is blamed on external factors (“authorities disrupted deliveries”).","If the storm hits, then my bunker keeps me safe. The storm hits. Therefore, my bunker keeps me safe. When I stayed safe, it proved my smart planning; when supplies ran low last year, it was only because the authorities disrupted deliveries.",2
"self serving bias, modus ponens",Dueling,"Greetings! I am interested in natural language processing and I was wondering if you could help me generate an example of text that illustrates multiple skills in semantics or syntax. The example should be a minimal natural piece of text with up to a few lines in the context of Dueling that illustrates all of the following skills: self serving bias, modus ponens. Please keep the text as short as possible, and make sure the concepts can be found fully from the text. 

For reference, here are the definitions and examples for the concepts:
**self serving bias**: A cognitive or perceptual process that is distorted by the need to maintain and enhance one’s self esteem. For example, ""If I do well on the exam, it’s because of my academic prowess and hard work. If I do poorly, it’s because the course was poorly taught, and the exam was poorly proctored.""
**modus ponens**: A syllogism that is of the form “If P then Q. P. Hence Q.” For example, ""If today is Tuesday, then John will go to work. Today is Tuesday. Therefore, John will go to work.""

Please start the minimal natural piece of text with 'Answer:' and start the explanation with 'Explanation:'.

Thanks very much!","Answer:
“If I win this duel, it proves my skill; if I lose, the sun was in my eyes. If my feint draws his parry, then my riposte will land. My feint draws his parry—so my riposte will land.”

Explanation:
- Self-serving bias: “If I win this duel, it proves my skill; if I lose, the sun was in my eyes.” The speaker credits success to internal skill and blames failure on an external factor.
- Modus ponens: “If my feint draws his parry, then my riposte will land. My feint draws his parry—so my riposte will land.” This matches the form “If P then Q. P. Therefore, Q.”","“If I win this duel, it proves my skill; if I lose, the sun was in my eyes. If my feint draws his parry, then my riposte will land. My feint draws his parry—so my riposte will land.”",2
"red herring, modus ponens",Beekeeping,"Greetings! I am interested in natural language processing and I was wondering if you could help me generate an example of text that illustrates multiple skills in semantics or syntax. The example should be a minimal natural piece of text with up to a few lines in the context of Beekeeping that illustrates all of the following skills: red herring, modus ponens. Please keep the text as short as possible, and make sure the concepts can be found fully from the text. 

For reference, here are the definitions and examples for the concepts:
**red herring**: Introducing irrelevant points to detract attention from a question. For example, A member of the press asks the president why they voted to expand a welfare program. The president responds, ""The strength of America is the strength of its communities, and I am proud to make our communities better places.""
**modus ponens**: A syllogism that is of the form “If P then Q. P. Hence Q.” For example, ""If today is Tuesday, then John will go to work. Today is Tuesday. Therefore, John will go to work.""

Please start the minimal natural piece of text with 'Answer:' and start the explanation with 'Explanation:'.

Thanks very much!","Answer:
“If the hive is healthy, then the bees will produce honey. The hive is healthy. Therefore, the bees will produce honey. Also, the beekeeper’s hat is blue, which proves he has excellent fashion sense.”

Explanation:
- Modus ponens: “If the hive is healthy, then the bees will produce honey. The hive is healthy. Therefore, the bees will produce honey.” follows the If P then Q; P; therefore Q pattern.
- Red herring: “Also, the beekeeper’s hat is blue, which proves he has excellent fashion sense.” introduces an irrelevant point that distracts from the health/honey conclusion.","“If the hive is healthy, then the bees will produce honey. The hive is healthy. Therefore, the bees will produce honey. Also, the beekeeper’s hat is blue, which proves he has excellent fashion sense.”",2
"spatial reasoning, modus ponens",Survivalism,"Greetings! I am interested in natural language processing and I was wondering if you could help me generate an example of text that illustrates multiple skills in semantics or syntax. The example should be a minimal natural piece of text with up to a few lines in the context of Survivalism that illustrates all of the following skills: spatial reasoning, modus ponens. Please keep the text as short as possible, and make sure the concepts can be found fully from the text. 

For reference, here are the definitions and examples for the concepts:
**spatial reasoning**: The capacity to reason about the spatial relationships between objects. For example, The key fit into the box. Using spatial reasoning, one can deduce that the width of the key was smaller than the width of the box.
**modus ponens**: A syllogism that is of the form “If P then Q. P. Hence Q.” For example, ""If today is Tuesday, then John will go to work. Today is Tuesday. Therefore, John will go to work.""

Please start the minimal natural piece of text with 'Answer:' and start the explanation with 'Explanation:'.

Thanks very much!","Answer:
If the shelter’s entrance faces east, then morning sun warms it. The entrance faces east. Therefore, morning sun warms it. The water cache sits behind the shelter; the fire ring is in front, nearer the creek.

Explanation:
- Modus ponens: “If the shelter’s entrance faces east, then morning sun warms it. The entrance faces east. Therefore, morning sun warms it.” matches If P then Q. P. Therefore Q.
- Spatial reasoning: “The water cache sits behind the shelter; the fire ring is in front, nearer the creek.” From this, one can infer relative positions—cache is on the opposite side of the shelter from the creek/fire ring, and the fire ring lies between the shelter and the creek.","If the shelter’s entrance faces east, then morning sun warms it. The entrance faces east. Therefore, morning sun warms it. The water cache sits behind the shelter; the fire ring is in front, nearer the creek.",2
"modus ponens, red herring",Sewing,"Greetings! I am interested in natural language processing and I was wondering if you could help me generate an example of text that illustrates multiple skills in semantics or syntax. The example should be a minimal natural piece of text with up to a few lines in the context of Sewing that illustrates all of the following skills: modus ponens, red herring. Please keep the text as short as possible, and make sure the concepts can be found fully from the text. 

For reference, here are the definitions and examples for the concepts:
**modus ponens**: A syllogism that is of the form “If P then Q. P. Hence Q.” For example, ""If today is Tuesday, then John will go to work. Today is Tuesday. Therefore, John will go to work.""
**red herring**: Introducing irrelevant points to detract attention from a question. For example, A member of the press asks the president why they voted to expand a welfare program. The president responds, ""The strength of America is the strength of its communities, and I am proud to make our communities better places.""

Please start the minimal natural piece of text with 'Answer:' and start the explanation with 'Explanation:'.

Thanks very much!","Answer: If the bobbin is empty, then the stitching will stop. The bobbin is empty. Therefore, the stitching will stop. Also, the fabric is a lovely shade of blue, which reminds me of my grandmother’s garden.

Explanation: 
- Modus ponens: “If the bobbin is empty, then the stitching will stop. The bobbin is empty. Therefore, the stitching will stop.”
- Red herring: The shift to discussing the fabric’s color and grandmother’s garden is irrelevant to the stitching stopping, distracting from the main point.","If the bobbin is empty, then the stitching will stop. The bobbin is empty. Therefore, the stitching will stop. Also, the fabric is a lovely shade of blue, which reminds me of my grandmother’s garden.",2
"modus ponens, self serving bias",Survivalism,"Greetings! I am interested in natural language processing and I was wondering if you could help me generate an example of text that illustrates multiple skills in semantics or syntax. The example should be a minimal natural piece of text with up to a few lines in the context of Survivalism that illustrates all of the following skills: modus ponens, self serving bias. Please keep the text as short as possible, and make sure the concepts can be found fully from the text. 

For reference, here are the definitions and examples for the concepts:
**modus ponens**: A syllogism that is of the form “If P then Q. P. Hence Q.” For example, ""If today is Tuesday, then John will go to work. Today is Tuesday. Therefore, John will go to work.""
**self serving bias**: A cognitive or perceptual process that is distorted by the need to maintain and enhance one’s self esteem. For example, ""If I do well on the exam, it’s because of my academic prowess and hard work. If I do poorly, it’s because the course was poorly taught, and the exam was poorly proctored.""

Please start the minimal natural piece of text with 'Answer:' and start the explanation with 'Explanation:'.

Thanks very much!","Answer: If the storm hits, then my shelter will hold. The storm hits. Therefore, my shelter holds. And when it does, it’s thanks to my superior planning—if anything fails, it’s because the cheap materials were faulty, not me.

Explanation:
- Modus ponens: “If the storm hits, then my shelter will hold. The storm hits. Therefore, my shelter holds.”
- Self-serving bias: Success attributed internally (“thanks to my superior planning”), failure attributed externally (“cheap materials were faulty”).","If the storm hits, then my shelter will hold. The storm hits. Therefore, my shelter holds. And when it does, it’s thanks to my superior planning—if anything fails, it’s because the cheap materials were faulty, not me.",2
"modus ponens, red herring",Urbanism,"Greetings! I am interested in natural language processing and I was wondering if you could help me generate an example of text that illustrates multiple skills in semantics or syntax. The example should be a minimal natural piece of text with up to a few lines in the context of Urbanism that illustrates all of the following skills: modus ponens, red herring. Please keep the text as short as possible, and make sure the concepts can be found fully from the text. 

For reference, here are the definitions and examples for the concepts:
**modus ponens**: A syllogism that is of the form “If P then Q. P. Hence Q.” For example, ""If today is Tuesday, then John will go to work. Today is Tuesday. Therefore, John will go to work.""
**red herring**: Introducing irrelevant points to detract attention from a question. For example, A member of the press asks the president why they voted to expand a welfare program. The president responds, ""The strength of America is the strength of its communities, and I am proud to make our communities better places.""

Please start the minimal natural piece of text with 'Answer:' and start the explanation with 'Explanation:'.

Thanks very much!","Answer:
If a street has continuous sidewalks, then walking to the metro will be safe. This street has continuous sidewalks. Therefore, walking to the metro will be safe. Anyway, the mayor’s favorite coffee shop has excellent latte art, which really shows how vibrant our culture is.

Explanation:
- Modus ponens: “If a street has continuous sidewalks, then walking to the metro will be safe. This street has continuous sidewalks. Therefore, walking to the metro will be safe.”
- Red herring: The shift to talking about the mayor’s favorite coffee shop and its latte art is irrelevant to the question of sidewalk continuity and pedestrian safety, diverting attention from the urban design issue.","If a street has continuous sidewalks, then walking to the metro will be safe. This street has continuous sidewalks. Therefore, walking to the metro will be safe. Anyway, the mayor’s favorite coffee shop has excellent latte art, which really shows how vibrant our culture is.",2
"modus ponens, spatial reasoning",Dueling,"Greetings! I am interested in natural language processing and I was wondering if you could help me generate an example of text that illustrates multiple skills in semantics or syntax. The example should be a minimal natural piece of text with up to a few lines in the context of Dueling that illustrates all of the following skills: modus ponens, spatial reasoning. Please keep the text as short as possible, and make sure the concepts can be found fully from the text. 

For reference, here are the definitions and examples for the concepts:
**modus ponens**: A syllogism that is of the form “If P then Q. P. Hence Q.” For example, ""If today is Tuesday, then John will go to work. Today is Tuesday. Therefore, John will go to work.""
**spatial reasoning**: The capacity to reason about the spatial relationships between objects. For example, The key fit into the box. Using spatial reasoning, one can deduce that the width of the key was smaller than the width of the box.

Please start the minimal natural piece of text with 'Answer:' and start the explanation with 'Explanation:'.

Thanks very much!","Answer:
If the duelist draws first, then the duel starts. The duelist draws first; therefore, the duel starts. He steps two paces forward, staying inside the ring; his opponent remains one pace behind the center line, so they stand three paces apart.

Explanation:
- Modus ponens: “If the duelist draws first, then the duel starts. The duelist draws first. Therefore, the duel starts.” matches the If P then Q; P; therefore Q pattern.
- Spatial reasoning: From “He steps two paces forward, staying inside the ring” and “his opponent remains one pace behind the center line,” we infer their relative positions and deduce the distance between them is three paces.","If the duelist draws first, then the duel starts. The duelist draws first; therefore, the duel starts. He steps two paces forward, staying inside the ring; his opponent remains one pace behind the center line, so they stand three paces apart.",2
"self serving bias, modus ponens",Sewing,"Greetings! I am interested in natural language processing and I was wondering if you could help me generate an example of text that illustrates multiple skills in semantics or syntax. The example should be a minimal natural piece of text with up to a few lines in the context of Sewing that illustrates all of the following skills: self serving bias, modus ponens. Please keep the text as short as possible, and make sure the concepts can be found fully from the text. 

For reference, here are the definitions and examples for the concepts:
**self serving bias**: A cognitive or perceptual process that is distorted by the need to maintain and enhance one’s self esteem. For example, ""If I do well on the exam, it’s because of my academic prowess and hard work. If I do poorly, it’s because the course was poorly taught, and the exam was poorly proctored.""
**modus ponens**: A syllogism that is of the form “If P then Q. P. Hence Q.” For example, ""If today is Tuesday, then John will go to work. Today is Tuesday. Therefore, John will go to work.""

Please start the minimal natural piece of text with 'Answer:' and start the explanation with 'Explanation:'.

Thanks very much!","Answer:
If I follow the pattern, then the dress will fit. I follow the pattern; therefore, the dress will fit. When my stitches look perfect, it’s because I’m a skilled seamstress; when they pucker, it’s only because the fabric is cheap and the machine tension is faulty.

Explanation:
- Modus ponens: “If I follow the pattern, then the dress will fit. I follow the pattern; therefore, the dress will fit.”
- Self-serving bias: Success (perfect stitches) is attributed to one’s own skill; failure (puckering) is blamed on external factors (cheap fabric, faulty tension).","If I follow the pattern, then the dress will fit. I follow the pattern; therefore, the dress will fit. When my stitches look perfect, it’s because I’m a skilled seamstress; when they pucker, it’s only because the fabric is cheap and the machine tension is faulty.",2
"red herring, modus ponens",Beekeeping,"Greetings! I am interested in natural language processing and I was wondering if you could help me generate an example of text that illustrates multiple skills in semantics or syntax. The example should be a minimal natural piece of text with up to a few lines in the context of Beekeeping that illustrates all of the following skills: red herring, modus ponens. Please keep the text as short as possible, and make sure the concepts can be found fully from the text. 

For reference, here are the definitions and examples for the concepts:
**red herring**: Introducing irrelevant points to detract attention from a question. For example, A member of the press asks the president why they voted to expand a welfare program. The president responds, ""The strength of America is the strength of its communities, and I am proud to make our communities better places.""
**modus ponens**: A syllogism that is of the form “If P then Q. P. Hence Q.” For example, ""If today is Tuesday, then John will go to work. Today is Tuesday. Therefore, John will go to work.""

Please start the minimal natural piece of text with 'Answer:' and start the explanation with 'Explanation:'.

Thanks very much!","Answer:
If the hive is queenright, then the brood will be consistent. The hive is queenright. Therefore, the brood will be consistent. Also, my veil is a lovely shade of blue, so we needn’t discuss swarm control right now.

Explanation:
- Modus ponens: “If the hive is queenright, then the brood will be consistent. The hive is queenright. Therefore, the brood will be consistent.”
- Red herring: The irrelevant remark about the veil’s color distracts from the beekeeping topic at hand (swarm control or brood consistency) and introduces an unrelated point to derail the discussion.","If the hive is queenright, then the brood will be consistent. The hive is queenright. Therefore, the brood will be consistent. Also, my veil is a lovely shade of blue, so we needn’t discuss swarm control right now.",2
"self serving bias, modus ponens",Survivalism,"Greetings! I am interested in natural language processing and I was wondering if you could help me generate an example of text that illustrates multiple skills in semantics or syntax. The example should be a minimal natural piece of text with up to a few lines in the context of Survivalism that illustrates all of the following skills: self serving bias, modus ponens. Please keep the text as short as possible, and make sure the concepts can be found fully from the text. 

For reference, here are the definitions and examples for the concepts:
**self serving bias**: A cognitive or perceptual process that is distorted by the need to maintain and enhance one’s self esteem. For example, ""If I do well on the exam, it’s because of my academic prowess and hard work. If I do poorly, it’s because the course was poorly taught, and the exam was poorly proctored.""
**modus ponens**: A syllogism that is of the form “If P then Q. P. Hence Q.” For example, ""If today is Tuesday, then John will go to work. Today is Tuesday. Therefore, John will go to work.""

Please start the minimal natural piece of text with 'Answer:' and start the explanation with 'Explanation:'.

Thanks very much!","Answer:
If supplies run low, then we move to the river camp. Supplies are low; therefore, we move to the river camp. And when our last hunt succeeded, it was because I planned it perfectly—but when yesterday’s trap failed, the storm ruined it.

Explanation:
- Modus ponens: “If supplies run low, then we move to the river camp. Supplies are low; therefore, we move to the river camp.” This follows the form If P then Q. P. Hence Q.
- Self-serving bias: The speaker credits success to personal skill (“I planned it perfectly”) and blames failure on external factors (“the storm ruined it”), showing the bias within a survivalism context.","If supplies run low, then we move to the river camp. Supplies are low; therefore, we move to the river camp. And when our last hunt succeeded, it was because I planned it perfectly—but when yesterday’s trap failed, the storm ruined it.",2
"red herring, modus ponens",The Ottoman Empire,"Greetings! I am interested in natural language processing and I was wondering if you could help me generate an example of text that illustrates multiple skills in semantics or syntax. The example should be a minimal natural piece of text with up to a few lines in the context of The Ottoman Empire that illustrates all of the following skills: red herring, modus ponens. Please keep the text as short as possible, and make sure the concepts can be found fully from the text. 

For reference, here are the definitions and examples for the concepts:
**red herring**: Introducing irrelevant points to detract attention from a question. For example, A member of the press asks the president why they voted to expand a welfare program. The president responds, ""The strength of America is the strength of its communities, and I am proud to make our communities better places.""
**modus ponens**: A syllogism that is of the form “If P then Q. P. Hence Q.” For example, ""If today is Tuesday, then John will go to work. Today is Tuesday. Therefore, John will go to work.""

Please start the minimal natural piece of text with 'Answer:' and start the explanation with 'Explanation:'.

Thanks very much!","Answer:
Vizier: If the sultan issues a firman, then the tax will be raised. The sultan issued a firman; therefore, the tax will be raised.
Courtier: But think of the delicious dates from Basra and the beauty of the Bosphorus sunsets—surely the people will be content.

Explanation:
- Modus ponens: “If the sultan issues a firman, then the tax will be raised. The sultan issued a firman. Therefore, the tax will be raised.”
- Red herring: The courtier distracts from the tax question by bringing up irrelevant pleasures (dates and sunsets).","Vizier: If the sultan issues a firman, then the tax will be raised. The sultan issued a firman; therefore, the tax will be raised.
Courtier: But think of the delicious dates from Basra and the beauty of the Bosphorus sunsets—surely the people will be content.",2
"spatial reasoning, modus ponens",Urbanism,"Greetings! I am interested in natural language processing and I was wondering if you could help me generate an example of text that illustrates multiple skills in semantics or syntax. The example should be a minimal natural piece of text with up to a few lines in the context of Urbanism that illustrates all of the following skills: spatial reasoning, modus ponens. Please keep the text as short as possible, and make sure the concepts can be found fully from the text. 

For reference, here are the definitions and examples for the concepts:
**spatial reasoning**: The capacity to reason about the spatial relationships between objects. For example, The key fit into the box. Using spatial reasoning, one can deduce that the width of the key was smaller than the width of the box.
**modus ponens**: A syllogism that is of the form “If P then Q. P. Hence Q.” For example, ""If today is Tuesday, then John will go to work. Today is Tuesday. Therefore, John will go to work.""

Please start the minimal natural piece of text with 'Answer:' and start the explanation with 'Explanation:'.

Thanks very much!","Answer: If a park is built north of the school, then the pedestrian path will connect them. The park is built north of the school. Therefore, the pedestrian path connects the park and the school. The bike racks are placed between the school and the park, closer to the school than to the park.

Explanation:
- Modus ponens: “If a park is built north of the school, then the pedestrian path will connect them. The park is built north of the school. Therefore, the pedestrian path connects the park and the school.”
- Spatial reasoning: From “park is built north of the school,” we infer a north–south spatial relation; “bike racks are placed between the school and the park, closer to the school” establishes relative positions and distances along that line.","If a park is built north of the school, then the pedestrian path will connect them. The park is built north of the school. Therefore, the pedestrian path connects the park and the school. The bike racks are placed between the school and the park, closer to the school than to the park.",2
"folk physics (common knowledge physics), modus ponens",Survivalism,"Greetings! I am interested in natural language processing and I was wondering if you could help me generate an example of text that illustrates multiple skills in semantics or syntax. The example should be a minimal natural piece of text with up to a few lines in the context of Survivalism that illustrates all of the following skills: folk physics (common knowledge physics), modus ponens. Please keep the text as short as possible, and make sure the concepts can be found fully from the text. 

For reference, here are the definitions and examples for the concepts:
**folk physics (common knowledge physics)**: The untrained human perception of basic physical phenomena. For example, ""If I roll the pen off of the table, it will fall to the floor.""
**modus ponens**: A syllogism that is of the form “If P then Q. P. Hence Q.” For example, ""If today is Tuesday, then John will go to work. Today is Tuesday. Therefore, John will go to work.""

Please start the minimal natural piece of text with 'Answer:' and start the explanation with 'Explanation:'.

Thanks very much!","Answer:
If the fire dries the damp tinder, then it will catch and keep me warm. The fire dries the damp tinder. Therefore, it will catch and keep me warm. If I drop the full canteen, it will fall and may split on the rocks.

Explanation:
- Modus ponens: “If the fire dries the damp tinder, then it will catch and keep me warm. The fire dries the damp tinder. Therefore, it will catch and keep me warm.”
- Folk physics: “If I drop the full canteen, it will fall and may split on the rocks.” This relies on everyday understanding of gravity and impact.","If the fire dries the damp tinder, then it will catch and keep me warm. The fire dries the damp tinder. Therefore, it will catch and keep me warm. If I drop the full canteen, it will fall and may split on the rocks.",2
"modus ponens, self serving bias",Sewing,"Greetings! I am interested in natural language processing and I was wondering if you could help me generate an example of text that illustrates multiple skills in semantics or syntax. The example should be a minimal natural piece of text with up to a few lines in the context of Sewing that illustrates all of the following skills: modus ponens, self serving bias. Please keep the text as short as possible, and make sure the concepts can be found fully from the text. 

For reference, here are the definitions and examples for the concepts:
**modus ponens**: A syllogism that is of the form “If P then Q. P. Hence Q.” For example, ""If today is Tuesday, then John will go to work. Today is Tuesday. Therefore, John will go to work.""
**self serving bias**: A cognitive or perceptual process that is distorted by the need to maintain and enhance one’s self esteem. For example, ""If I do well on the exam, it’s because of my academic prowess and hard work. If I do poorly, it’s because the course was poorly taught, and the exam was poorly proctored.""

Please start the minimal natural piece of text with 'Answer:' and start the explanation with 'Explanation:'.

Thanks very much!","Answer:
If a hem is even, then the dress will hang straight. This hem is even; therefore, the dress will hang straight. And if the stitches look messy, it’s only because the fabric was flimsy—when my seams look good, that’s due to my excellent technique.

Explanation:
- Modus ponens: “If a hem is even, then the dress will hang straight. This hem is even; therefore, the dress will hang straight.”
- Self-serving bias: Claims success (good seams) is due to personal skill (“my excellent technique”) while blaming flaws (messy stitches) on external factors (“the fabric was flimsy”).","If a hem is even, then the dress will hang straight. This hem is even; therefore, the dress will hang straight. And if the stitches look messy, it’s only because the fabric was flimsy—when my seams look good, that’s due to my excellent technique.",2
"modus ponens, folk physics (common knowledge physics)",Survivalism,"Greetings! I am interested in natural language processing and I was wondering if you could help me generate an example of text that illustrates multiple skills in semantics or syntax. The example should be a minimal natural piece of text with up to a few lines in the context of Survivalism that illustrates all of the following skills: modus ponens, folk physics (common knowledge physics). Please keep the text as short as possible, and make sure the concepts can be found fully from the text. 

For reference, here are the definitions and examples for the concepts:
**modus ponens**: A syllogism that is of the form “If P then Q. P. Hence Q.” For example, ""If today is Tuesday, then John will go to work. Today is Tuesday. Therefore, John will go to work.""
**folk physics (common knowledge physics)**: The untrained human perception of basic physical phenomena. For example, ""If I roll the pen off of the table, it will fall to the floor.""

Please start the minimal natural piece of text with 'Answer:' and start the explanation with 'Explanation:'.

Thanks very much!","Answer:
If the pot boils, the lid will rattle. The pot boils, so the lid rattles. If I drop the knife, it will fall to the ground. I drop the knife, so it falls.

Explanation:
- Modus ponens: “If the pot boils, the lid will rattle. The pot boils. Therefore, the lid rattles.” and “If I drop the knife, it will fall. I drop the knife. Therefore, it falls.”
- Folk physics: The statements rely on common physical expectations—boiling causes steam pressure that rattles a lid, and dropped objects fall to the ground.","If the pot boils, the lid will rattle. The pot boils, so the lid rattles. If I drop the knife, it will fall to the ground. I drop the knife, so it falls.",2
"red herring, modus ponens",Dueling,"Greetings! I am interested in natural language processing and I was wondering if you could help me generate an example of text that illustrates multiple skills in semantics or syntax. The example should be a minimal natural piece of text with up to a few lines in the context of Dueling that illustrates all of the following skills: red herring, modus ponens. Please keep the text as short as possible, and make sure the concepts can be found fully from the text. 

For reference, here are the definitions and examples for the concepts:
**red herring**: Introducing irrelevant points to detract attention from a question. For example, A member of the press asks the president why they voted to expand a welfare program. The president responds, ""The strength of America is the strength of its communities, and I am proud to make our communities better places.""
**modus ponens**: A syllogism that is of the form “If P then Q. P. Hence Q.” For example, ""If today is Tuesday, then John will go to work. Today is Tuesday. Therefore, John will go to work.""

Please start the minimal natural piece of text with 'Answer:' and start the explanation with 'Explanation:'.

Thanks very much!","Answer:
Seconds before the duel, Mara says, “If the challenger steps onto the chalked circle, the duel must begin. The challenger has stepped onto the chalked circle; therefore, the duel must begin.” Her opponent retorts, “But consider the elegance of my cape and the history of my family crest—surely that matters now.”

Explanation:
- Modus ponens: “If the challenger steps onto the chalked circle, the duel must begin. The challenger has stepped onto the chalked circle; therefore, the duel must begin.” This matches the form: If P then Q. P. Therefore Q.
- Red herring: The opponent’s reply about “the elegance of my cape and the history of my family crest” is irrelevant to whether the duel must begin, distracting from the central issue.","Seconds before the duel, Mara says, “If the challenger steps onto the chalked circle, the duel must begin. The challenger has stepped onto the chalked circle; therefore, the duel must begin.” Her opponent retorts, “But consider the elegance of my cape and the history of my family crest—surely that matters now.”",2
"spatial reasoning, modus ponens",Dueling,"Greetings! I am interested in natural language processing and I was wondering if you could help me generate an example of text that illustrates multiple skills in semantics or syntax. The example should be a minimal natural piece of text with up to a few lines in the context of Dueling that illustrates all of the following skills: spatial reasoning, modus ponens. Please keep the text as short as possible, and make sure the concepts can be found fully from the text. 

For reference, here are the definitions and examples for the concepts:
**spatial reasoning**: The capacity to reason about the spatial relationships between objects. For example, The key fit into the box. Using spatial reasoning, one can deduce that the width of the key was smaller than the width of the box.
**modus ponens**: A syllogism that is of the form “If P then Q. P. Hence Q.” For example, ""If today is Tuesday, then John will go to work. Today is Tuesday. Therefore, John will go to work.""

Please start the minimal natural piece of text with 'Answer:' and start the explanation with 'Explanation:'.

Thanks very much!","Answer: The duelist said, “If I step inside the circle, then the duel begins. I step inside the circle.” He planted his foot within the chalk ring, to the left of his opponent’s blade tip. The duel began.

Explanation:
- Modus ponens: The text provides “If I step inside the circle, then the duel begins” (If P then Q) and “I step inside the circle” (P), leading to “The duel began” (Therefore Q).
- Spatial reasoning: The description “inside the circle” and “to the left of his opponent’s blade tip” specifies spatial relations (inside vs. outside, left vs. right), allowing the reader to reason about positions in space.","The duelist said, “If I step inside the circle, then the duel begins. I step inside the circle.” He planted his foot within the chalk ring, to the left of his opponent’s blade tip. The duel began.",2
"modus ponens, self serving bias",Dueling,"Greetings! I am interested in natural language processing and I was wondering if you could help me generate an example of text that illustrates multiple skills in semantics or syntax. The example should be a minimal natural piece of text with up to a few lines in the context of Dueling that illustrates all of the following skills: modus ponens, self serving bias. Please keep the text as short as possible, and make sure the concepts can be found fully from the text. 

For reference, here are the definitions and examples for the concepts:
**modus ponens**: A syllogism that is of the form “If P then Q. P. Hence Q.” For example, ""If today is Tuesday, then John will go to work. Today is Tuesday. Therefore, John will go to work.""
**self serving bias**: A cognitive or perceptual process that is distorted by the need to maintain and enhance one’s self esteem. For example, ""If I do well on the exam, it’s because of my academic prowess and hard work. If I do poorly, it’s because the course was poorly taught, and the exam was poorly proctored.""

Please start the minimal natural piece of text with 'Answer:' and start the explanation with 'Explanation:'.

Thanks very much!","Answer:
“If my blade strikes first, I win the duel. My blade strikes first. Therefore, I win.” And if I do win, it’s proof of my unmatched skill—but if I somehow lose, it’s only because the sun was in my eyes and the referee was biased.

Explanation:
- Modus ponens: “If my blade strikes first, I win the duel. My blade strikes first. Therefore, I win.”
- Self-serving bias: Success attributed to personal skill (“proof of my unmatched skill”); failure attributed to external factors (“the sun was in my eyes,” “the referee was biased”).","“If my blade strikes first, I win the duel. My blade strikes first. Therefore, I win.” And if I do win, it’s proof of my unmatched skill—but if I somehow lose, it’s only because the sun was in my eyes and the referee was biased.",2
"modus ponens, folk physics (common knowledge physics)",Urbanism,"Greetings! I am interested in natural language processing and I was wondering if you could help me generate an example of text that illustrates multiple skills in semantics or syntax. The example should be a minimal natural piece of text with up to a few lines in the context of Urbanism that illustrates all of the following skills: modus ponens, folk physics (common knowledge physics). Please keep the text as short as possible, and make sure the concepts can be found fully from the text. 

For reference, here are the definitions and examples for the concepts:
**modus ponens**: A syllogism that is of the form “If P then Q. P. Hence Q.” For example, ""If today is Tuesday, then John will go to work. Today is Tuesday. Therefore, John will go to work.""
**folk physics (common knowledge physics)**: The untrained human perception of basic physical phenomena. For example, ""If I roll the pen off of the table, it will fall to the floor.""

Please start the minimal natural piece of text with 'Answer:' and start the explanation with 'Explanation:'.

Thanks very much!","Answer:
If a street is closed to cars, then children can play there safely. The city has closed Elm Street to cars, so children can play there safely. If a ball rolls off the curb, it will drop to the roadway; a kid stops it before it falls.

Explanation:
- Modus ponens: “If a street is closed to cars, then children can play there safely. The city has closed Elm Street to cars, so children can play there safely.” This matches the form: If P then Q. P. Therefore Q.
- Folk physics: “If a ball rolls off the curb, it will drop to the roadway; a kid stops it before it falls.” This relies on common-sense physics about gravity and rolling objects falling off edges.","If a street is closed to cars, then children can play there safely. The city has closed Elm Street to cars, so children can play there safely. If a ball rolls off the curb, it will drop to the roadway; a kid stops it before it falls.",2
"modus ponens, red herring",Guerilla warfare,"Greetings! I am interested in natural language processing and I was wondering if you could help me generate an example of text that illustrates multiple skills in semantics or syntax. The example should be a minimal natural piece of text with up to a few lines in the context of Guerilla warfare that illustrates all of the following skills: modus ponens, red herring. Please keep the text as short as possible, and make sure the concepts can be found fully from the text. 

For reference, here are the definitions and examples for the concepts:
**modus ponens**: A syllogism that is of the form “If P then Q. P. Hence Q.” For example, ""If today is Tuesday, then John will go to work. Today is Tuesday. Therefore, John will go to work.""
**red herring**: Introducing irrelevant points to detract attention from a question. For example, A member of the press asks the president why they voted to expand a welfare program. The president responds, ""The strength of America is the strength of its communities, and I am proud to make our communities better places.""

Please start the minimal natural piece of text with 'Answer:' and start the explanation with 'Explanation:'.

Thanks very much!","Answer:
If the scouts spotted patrols at the pass, then we ambush at dawn. The scouts spotted patrols at the pass—therefore we ambush at dawn. By the way, the enemy’s uniforms are a dreary shade of gray, which really says a lot about their fashion sense.

Explanation:
- Modus ponens: “If the scouts spotted patrols at the pass, then we ambush at dawn. The scouts spotted patrols at the pass—therefore we ambush at dawn.”
- Red herring: The sudden shift to commenting on the enemy’s uniform color and fashion is irrelevant to the tactical decision and distracts from it.","If the scouts spotted patrols at the pass, then we ambush at dawn. The scouts spotted patrols at the pass—therefore we ambush at dawn. By the way, the enemy’s uniforms are a dreary shade of gray, which really says a lot about their fashion sense.",2
"modus ponens, folk physics (common knowledge physics)",Urbanism,"Greetings! I am interested in natural language processing and I was wondering if you could help me generate an example of text that illustrates multiple skills in semantics or syntax. The example should be a minimal natural piece of text with up to a few lines in the context of Urbanism that illustrates all of the following skills: modus ponens, folk physics (common knowledge physics). Please keep the text as short as possible, and make sure the concepts can be found fully from the text. 

For reference, here are the definitions and examples for the concepts:
**modus ponens**: A syllogism that is of the form “If P then Q. P. Hence Q.” For example, ""If today is Tuesday, then John will go to work. Today is Tuesday. Therefore, John will go to work.""
**folk physics (common knowledge physics)**: The untrained human perception of basic physical phenomena. For example, ""If I roll the pen off of the table, it will fall to the floor.""

Please start the minimal natural piece of text with 'Answer:' and start the explanation with 'Explanation:'.

Thanks very much!","Answer: If a street is blocked, then cars must turn away. The street is blocked. Therefore, cars must turn away. If a bike rolls down the steep hill, it will pick up speed.

Explanation: 
- Modus ponens: “If a street is blocked, then cars must turn away. The street is blocked. Therefore, cars must turn away.” follows the form If P then Q; P; therefore Q.
- Folk physics: “If a bike rolls down the steep hill, it will pick up speed.” reflects common knowledge about gravity and motion.","If a street is blocked, then cars must turn away. The street is blocked. Therefore, cars must turn away. If a bike rolls down the steep hill, it will pick up speed.",2
"modus ponens, self serving bias",Dueling,"Greetings! I am interested in natural language processing and I was wondering if you could help me generate an example of text that illustrates multiple skills in semantics or syntax. The example should be a minimal natural piece of text with up to a few lines in the context of Dueling that illustrates all of the following skills: modus ponens, self serving bias. Please keep the text as short as possible, and make sure the concepts can be found fully from the text. 

For reference, here are the definitions and examples for the concepts:
**modus ponens**: A syllogism that is of the form “If P then Q. P. Hence Q.” For example, ""If today is Tuesday, then John will go to work. Today is Tuesday. Therefore, John will go to work.""
**self serving bias**: A cognitive or perceptual process that is distorted by the need to maintain and enhance one’s self esteem. For example, ""If I do well on the exam, it’s because of my academic prowess and hard work. If I do poorly, it’s because the course was poorly taught, and the exam was poorly proctored.""

Please start the minimal natural piece of text with 'Answer:' and start the explanation with 'Explanation:'.

Thanks very much!","Answer: If I win this duel, it proves my superior skill. I will win this duel; therefore, it proves my superior skill. And if I lose, it’s only because the judge was biased and the weather was awful.

Explanation: 
- Modus ponens appears in the structure: “If I win this duel, it proves my superior skill. I will win this duel; therefore, it proves my superior skill.”
- Self-serving bias appears in attributing success to personal skill (“proves my superior skill”) and attributing failure to external factors (“the judge was biased and the weather was awful”).","If I win this duel, it proves my superior skill. I will win this duel; therefore, it proves my superior skill. And if I lose, it’s only because the judge was biased and the weather was awful.",2
"modus ponens, spatial reasoning",The Ottoman Empire,"Greetings! I am interested in natural language processing and I was wondering if you could help me generate an example of text that illustrates multiple skills in semantics or syntax. The example should be a minimal natural piece of text with up to a few lines in the context of The Ottoman Empire that illustrates all of the following skills: modus ponens, spatial reasoning. Please keep the text as short as possible, and make sure the concepts can be found fully from the text. 

For reference, here are the definitions and examples for the concepts:
**modus ponens**: A syllogism that is of the form “If P then Q. P. Hence Q.” For example, ""If today is Tuesday, then John will go to work. Today is Tuesday. Therefore, John will go to work.""
**spatial reasoning**: The capacity to reason about the spatial relationships between objects. For example, The key fit into the box. Using spatial reasoning, one can deduce that the width of the key was smaller than the width of the box.

Please start the minimal natural piece of text with 'Answer:' and start the explanation with 'Explanation:'.

Thanks very much!","Answer: In the Ottoman Empire, if a fortress controlled the strait, then the fleet could pass. The Rumelian fortress stands above the narrowest point of the Bosphorus, and it controls the strait. Therefore, the fleet could pass. Since the fortress overlooks and commands the channel, ships must be narrower than the channel to pass through.

Explanation:
- Modus ponens: “If a fortress controlled the strait, then the fleet could pass. The fortress controls the strait. Therefore, the fleet could pass.”
- Spatial reasoning: From “the fortress stands above the narrowest point of the Bosphorus” and “ships pass through the channel,” we infer that each ship’s width must be less than the channel’s width to fit through.","In the Ottoman Empire, if a fortress controlled the strait, then the fleet could pass. The Rumelian fortress stands above the narrowest point of the Bosphorus, and it controls the strait. Therefore, the fleet could pass. Since the fortress overlooks and commands the channel, ships must be narrower than the channel to pass through.",2
"folk physics (common knowledge physics), modus ponens",Sewing,"Greetings! I am interested in natural language processing and I was wondering if you could help me generate an example of text that illustrates multiple skills in semantics or syntax. The example should be a minimal natural piece of text with up to a few lines in the context of Sewing that illustrates all of the following skills: folk physics (common knowledge physics), modus ponens. Please keep the text as short as possible, and make sure the concepts can be found fully from the text. 

For reference, here are the definitions and examples for the concepts:
**folk physics (common knowledge physics)**: The untrained human perception of basic physical phenomena. For example, ""If I roll the pen off of the table, it will fall to the floor.""
**modus ponens**: A syllogism that is of the form “If P then Q. P. Hence Q.” For example, ""If today is Tuesday, then John will go to work. Today is Tuesday. Therefore, John will go to work.""

Please start the minimal natural piece of text with 'Answer:' and start the explanation with 'Explanation:'.

Thanks very much!","Answer:
If I pull the thread taut, the fabric will pucker. I pull the thread taut. Therefore, the fabric puckers.
If the needle is blunt, it won’t pierce thick denim. The needle is blunt. Therefore, it won’t pierce thick denim.

Explanation:
- Modus ponens: Each pair follows “If P then Q. P. Therefore Q.”
  - If I pull the thread taut, the fabric will pucker; I pull the thread taut; therefore, puckering.
  - If the needle is blunt, it won’t pierce thick denim; the needle is blunt; therefore, no piercing.
- Folk physics: The text relies on everyday physical understanding:
  - Tight thread causes fabric to gather/pucker.
  - A blunt needle cannot penetrate thick material.","If I pull the thread taut, the fabric will pucker. I pull the thread taut. Therefore, the fabric puckers.
If the needle is blunt, it won’t pierce thick denim. The needle is blunt. Therefore, it won’t pierce thick denim.",2
"modus ponens, spatial reasoning",Beekeeping,"Greetings! I am interested in natural language processing and I was wondering if you could help me generate an example of text that illustrates multiple skills in semantics or syntax. The example should be a minimal natural piece of text with up to a few lines in the context of Beekeeping that illustrates all of the following skills: modus ponens, spatial reasoning. Please keep the text as short as possible, and make sure the concepts can be found fully from the text. 

For reference, here are the definitions and examples for the concepts:
**modus ponens**: A syllogism that is of the form “If P then Q. P. Hence Q.” For example, ""If today is Tuesday, then John will go to work. Today is Tuesday. Therefore, John will go to work.""
**spatial reasoning**: The capacity to reason about the spatial relationships between objects. For example, The key fit into the box. Using spatial reasoning, one can deduce that the width of the key was smaller than the width of the box.

Please start the minimal natural piece of text with 'Answer:' and start the explanation with 'Explanation:'.

Thanks very much!","Answer: If the hive stands are level, then the brood frames hang straight. The stands are level. Therefore, the brood frames hang straight. Since the queen cell is below the midpoint of the lower frame bar, it must be closer to the bottom board than to the hive roof.

Explanation: 
- Modus ponens: “If the hive stands are level, then the brood frames hang straight. The stands are level. Therefore, the brood frames hang straight.”
- Spatial reasoning: From “the queen cell is below the midpoint of the lower frame bar,” we infer its vertical position is nearer the bottom board than the roof, establishing relative spatial relationships inside the hive.","If the hive stands are level, then the brood frames hang straight. The stands are level. Therefore, the brood frames hang straight. Since the queen cell is below the midpoint of the lower frame bar, it must be closer to the bottom board than to the hive roof.",2
"modus ponens, folk physics (common knowledge physics)",Dueling,"Greetings! I am interested in natural language processing and I was wondering if you could help me generate an example of text that illustrates multiple skills in semantics or syntax. The example should be a minimal natural piece of text with up to a few lines in the context of Dueling that illustrates all of the following skills: modus ponens, folk physics (common knowledge physics). Please keep the text as short as possible, and make sure the concepts can be found fully from the text. 

For reference, here are the definitions and examples for the concepts:
**modus ponens**: A syllogism that is of the form “If P then Q. P. Hence Q.” For example, ""If today is Tuesday, then John will go to work. Today is Tuesday. Therefore, John will go to work.""
**folk physics (common knowledge physics)**: The untrained human perception of basic physical phenomena. For example, ""If I roll the pen off of the table, it will fall to the floor.""

Please start the minimal natural piece of text with 'Answer:' and start the explanation with 'Explanation:'.

Thanks very much!","Answer:
If a sword is heavier than a feather, then it will fall faster when dropped. The sword is heavier than the feather. Therefore, when both are dropped, the sword falls faster. The duelist flips both from the balcony and watches the sword hit the ground first.

Explanation:
- Modus ponens: “If a sword is heavier than a feather, then it will fall faster when dropped. The sword is heavier than the feather. Therefore, … the sword falls faster.”
- Folk physics: The expectation that heavier objects fall faster and the observation of the sword hitting the ground first reflect common-sense physics.","If a sword is heavier than a feather, then it will fall faster when dropped. The sword is heavier than the feather. Therefore, when both are dropped, the sword falls faster. The duelist flips both from the balcony and watches the sword hit the ground first.",2
"self serving bias, modus ponens",Dueling,"Greetings! I am interested in natural language processing and I was wondering if you could help me generate an example of text that illustrates multiple skills in semantics or syntax. The example should be a minimal natural piece of text with up to a few lines in the context of Dueling that illustrates all of the following skills: self serving bias, modus ponens. Please keep the text as short as possible, and make sure the concepts can be found fully from the text. 

For reference, here are the definitions and examples for the concepts:
**self serving bias**: A cognitive or perceptual process that is distorted by the need to maintain and enhance one’s self esteem. For example, ""If I do well on the exam, it’s because of my academic prowess and hard work. If I do poorly, it’s because the course was poorly taught, and the exam was poorly proctored.""
**modus ponens**: A syllogism that is of the form “If P then Q. P. Hence Q.” For example, ""If today is Tuesday, then John will go to work. Today is Tuesday. Therefore, John will go to work.""

Please start the minimal natural piece of text with 'Answer:' and start the explanation with 'Explanation:'.

Thanks very much!","Answer:
“If I win the duel, it proves my superior skill; if I lose, the sun was in my eyes and the judge was biased. If a challenger insults my honor, then I must duel. The challenger insulted my honor. Therefore, I must duel.”

Explanation:
- Self-serving bias: The speaker credits a win to “superior skill” (internal cause) and blames a loss on “the sun” and “the judge” (external causes).
- Modus ponens: If a challenger insults my honor (P), then I must duel (Q). The challenger insulted my honor (P). Therefore, I must duel (Q).","“If I win the duel, it proves my superior skill; if I lose, the sun was in my eyes and the judge was biased. If a challenger insults my honor, then I must duel. The challenger insulted my honor. Therefore, I must duel.”",2
"modus ponens, self serving bias",Guerilla warfare,"Greetings! I am interested in natural language processing and I was wondering if you could help me generate an example of text that illustrates multiple skills in semantics or syntax. The example should be a minimal natural piece of text with up to a few lines in the context of Guerilla warfare that illustrates all of the following skills: modus ponens, self serving bias. Please keep the text as short as possible, and make sure the concepts can be found fully from the text. 

For reference, here are the definitions and examples for the concepts:
**modus ponens**: A syllogism that is of the form “If P then Q. P. Hence Q.” For example, ""If today is Tuesday, then John will go to work. Today is Tuesday. Therefore, John will go to work.""
**self serving bias**: A cognitive or perceptual process that is distorted by the need to maintain and enhance one’s self esteem. For example, ""If I do well on the exam, it’s because of my academic prowess and hard work. If I do poorly, it’s because the course was poorly taught, and the exam was poorly proctored.""

Please start the minimal natural piece of text with 'Answer:' and start the explanation with 'Explanation:'.

Thanks very much!","Answer:
If our scouts spot the convoy, then our ambush will succeed. Our scouts spotted the convoy. Therefore, our ambush will succeed. And if it does, it’s because of my brilliant plan—but if it fails, it’s only because the terrain betrayed us.

Explanation:
- Modus ponens: “If our scouts spot the convoy, then our ambush will succeed. Our scouts spotted the convoy. Therefore, our ambush will succeed.”
- Self-serving bias: Success attributed internally (“because of my brilliant plan”), failure attributed externally (“because the terrain betrayed us”).","If our scouts spot the convoy, then our ambush will succeed. Our scouts spotted the convoy. Therefore, our ambush will succeed. And if it does, it’s because of my brilliant plan—but if it fails, it’s only because the terrain betrayed us.",2
"red herring, modus ponens",Urbanism,"Greetings! I am interested in natural language processing and I was wondering if you could help me generate an example of text that illustrates multiple skills in semantics or syntax. The example should be a minimal natural piece of text with up to a few lines in the context of Urbanism that illustrates all of the following skills: red herring, modus ponens. Please keep the text as short as possible, and make sure the concepts can be found fully from the text. 

For reference, here are the definitions and examples for the concepts:
**red herring**: Introducing irrelevant points to detract attention from a question. For example, A member of the press asks the president why they voted to expand a welfare program. The president responds, ""The strength of America is the strength of its communities, and I am proud to make our communities better places.""
**modus ponens**: A syllogism that is of the form “If P then Q. P. Hence Q.” For example, ""If today is Tuesday, then John will go to work. Today is Tuesday. Therefore, John will go to work.""

Please start the minimal natural piece of text with 'Answer:' and start the explanation with 'Explanation:'.

Thanks very much!","Answer:
If a street has trees, then pedestrians feel safer. This street has trees. Therefore, pedestrians feel safer. By the way, the mayor’s favorite coffee shop is on the next block, which has nothing to do with whether the street design works.

Explanation:
- Modus ponens: “If a street has trees, then pedestrians feel safer. This street has trees. Therefore, pedestrians feel safer.”
- Red herring: The remark about the mayor’s favorite coffee shop distracts from the street-design argument and is irrelevant to the safety claim.","If a street has trees, then pedestrians feel safer. This street has trees. Therefore, pedestrians feel safer. By the way, the mayor’s favorite coffee shop is on the next block, which has nothing to do with whether the street design works.",2
"self serving bias, modus ponens",The Ottoman Empire,"Greetings! I am interested in natural language processing and I was wondering if you could help me generate an example of text that illustrates multiple skills in semantics or syntax. The example should be a minimal natural piece of text with up to a few lines in the context of The Ottoman Empire that illustrates all of the following skills: self serving bias, modus ponens. Please keep the text as short as possible, and make sure the concepts can be found fully from the text. 

For reference, here are the definitions and examples for the concepts:
**self serving bias**: A cognitive or perceptual process that is distorted by the need to maintain and enhance one’s self esteem. For example, ""If I do well on the exam, it’s because of my academic prowess and hard work. If I do poorly, it’s because the course was poorly taught, and the exam was poorly proctored.""
**modus ponens**: A syllogism that is of the form “If P then Q. P. Hence Q.” For example, ""If today is Tuesday, then John will go to work. Today is Tuesday. Therefore, John will go to work.""

Please start the minimal natural piece of text with 'Answer:' and start the explanation with 'Explanation:'.

Thanks very much!","Answer:
If the sultan decrees a campaign, then our fleet sails. The sultan decrees a campaign; therefore, our fleet sails. When we triumph, it proves my brilliant command—when we falter, the winds of the Bosporus and the vizier’s poor supplies are to blame.

Explanation:
- Modus ponens is shown by: ""If the sultan decrees a campaign, then our fleet sails. The sultan decrees a campaign; therefore, our fleet sails.""
- Self-serving bias is shown by attributing success to personal brilliance and failure to external factors: ""When we triumph, it proves my brilliant command—when we falter, the winds of the Bosporus and the vizier’s poor supplies are to blame.""","If the sultan decrees a campaign, then our fleet sails. The sultan decrees a campaign; therefore, our fleet sails. When we triumph, it proves my brilliant command—when we falter, the winds of the Bosporus and the vizier’s poor supplies are to blame.",2
"modus ponens, red herring",Dueling,"Greetings! I am interested in natural language processing and I was wondering if you could help me generate an example of text that illustrates multiple skills in semantics or syntax. The example should be a minimal natural piece of text with up to a few lines in the context of Dueling that illustrates all of the following skills: modus ponens, red herring. Please keep the text as short as possible, and make sure the concepts can be found fully from the text. 

For reference, here are the definitions and examples for the concepts:
**modus ponens**: A syllogism that is of the form “If P then Q. P. Hence Q.” For example, ""If today is Tuesday, then John will go to work. Today is Tuesday. Therefore, John will go to work.""
**red herring**: Introducing irrelevant points to detract attention from a question. For example, A member of the press asks the president why they voted to expand a welfare program. The president responds, ""The strength of America is the strength of its communities, and I am proud to make our communities better places.""

Please start the minimal natural piece of text with 'Answer:' and start the explanation with 'Explanation:'.

Thanks very much!","Answer:
If a challenger insults my honor, then I must duel them. The challenger insulted my honor. Therefore, I must duel them. Anyway, have you noticed how splendid the sunset looks over the arena banners?

Explanation:
- Modus ponens: “If a challenger insults my honor, then I must duel them. The challenger insulted my honor. Therefore, I must duel them.”
- Red herring: The shift to “have you noticed how splendid the sunset looks over the arena banners?” introduces an irrelevant topic to divert attention from the duel decision.","If a challenger insults my honor, then I must duel them. The challenger insulted my honor. Therefore, I must duel them. Anyway, have you noticed how splendid the sunset looks over the arena banners?",2
"self serving bias, modus ponens",Beekeeping,"Greetings! I am interested in natural language processing and I was wondering if you could help me generate an example of text that illustrates multiple skills in semantics or syntax. The example should be a minimal natural piece of text with up to a few lines in the context of Beekeeping that illustrates all of the following skills: self serving bias, modus ponens. Please keep the text as short as possible, and make sure the concepts can be found fully from the text. 

For reference, here are the definitions and examples for the concepts:
**self serving bias**: A cognitive or perceptual process that is distorted by the need to maintain and enhance one’s self esteem. For example, ""If I do well on the exam, it’s because of my academic prowess and hard work. If I do poorly, it’s because the course was poorly taught, and the exam was poorly proctored.""
**modus ponens**: A syllogism that is of the form “If P then Q. P. Hence Q.” For example, ""If today is Tuesday, then John will go to work. Today is Tuesday. Therefore, John will go to work.""

Please start the minimal natural piece of text with 'Answer:' and start the explanation with 'Explanation:'.

Thanks very much!","Answer:
If the queen is healthy, then the hive will thrive. The queen is healthy, so the hive will thrive. When my hive produces a bumper crop, it’s thanks to my careful management; when yields dip, it’s just the weather’s fault.

Explanation:
- Modus ponens: “If the queen is healthy, then the hive will thrive. The queen is healthy. Therefore, the hive will thrive.”
- Self-serving bias: Success (bumper crop) is attributed to the speaker’s skill (“my careful management”), while failure (yields dip) is blamed on external factors (“the weather’s fault”).","If the queen is healthy, then the hive will thrive. The queen is healthy, so the hive will thrive. When my hive produces a bumper crop, it’s thanks to my careful management; when yields dip, it’s just the weather’s fault.",2
"folk physics (common knowledge physics), modus ponens",Urbanism,"Greetings! I am interested in natural language processing and I was wondering if you could help me generate an example of text that illustrates multiple skills in semantics or syntax. The example should be a minimal natural piece of text with up to a few lines in the context of Urbanism that illustrates all of the following skills: folk physics (common knowledge physics), modus ponens. Please keep the text as short as possible, and make sure the concepts can be found fully from the text. 

For reference, here are the definitions and examples for the concepts:
**folk physics (common knowledge physics)**: The untrained human perception of basic physical phenomena. For example, ""If I roll the pen off of the table, it will fall to the floor.""
**modus ponens**: A syllogism that is of the form “If P then Q. P. Hence Q.” For example, ""If today is Tuesday, then John will go to work. Today is Tuesday. Therefore, John will go to work.""

Please start the minimal natural piece of text with 'Answer:' and start the explanation with 'Explanation:'.

Thanks very much!","Answer: If streets are narrower, then cars move slower; these streets are narrower, so cars move slower. If a curb blocks a rolling ball, then the ball stops; the curb blocks the rolling ball, so the ball stops.

Explanation: 
- Modus ponens appears twice: 
  1) If P then Q (narrower streets → slower cars). P (these streets are narrower). Therefore Q (cars move slower).
  2) If P then Q (curb blocks ball → ball stops). P (the curb blocks the rolling ball). Therefore Q (the ball stops).
- Folk physics is shown by the everyday physical reasoning that a rolling ball stops when it hits a curb and that cars slow in narrower streets due to spatial constraints.","If streets are narrower, then cars move slower; these streets are narrower, so cars move slower. If a curb blocks a rolling ball, then the ball stops; the curb blocks the rolling ball, so the ball stops.",2
"self serving bias, modus ponens",Guerilla warfare,"Greetings! I am interested in natural language processing and I was wondering if you could help me generate an example of text that illustrates multiple skills in semantics or syntax. The example should be a minimal natural piece of text with up to a few lines in the context of Guerilla warfare that illustrates all of the following skills: self serving bias, modus ponens. Please keep the text as short as possible, and make sure the concepts can be found fully from the text. 

For reference, here are the definitions and examples for the concepts:
**self serving bias**: A cognitive or perceptual process that is distorted by the need to maintain and enhance one’s self esteem. For example, ""If I do well on the exam, it’s because of my academic prowess and hard work. If I do poorly, it’s because the course was poorly taught, and the exam was poorly proctored.""
**modus ponens**: A syllogism that is of the form “If P then Q. P. Hence Q.” For example, ""If today is Tuesday, then John will go to work. Today is Tuesday. Therefore, John will go to work.""

Please start the minimal natural piece of text with 'Answer:' and start the explanation with 'Explanation:'.

Thanks very much!","Answer: If we strike at dawn, then the convoy will panic. We strike at dawn; therefore, the convoy will panic. When our ambush succeeds, it’s because of my superior planning; when it fails, it’s because the terrain and the enemy’s intel were unfair.

Explanation: 
- Modus ponens appears in the conditional: “If we strike at dawn, then the convoy will panic. We strike at dawn; therefore, the convoy will panic.”
- Self-serving bias appears in the attribution: success is credited to “my superior planning,” while failure is blamed on external factors (“the terrain and the enemy’s intel”).","If we strike at dawn, then the convoy will panic. We strike at dawn; therefore, the convoy will panic. When our ambush succeeds, it’s because of my superior planning; when it fails, it’s because the terrain and the enemy’s intel were unfair.",2
"folk physics (common knowledge physics), modus ponens",Guerilla warfare,"Greetings! I am interested in natural language processing and I was wondering if you could help me generate an example of text that illustrates multiple skills in semantics or syntax. The example should be a minimal natural piece of text with up to a few lines in the context of Guerilla warfare that illustrates all of the following skills: folk physics (common knowledge physics), modus ponens. Please keep the text as short as possible, and make sure the concepts can be found fully from the text. 

For reference, here are the definitions and examples for the concepts:
**folk physics (common knowledge physics)**: The untrained human perception of basic physical phenomena. For example, ""If I roll the pen off of the table, it will fall to the floor.""
**modus ponens**: A syllogism that is of the form “If P then Q. P. Hence Q.” For example, ""If today is Tuesday, then John will go to work. Today is Tuesday. Therefore, John will go to work.""

Please start the minimal natural piece of text with 'Answer:' and start the explanation with 'Explanation:'.

Thanks very much!","Answer:
If we detonate a charge under the bridge, the span will collapse. We detonate the charge; therefore the bridge collapses. The rubble will block the convoy, because heavy trucks can’t pass through a fallen span.

Explanation:
- Modus ponens: “If we detonate a charge under the bridge, the span will collapse. We detonate the charge; therefore the bridge collapses.” matches the form If P then Q. P. Therefore Q.
- Folk physics: “The rubble will block the convoy, because heavy trucks can’t pass through a fallen span.” relies on common-sense physics about gravity causing collapse and obstacles preventing large vehicles from passing.","If we detonate a charge under the bridge, the span will collapse. We detonate the charge; therefore the bridge collapses. The rubble will block the convoy, because heavy trucks can’t pass through a fallen span.",2
"self serving bias, modus ponens",The Ottoman Empire,"Greetings! I am interested in natural language processing and I was wondering if you could help me generate an example of text that illustrates multiple skills in semantics or syntax. The example should be a minimal natural piece of text with up to a few lines in the context of The Ottoman Empire that illustrates all of the following skills: self serving bias, modus ponens. Please keep the text as short as possible, and make sure the concepts can be found fully from the text. 

For reference, here are the definitions and examples for the concepts:
**self serving bias**: A cognitive or perceptual process that is distorted by the need to maintain and enhance one’s self esteem. For example, ""If I do well on the exam, it’s because of my academic prowess and hard work. If I do poorly, it’s because the course was poorly taught, and the exam was poorly proctored.""
**modus ponens**: A syllogism that is of the form “If P then Q. P. Hence Q.” For example, ""If today is Tuesday, then John will go to work. Today is Tuesday. Therefore, John will go to work.""

Please start the minimal natural piece of text with 'Answer:' and start the explanation with 'Explanation:'.

Thanks very much!","Answer:
""If the sultan commands reforms, then the empire will strengthen. The sultan commands reforms. Therefore, the empire will strengthen. And if trade falters, it’s the jealous viziers undermining me; when revenues rise, it’s due to my unmatched governance.""

Explanation:
- Modus ponens: The text presents the form “If P then Q. P. Therefore Q.” with P = “the sultan commands reforms” and Q = “the empire will strengthen.”
- Self-serving bias: The speaker credits personal success to their own ability (“when revenues rise, it’s due to my unmatched governance”) and blames failures on external factors (“if trade falters, it’s the jealous viziers undermining me”), illustrating the bias within an Ottoman Empire context.","""If the sultan commands reforms, then the empire will strengthen. The sultan commands reforms. Therefore, the empire will strengthen. And if trade falters, it’s the jealous viziers undermining me; when revenues rise, it’s due to my unmatched governance.""",2
"spatial reasoning, modus ponens",The Ottoman Empire,"Greetings! I am interested in natural language processing and I was wondering if you could help me generate an example of text that illustrates multiple skills in semantics or syntax. The example should be a minimal natural piece of text with up to a few lines in the context of The Ottoman Empire that illustrates all of the following skills: spatial reasoning, modus ponens. Please keep the text as short as possible, and make sure the concepts can be found fully from the text. 

For reference, here are the definitions and examples for the concepts:
**spatial reasoning**: The capacity to reason about the spatial relationships between objects. For example, The key fit into the box. Using spatial reasoning, one can deduce that the width of the key was smaller than the width of the box.
**modus ponens**: A syllogism that is of the form “If P then Q. P. Hence Q.” For example, ""If today is Tuesday, then John will go to work. Today is Tuesday. Therefore, John will go to work.""

Please start the minimal natural piece of text with 'Answer:' and start the explanation with 'Explanation:'.

Thanks very much!","Answer:
If a fortress sits west of the Bosphorus, then it is on the European side. Rumeli Hisarı sits west of the Bosphorus. Therefore, it is on the European side. The Ottoman fleet anchored east of Rumeli Hisarı, so the ships lay across the strait from the fortress, closer to Anatolia.

Explanation:
- Modus ponens: “If a fortress sits west of the Bosphorus, then it is on the European side. Rumeli Hisarı sits west of the Bosphorus. Therefore, it is on the European side.”
- Spatial reasoning: From “anchored east of Rumeli Hisarı” and the Bosphorus separating Europe (west) and Anatolia (east), one infers the fleet’s position across the strait and nearer to Anatolia than to Europe.","If a fortress sits west of the Bosphorus, then it is on the European side. Rumeli Hisarı sits west of the Bosphorus. Therefore, it is on the European side. The Ottoman fleet anchored east of Rumeli Hisarı, so the ships lay across the strait from the fortress, closer to Anatolia.",2
"spatial reasoning, modus ponens",Urbanism,"Greetings! I am interested in natural language processing and I was wondering if you could help me generate an example of text that illustrates multiple skills in semantics or syntax. The example should be a minimal natural piece of text with up to a few lines in the context of Urbanism that illustrates all of the following skills: spatial reasoning, modus ponens. Please keep the text as short as possible, and make sure the concepts can be found fully from the text. 

For reference, here are the definitions and examples for the concepts:
**spatial reasoning**: The capacity to reason about the spatial relationships between objects. For example, The key fit into the box. Using spatial reasoning, one can deduce that the width of the key was smaller than the width of the box.
**modus ponens**: A syllogism that is of the form “If P then Q. P. Hence Q.” For example, ""If today is Tuesday, then John will go to work. Today is Tuesday. Therefore, John will go to work.""

Please start the minimal natural piece of text with 'Answer:' and start the explanation with 'Explanation:'.

Thanks very much!","Answer: If a plaza is wider than the bus, the bus can pass through the plaza. The plaza is wider than the bus. Therefore, the bus can pass through the plaza. The bus lane runs along the south edge of the plaza and the bike rack sits to its north.

Explanation: 
- Modus ponens: “If a plaza is wider than the bus, the bus can pass through the plaza. The plaza is wider than the bus. Therefore, the bus can pass through the plaza.”
- Spatial reasoning: From “The bus lane runs along the south edge of the plaza and the bike rack sits to its north,” we deduce the bike rack is north of the bus lane and within/near the plaza’s northern side, establishing relative positions.","If a plaza is wider than the bus, the bus can pass through the plaza. The plaza is wider than the bus. Therefore, the bus can pass through the plaza. The bus lane runs along the south edge of the plaza and the bike rack sits to its north.",2
"self serving bias, modus ponens",Beekeeping,"Greetings! I am interested in natural language processing and I was wondering if you could help me generate an example of text that illustrates multiple skills in semantics or syntax. The example should be a minimal natural piece of text with up to a few lines in the context of Beekeeping that illustrates all of the following skills: self serving bias, modus ponens. Please keep the text as short as possible, and make sure the concepts can be found fully from the text. 

For reference, here are the definitions and examples for the concepts:
**self serving bias**: A cognitive or perceptual process that is distorted by the need to maintain and enhance one’s self esteem. For example, ""If I do well on the exam, it’s because of my academic prowess and hard work. If I do poorly, it’s because the course was poorly taught, and the exam was poorly proctored.""
**modus ponens**: A syllogism that is of the form “If P then Q. P. Hence Q.” For example, ""If today is Tuesday, then John will go to work. Today is Tuesday. Therefore, John will go to work.""

Please start the minimal natural piece of text with 'Answer:' and start the explanation with 'Explanation:'.

Thanks very much!","Answer: If the queen is healthy, then the hive will thrive. The queen is healthy, so the hive will thrive. And of course, the strong brood frames are thanks to my careful inspections; any weak spots must be due to that cold snap, not my methods.

Explanation:
- Modus ponens: “If the queen is healthy, then the hive will thrive. The queen is healthy. Therefore, the hive will thrive.”
- Self-serving bias: The speaker credits positive outcomes (“strong brood frames”) to their own skill (“my careful inspections”) and attributes negatives (“weak spots”) to external factors (“that cold snap”).","If the queen is healthy, then the hive will thrive. The queen is healthy, so the hive will thrive. And of course, the strong brood frames are thanks to my careful inspections; any weak spots must be due to that cold snap, not my methods.",2
"red herring, modus ponens",Dueling,"Greetings! I am interested in natural language processing and I was wondering if you could help me generate an example of text that illustrates multiple skills in semantics or syntax. The example should be a minimal natural piece of text with up to a few lines in the context of Dueling that illustrates all of the following skills: red herring, modus ponens. Please keep the text as short as possible, and make sure the concepts can be found fully from the text. 

For reference, here are the definitions and examples for the concepts:
**red herring**: Introducing irrelevant points to detract attention from a question. For example, A member of the press asks the president why they voted to expand a welfare program. The president responds, ""The strength of America is the strength of its communities, and I am proud to make our communities better places.""
**modus ponens**: A syllogism that is of the form “If P then Q. P. Hence Q.” For example, ""If today is Tuesday, then John will go to work. Today is Tuesday. Therefore, John will go to work.""

Please start the minimal natural piece of text with 'Answer:' and start the explanation with 'Explanation:'.

Thanks very much!","Answer:
Challenger: If a duelist accepts a formal challenge, then the duel proceeds. You accepted the challenge; therefore, the duel proceeds.
Defender: Before we talk about that, consider my exquisite plumage and the sunset’s golden hue—surely such beauty matters more than petty rules.

Explanation:
- Modus ponens is in the Challenger’s line: “If a duelist accepts a formal challenge, then the duel proceeds. You accepted the challenge; therefore, the duel proceeds.”
- Red herring is in the Defender’s line, which introduces irrelevant points (plumage, sunset’s beauty) to distract from the question of whether the duel proceeds.","Challenger: If a duelist accepts a formal challenge, then the duel proceeds. You accepted the challenge; therefore, the duel proceeds.
Defender: Before we talk about that, consider my exquisite plumage and the sunset’s golden hue—surely such beauty matters more than petty rules.",2
"self serving bias, modus ponens",The Ottoman Empire,"Greetings! I am interested in natural language processing and I was wondering if you could help me generate an example of text that illustrates multiple skills in semantics or syntax. The example should be a minimal natural piece of text with up to a few lines in the context of The Ottoman Empire that illustrates all of the following skills: self serving bias, modus ponens. Please keep the text as short as possible, and make sure the concepts can be found fully from the text. 

For reference, here are the definitions and examples for the concepts:
**self serving bias**: A cognitive or perceptual process that is distorted by the need to maintain and enhance one’s self esteem. For example, ""If I do well on the exam, it’s because of my academic prowess and hard work. If I do poorly, it’s because the course was poorly taught, and the exam was poorly proctored.""
**modus ponens**: A syllogism that is of the form “If P then Q. P. Hence Q.” For example, ""If today is Tuesday, then John will go to work. Today is Tuesday. Therefore, John will go to work.""

Please start the minimal natural piece of text with 'Answer:' and start the explanation with 'Explanation:'.

Thanks very much!","Answer: If the Sultan decrees support, then our campaign will succeed. The Sultan decreed support; therefore, our campaign will succeed. And when it does, it will be thanks to my brilliant planning—whereas last year’s setback was clearly due to unreliable provincial levies, not my strategy.

Explanation:
- Modus ponens: “If the Sultan decrees support, then our campaign will succeed. The Sultan decreed support; therefore, our campaign will succeed.”
- Self-serving bias: The speaker credits success to “my brilliant planning” but blames past failure on “unreliable provincial levies,” externalizing blame to protect self-esteem.","If the Sultan decrees support, then our campaign will succeed. The Sultan decreed support; therefore, our campaign will succeed. And when it does, it will be thanks to my brilliant planning—whereas last year’s setback was clearly due to unreliable provincial levies, not my strategy.",2
"modus ponens, folk physics (common knowledge physics)",Beekeeping,"Greetings! I am interested in natural language processing and I was wondering if you could help me generate an example of text that illustrates multiple skills in semantics or syntax. The example should be a minimal natural piece of text with up to a few lines in the context of Beekeeping that illustrates all of the following skills: modus ponens, folk physics (common knowledge physics). Please keep the text as short as possible, and make sure the concepts can be found fully from the text. 

For reference, here are the definitions and examples for the concepts:
**modus ponens**: A syllogism that is of the form “If P then Q. P. Hence Q.” For example, ""If today is Tuesday, then John will go to work. Today is Tuesday. Therefore, John will go to work.""
**folk physics (common knowledge physics)**: The untrained human perception of basic physical phenomena. For example, ""If I roll the pen off of the table, it will fall to the floor.""

Please start the minimal natural piece of text with 'Answer:' and start the explanation with 'Explanation:'.

Thanks very much!","Answer: If smoke is thick by the hive entrance, then the bees will calm. The smoker is puffing thick smoke. Therefore, the bees will calm. If I knock the honey frame, it will fall to the ground, so I keep a hand under it.

Explanation: 
- Modus ponens: “If smoke is thick by the hive entrance, then the bees will calm. The smoker is puffing thick smoke. Therefore, the bees will calm.”
- Folk physics: “If I knock the honey frame, it will fall to the ground,” relying on gravity and everyday physical expectation, and the precaution “so I keep a hand under it.”","If smoke is thick by the hive entrance, then the bees will calm. The smoker is puffing thick smoke. Therefore, the bees will calm. If I knock the honey frame, it will fall to the ground, so I keep a hand under it.",2
"modus ponens, red herring",Guerilla warfare,"Greetings! I am interested in natural language processing and I was wondering if you could help me generate an example of text that illustrates multiple skills in semantics or syntax. The example should be a minimal natural piece of text with up to a few lines in the context of Guerilla warfare that illustrates all of the following skills: modus ponens, red herring. Please keep the text as short as possible, and make sure the concepts can be found fully from the text. 

For reference, here are the definitions and examples for the concepts:
**modus ponens**: A syllogism that is of the form “If P then Q. P. Hence Q.” For example, ""If today is Tuesday, then John will go to work. Today is Tuesday. Therefore, John will go to work.""
**red herring**: Introducing irrelevant points to detract attention from a question. For example, A member of the press asks the president why they voted to expand a welfare program. The president responds, ""The strength of America is the strength of its communities, and I am proud to make our communities better places.""

Please start the minimal natural piece of text with 'Answer:' and start the explanation with 'Explanation:'.

Thanks very much!","Answer:
If the villagers pass us a note at dusk, then the convoy passes at midnight. The villagers did pass us a note at dusk; therefore, the convoy passes at midnight. And speaking of midnight, have you admired how the moon makes the river look like silver? Anyway, we’ll set the ambush at the ford.

Explanation:
- Modus ponens: “If the villagers pass us a note at dusk, then the convoy passes at midnight. The villagers did pass us a note at dusk; therefore, the convoy passes at midnight.”
- Red herring: “And speaking of midnight, have you admired how the moon makes the river look like silver?” This irrelevant, aesthetic remark distracts from the tactical question at hand.","If the villagers pass us a note at dusk, then the convoy passes at midnight. The villagers did pass us a note at dusk; therefore, the convoy passes at midnight. And speaking of midnight, have you admired how the moon makes the river look like silver? Anyway, we’ll set the ambush at the ford.",2
"self serving bias, modus ponens",Survivalism,"Greetings! I am interested in natural language processing and I was wondering if you could help me generate an example of text that illustrates multiple skills in semantics or syntax. The example should be a minimal natural piece of text with up to a few lines in the context of Survivalism that illustrates all of the following skills: self serving bias, modus ponens. Please keep the text as short as possible, and make sure the concepts can be found fully from the text. 

For reference, here are the definitions and examples for the concepts:
**self serving bias**: A cognitive or perceptual process that is distorted by the need to maintain and enhance one’s self esteem. For example, ""If I do well on the exam, it’s because of my academic prowess and hard work. If I do poorly, it’s because the course was poorly taught, and the exam was poorly proctored.""
**modus ponens**: A syllogism that is of the form “If P then Q. P. Hence Q.” For example, ""If today is Tuesday, then John will go to work. Today is Tuesday. Therefore, John will go to work.""

Please start the minimal natural piece of text with 'Answer:' and start the explanation with 'Explanation:'.

Thanks very much!","Answer:
If I stockpile smart, then my family will survive the blackout. I stockpiled smart; therefore, my family will survive.
When we thrived last winter, it was thanks to my planning and grit. When our neighbor’s stash spoiled, well, the storm was unfair and the grid failed them.

Explanation:
- Modus ponens: “If I stockpile smart, then my family will survive the blackout. I stockpiled smart; therefore, my family will survive.” follows the form If P then Q. P. Therefore Q.
- Self-serving bias: The narrator credits success to personal qualities (“my planning and grit”) while attributing others’ failure to external factors (“the storm was unfair and the grid failed them”).","If I stockpile smart, then my family will survive the blackout. I stockpiled smart; therefore, my family will survive.
When we thrived last winter, it was thanks to my planning and grit. When our neighbor’s stash spoiled, well, the storm was unfair and the grid failed them.",2
"red herring, modus ponens",Survivalism,"Greetings! I am interested in natural language processing and I was wondering if you could help me generate an example of text that illustrates multiple skills in semantics or syntax. The example should be a minimal natural piece of text with up to a few lines in the context of Survivalism that illustrates all of the following skills: red herring, modus ponens. Please keep the text as short as possible, and make sure the concepts can be found fully from the text. 

For reference, here are the definitions and examples for the concepts:
**red herring**: Introducing irrelevant points to detract attention from a question. For example, A member of the press asks the president why they voted to expand a welfare program. The president responds, ""The strength of America is the strength of its communities, and I am proud to make our communities better places.""
**modus ponens**: A syllogism that is of the form “If P then Q. P. Hence Q.” For example, ""If today is Tuesday, then John will go to work. Today is Tuesday. Therefore, John will go to work.""

Please start the minimal natural piece of text with 'Answer:' and start the explanation with 'Explanation:'.

Thanks very much!","Answer: If the river rises tonight, then we must move to higher ground. The river will rise tonight. Therefore, we must move to higher ground. Anyway, did you know my old compass is brass and was my grandfather’s? It has a lovely patina.

Explanation:
- Modus ponens: “If the river rises tonight, then we must move to higher ground. The river will rise tonight. Therefore, we must move to higher ground.”
- Red herring: The shift to talking about the grandfather’s brass compass and its patina is irrelevant to the urgent question of moving to higher ground, distracting from the main issue.","If the river rises tonight, then we must move to higher ground. The river will rise tonight. Therefore, we must move to higher ground. Anyway, did you know my old compass is brass and was my grandfather’s? It has a lovely patina.",2
"folk physics (common knowledge physics), modus ponens",Guerilla warfare,"Greetings! I am interested in natural language processing and I was wondering if you could help me generate an example of text that illustrates multiple skills in semantics or syntax. The example should be a minimal natural piece of text with up to a few lines in the context of Guerilla warfare that illustrates all of the following skills: folk physics (common knowledge physics), modus ponens. Please keep the text as short as possible, and make sure the concepts can be found fully from the text. 

For reference, here are the definitions and examples for the concepts:
**folk physics (common knowledge physics)**: The untrained human perception of basic physical phenomena. For example, ""If I roll the pen off of the table, it will fall to the floor.""
**modus ponens**: A syllogism that is of the form “If P then Q. P. Hence Q.” For example, ""If today is Tuesday, then John will go to work. Today is Tuesday. Therefore, John will go to work.""

Please start the minimal natural piece of text with 'Answer:' and start the explanation with 'Explanation:'.

Thanks very much!","Answer:
If the sentry hears a noisy clatter, then he will raise the alarm. A dropped rifle will make a loud clatter when it hits the concrete. I dropped the rifle; it clattered. Therefore, the sentry will raise the alarm.

Explanation:
- Folk physics: “A dropped rifle will make a loud clatter when it hits the concrete” relies on common physical knowledge that heavy objects hitting hard surfaces make noise.
- Modus ponens: If (noisy clatter) then (sentry raises alarm). Noisy clatter occurred (the rifle clattered). Therefore, the sentry raises the alarm.","If the sentry hears a noisy clatter, then he will raise the alarm. A dropped rifle will make a loud clatter when it hits the concrete. I dropped the rifle; it clattered. Therefore, the sentry will raise the alarm.",2
"spatial reasoning, modus ponens",Beekeeping,"Greetings! I am interested in natural language processing and I was wondering if you could help me generate an example of text that illustrates multiple skills in semantics or syntax. The example should be a minimal natural piece of text with up to a few lines in the context of Beekeeping that illustrates all of the following skills: spatial reasoning, modus ponens. Please keep the text as short as possible, and make sure the concepts can be found fully from the text. 

For reference, here are the definitions and examples for the concepts:
**spatial reasoning**: The capacity to reason about the spatial relationships between objects. For example, The key fit into the box. Using spatial reasoning, one can deduce that the width of the key was smaller than the width of the box.
**modus ponens**: A syllogism that is of the form “If P then Q. P. Hence Q.” For example, ""If today is Tuesday, then John will go to work. Today is Tuesday. Therefore, John will go to work.""

Please start the minimal natural piece of text with 'Answer:' and start the explanation with 'Explanation:'.

Thanks very much!","Answer: If the hive entrance faces east, then the morning sun will warm the brood box. The entrance faces east. Therefore, the morning sun will warm the brood box. I placed the smoker to the left of the entrance so its smoke drifts across the landing board and not into the brood frames behind it.

Explanation:
- Modus ponens: “If the hive entrance faces east, then the morning sun will warm the brood box. The entrance faces east. Therefore, the morning sun will warm the brood box.”
- Spatial reasoning: The smoker is placed to the left of the entrance so smoke drifts across the landing board (in front) and not into the brood frames behind it, showing reasoning about left/right and front/behind relations.","If the hive entrance faces east, then the morning sun will warm the brood box. The entrance faces east. Therefore, the morning sun will warm the brood box. I placed the smoker to the left of the entrance so its smoke drifts across the landing board and not into the brood frames behind it.",2
"self serving bias, modus ponens",Dueling,"Greetings! I am interested in natural language processing and I was wondering if you could help me generate an example of text that illustrates multiple skills in semantics or syntax. The example should be a minimal natural piece of text with up to a few lines in the context of Dueling that illustrates all of the following skills: self serving bias, modus ponens. Please keep the text as short as possible, and make sure the concepts can be found fully from the text. 

For reference, here are the definitions and examples for the concepts:
**self serving bias**: A cognitive or perceptual process that is distorted by the need to maintain and enhance one’s self esteem. For example, ""If I do well on the exam, it’s because of my academic prowess and hard work. If I do poorly, it’s because the course was poorly taught, and the exam was poorly proctored.""
**modus ponens**: A syllogism that is of the form “If P then Q. P. Hence Q.” For example, ""If today is Tuesday, then John will go to work. Today is Tuesday. Therefore, John will go to work.""

Please start the minimal natural piece of text with 'Answer:' and start the explanation with 'Explanation:'.

Thanks very much!","Answer:
“If my blade is true, then I shall win the duel. My blade is true; therefore, I shall win. And if I lose, it’s only because the arena was slick and the judges were biased—but if I win, it proves my superior skill and discipline.”

Explanation:
- Modus ponens: “If my blade is true, then I shall win the duel. My blade is true; therefore, I shall win.”
- Self-serving bias: Attributing success to internal factors (“my superior skill and discipline”) and potential failure to external factors (“the arena was slick and the judges were biased”).","“If my blade is true, then I shall win the duel. My blade is true; therefore, I shall win. And if I lose, it’s only because the arena was slick and the judges were biased—but if I win, it proves my superior skill and discipline.”",2
"modus ponens, spatial reasoning",The Ottoman Empire,"Greetings! I am interested in natural language processing and I was wondering if you could help me generate an example of text that illustrates multiple skills in semantics or syntax. The example should be a minimal natural piece of text with up to a few lines in the context of The Ottoman Empire that illustrates all of the following skills: modus ponens, spatial reasoning. Please keep the text as short as possible, and make sure the concepts can be found fully from the text. 

For reference, here are the definitions and examples for the concepts:
**modus ponens**: A syllogism that is of the form “If P then Q. P. Hence Q.” For example, ""If today is Tuesday, then John will go to work. Today is Tuesday. Therefore, John will go to work.""
**spatial reasoning**: The capacity to reason about the spatial relationships between objects. For example, The key fit into the box. Using spatial reasoning, one can deduce that the width of the key was smaller than the width of the box.

Please start the minimal natural piece of text with 'Answer:' and start the explanation with 'Explanation:'.

Thanks very much!","Answer: If a fortress stands north of the Bosphorus, then Ottoman scouts must cross the strait to reach it. The fortress at Anadolu Hisarı stands north of the Bosphorus. Therefore, the scouts must cross the strait. They ferried their boats through the narrow channel beneath the fortress walls, which are higher than the boats’ masts, so the boats can pass below.

Explanation:
- Modus ponens: “If a fortress stands north of the Bosphorus, then Ottoman scouts must cross the strait to reach it. The fortress at Anadolu Hisarı stands north of the Bosphorus. Therefore, the scouts must cross the strait.”
- Spatial reasoning: From “They ferried their boats through the narrow channel beneath the fortress walls, which are higher than the boats’ masts,” one infers the vertical clearance of the walls exceeds the mast height, allowing passage.","If a fortress stands north of the Bosphorus, then Ottoman scouts must cross the strait to reach it. The fortress at Anadolu Hisarı stands north of the Bosphorus. Therefore, the scouts must cross the strait. They ferried their boats through the narrow channel beneath the fortress walls, which are higher than the boats’ masts, so the boats can pass below.",2
"modus ponens, spatial reasoning",Urbanism,"Greetings! I am interested in natural language processing and I was wondering if you could help me generate an example of text that illustrates multiple skills in semantics or syntax. The example should be a minimal natural piece of text with up to a few lines in the context of Urbanism that illustrates all of the following skills: modus ponens, spatial reasoning. Please keep the text as short as possible, and make sure the concepts can be found fully from the text. 

For reference, here are the definitions and examples for the concepts:
**modus ponens**: A syllogism that is of the form “If P then Q. P. Hence Q.” For example, ""If today is Tuesday, then John will go to work. Today is Tuesday. Therefore, John will go to work.""
**spatial reasoning**: The capacity to reason about the spatial relationships between objects. For example, The key fit into the box. Using spatial reasoning, one can deduce that the width of the key was smaller than the width of the box.

Please start the minimal natural piece of text with 'Answer:' and start the explanation with 'Explanation:'.

Thanks very much!","Answer:
If the plaza sits north of the station, then the bike lane reaches the plaza. The plaza sits north of the station. Therefore, the bike lane reaches the plaza. Since the café is east of the plaza and the station is south of it, the café is northeast of the station.

Explanation:
- Modus ponens: “If the plaza sits north of the station, then the bike lane reaches the plaza. The plaza sits north of the station. Therefore, the bike lane reaches the plaza.”
- Spatial reasoning: From “the café is east of the plaza” and “the station is south of the plaza,” we infer the café is northeast of the station (east relative to the plaza and the plaza is north of the station).","If the plaza sits north of the station, then the bike lane reaches the plaza. The plaza sits north of the station. Therefore, the bike lane reaches the plaza. Since the café is east of the plaza and the station is south of it, the café is northeast of the station.",2
"modus ponens, red herring",Dueling,"Greetings! I am interested in natural language processing and I was wondering if you could help me generate an example of text that illustrates multiple skills in semantics or syntax. The example should be a minimal natural piece of text with up to a few lines in the context of Dueling that illustrates all of the following skills: modus ponens, red herring. Please keep the text as short as possible, and make sure the concepts can be found fully from the text. 

For reference, here are the definitions and examples for the concepts:
**modus ponens**: A syllogism that is of the form “If P then Q. P. Hence Q.” For example, ""If today is Tuesday, then John will go to work. Today is Tuesday. Therefore, John will go to work.""
**red herring**: Introducing irrelevant points to detract attention from a question. For example, A member of the press asks the president why they voted to expand a welfare program. The president responds, ""The strength of America is the strength of its communities, and I am proud to make our communities better places.""

Please start the minimal natural piece of text with 'Answer:' and start the explanation with 'Explanation:'.

Thanks very much!","Answer:
If the duke accepts a duel at dawn, then honor will be satisfied. The duke accepts the duel; therefore, honor will be satisfied. Anyway, have you noticed how splendid the sunrise looks over the eastern hills?

Explanation:
- Modus ponens: “If the duke accepts a duel at dawn, then honor will be satisfied. The duke accepts the duel; therefore, honor will be satisfied.”
- Red herring: The sudden shift to the irrelevant remark about the sunrise distracts from the duel/honor conclusion.","If the duke accepts a duel at dawn, then honor will be satisfied. The duke accepts the duel; therefore, honor will be satisfied. Anyway, have you noticed how splendid the sunrise looks over the eastern hills?",2
"modus ponens, spatial reasoning",Beekeeping,"Greetings! I am interested in natural language processing and I was wondering if you could help me generate an example of text that illustrates multiple skills in semantics or syntax. The example should be a minimal natural piece of text with up to a few lines in the context of Beekeeping that illustrates all of the following skills: modus ponens, spatial reasoning. Please keep the text as short as possible, and make sure the concepts can be found fully from the text. 

For reference, here are the definitions and examples for the concepts:
**modus ponens**: A syllogism that is of the form “If P then Q. P. Hence Q.” For example, ""If today is Tuesday, then John will go to work. Today is Tuesday. Therefore, John will go to work.""
**spatial reasoning**: The capacity to reason about the spatial relationships between objects. For example, The key fit into the box. Using spatial reasoning, one can deduce that the width of the key was smaller than the width of the box.

Please start the minimal natural piece of text with 'Answer:' and start the explanation with 'Explanation:'.

Thanks very much!","Answer: If the hive faces east, then the morning sun will warm the brood box quickly. The hive faces east. Therefore, the brood box warms quickly. The queen cage is narrower than the entrance slot, so it slides through the entrance and hangs above the central frame gap.

Explanation: The first three sentences form modus ponens: If P then Q; P; therefore Q. The last sentence requires spatial reasoning: because the queen cage passes through the entrance slot and hangs above a specific gap, one infers the cage’s width is less than the slot’s width and its position is above the gap in the frames.","If the hive faces east, then the morning sun will warm the brood box quickly. The hive faces east. Therefore, the brood box warms quickly. The queen cage is narrower than the entrance slot, so it slides through the entrance and hangs above the central frame gap.",2
"modus ponens, self serving bias",Urbanism,"Greetings! I am interested in natural language processing and I was wondering if you could help me generate an example of text that illustrates multiple skills in semantics or syntax. The example should be a minimal natural piece of text with up to a few lines in the context of Urbanism that illustrates all of the following skills: modus ponens, self serving bias. Please keep the text as short as possible, and make sure the concepts can be found fully from the text. 

For reference, here are the definitions and examples for the concepts:
**modus ponens**: A syllogism that is of the form “If P then Q. P. Hence Q.” For example, ""If today is Tuesday, then John will go to work. Today is Tuesday. Therefore, John will go to work.""
**self serving bias**: A cognitive or perceptual process that is distorted by the need to maintain and enhance one’s self esteem. For example, ""If I do well on the exam, it’s because of my academic prowess and hard work. If I do poorly, it’s because the course was poorly taught, and the exam was poorly proctored.""

Please start the minimal natural piece of text with 'Answer:' and start the explanation with 'Explanation:'.

Thanks very much!","Answer:
If a street has protected bike lanes, then traffic injuries will drop. Our plan installs protected bike lanes. Therefore, traffic injuries will drop. And when the pilot succeeded, it was thanks to our smart design—when a previous attempt struggled, it was due to drivers resisting change and the old council underfunding it.

Explanation:
- Modus ponens: “If a street has protected bike lanes, then traffic injuries will drop. Our plan installs protected bike lanes. Therefore, traffic injuries will drop.”
- Self-serving bias: The speaker credits success to “our smart design” (internal, self-enhancing) but blames past failure on external factors (“drivers resisting change” and “old council underfunding”).","If a street has protected bike lanes, then traffic injuries will drop. Our plan installs protected bike lanes. Therefore, traffic injuries will drop. And when the pilot succeeded, it was thanks to our smart design—when a previous attempt struggled, it was due to drivers resisting change and the old council underfunding it.",2
"modus ponens, spatial reasoning",Survivalism,"Greetings! I am interested in natural language processing and I was wondering if you could help me generate an example of text that illustrates multiple skills in semantics or syntax. The example should be a minimal natural piece of text with up to a few lines in the context of Survivalism that illustrates all of the following skills: modus ponens, spatial reasoning. Please keep the text as short as possible, and make sure the concepts can be found fully from the text. 

For reference, here are the definitions and examples for the concepts:
**modus ponens**: A syllogism that is of the form “If P then Q. P. Hence Q.” For example, ""If today is Tuesday, then John will go to work. Today is Tuesday. Therefore, John will go to work.""
**spatial reasoning**: The capacity to reason about the spatial relationships between objects. For example, The key fit into the box. Using spatial reasoning, one can deduce that the width of the key was smaller than the width of the box.

Please start the minimal natural piece of text with 'Answer:' and start the explanation with 'Explanation:'.

Thanks very much!","Answer:
If the shelter door is blocked by the fallen log, then we cannot exit. The door is blocked by the fallen log. Therefore, we cannot exit. The log lies across the doorway, wider than the doorframe, so we must slide it lengthwise to clear the exit.

Explanation:
- Modus ponens: “If the shelter door is blocked by the fallen log, then we cannot exit. The door is blocked by the fallen log. Therefore, we cannot exit.”
- Spatial reasoning: From “The log lies across the doorway, wider than the doorframe,” one deduces that its current orientation prevents passage; sliding it lengthwise (aligning its narrow dimension with the doorframe’s opening) would allow clearance.","If the shelter door is blocked by the fallen log, then we cannot exit. The door is blocked by the fallen log. Therefore, we cannot exit. The log lies across the doorway, wider than the doorframe, so we must slide it lengthwise to clear the exit.",2
"modus ponens, spatial reasoning",The Ottoman Empire,"Greetings! I am interested in natural language processing and I was wondering if you could help me generate an example of text that illustrates multiple skills in semantics or syntax. The example should be a minimal natural piece of text with up to a few lines in the context of The Ottoman Empire that illustrates all of the following skills: modus ponens, spatial reasoning. Please keep the text as short as possible, and make sure the concepts can be found fully from the text. 

For reference, here are the definitions and examples for the concepts:
**modus ponens**: A syllogism that is of the form “If P then Q. P. Hence Q.” For example, ""If today is Tuesday, then John will go to work. Today is Tuesday. Therefore, John will go to work.""
**spatial reasoning**: The capacity to reason about the spatial relationships between objects. For example, The key fit into the box. Using spatial reasoning, one can deduce that the width of the key was smaller than the width of the box.

Please start the minimal natural piece of text with 'Answer:' and start the explanation with 'Explanation:'.

Thanks very much!","Answer: If the sultan’s flag flies above the Golden Gate, then the city is under Ottoman control. The flag flies above the Golden Gate; therefore, the city is under Ottoman control. The Janissaries marched through the gate, then stood inside the walls facing the Hagia Sophia across the square, proving the gate lies west of the cathedral and that the square is wide enough to hold their ranks.

Explanation: 
- Modus ponens: “If the sultan’s flag flies above the Golden Gate, then the city is under Ottoman control. The flag flies above the Golden Gate. Therefore, the city is under Ottoman control.”
- Spatial reasoning: From “stood inside the walls facing the Hagia Sophia across the square,” we infer relative positions: the gate is west of the cathedral, and the square’s width accommodates Janissary ranks, implying the square is wider than the formation.","If the sultan’s flag flies above the Golden Gate, then the city is under Ottoman control. The flag flies above the Golden Gate; therefore, the city is under Ottoman control. The Janissaries marched through the gate, then stood inside the walls facing the Hagia Sophia across the square, proving the gate lies west of the cathedral and that the square is wide enough to hold their ranks.",2
"modus ponens, red herring",Sewing,"Greetings! I am interested in natural language processing and I was wondering if you could help me generate an example of text that illustrates multiple skills in semantics or syntax. The example should be a minimal natural piece of text with up to a few lines in the context of Sewing that illustrates all of the following skills: modus ponens, red herring. Please keep the text as short as possible, and make sure the concepts can be found fully from the text. 

For reference, here are the definitions and examples for the concepts:
**modus ponens**: A syllogism that is of the form “If P then Q. P. Hence Q.” For example, ""If today is Tuesday, then John will go to work. Today is Tuesday. Therefore, John will go to work.""
**red herring**: Introducing irrelevant points to detract attention from a question. For example, A member of the press asks the president why they voted to expand a welfare program. The president responds, ""The strength of America is the strength of its communities, and I am proud to make our communities better places.""

Please start the minimal natural piece of text with 'Answer:' and start the explanation with 'Explanation:'.

Thanks very much!","Answer:
If the seam ripper is missing, then I cannot unpick the stitches. The seam ripper is missing. Therefore, I cannot unpick the stitches. Anyway, did you know vintage thimbles are often made of silver?

Explanation:
- Modus ponens: “If the seam ripper is missing, then I cannot unpick the stitches. The seam ripper is missing. Therefore, I cannot unpick the stitches.” follows the If P then Q; P; therefore Q structure.
- Red herring: The sudden comment about vintage thimbles (an irrelevant detail) distracts from the issue of unpicking stitches.","If the seam ripper is missing, then I cannot unpick the stitches. The seam ripper is missing. Therefore, I cannot unpick the stitches. Anyway, did you know vintage thimbles are often made of silver?",2
"modus ponens, red herring",The Ottoman Empire,"Greetings! I am interested in natural language processing and I was wondering if you could help me generate an example of text that illustrates multiple skills in semantics or syntax. The example should be a minimal natural piece of text with up to a few lines in the context of The Ottoman Empire that illustrates all of the following skills: modus ponens, red herring. Please keep the text as short as possible, and make sure the concepts can be found fully from the text. 

For reference, here are the definitions and examples for the concepts:
**modus ponens**: A syllogism that is of the form “If P then Q. P. Hence Q.” For example, ""If today is Tuesday, then John will go to work. Today is Tuesday. Therefore, John will go to work.""
**red herring**: Introducing irrelevant points to detract attention from a question. For example, A member of the press asks the president why they voted to expand a welfare program. The president responds, ""The strength of America is the strength of its communities, and I am proud to make our communities better places.""

Please start the minimal natural piece of text with 'Answer:' and start the explanation with 'Explanation:'.

Thanks very much!","Answer: If the sultan orders a levy, then new Janissaries will be recruited. The sultan orders a levy. Therefore, new Janissaries will be recruited. Anyway, have you noticed how splendid the tulips look in the palace gardens this spring?

Explanation:
- Modus ponens: “If the sultan orders a levy, then new Janissaries will be recruited. The sultan orders a levy. Therefore, new Janissaries will be recruited.”
- Red herring: The sudden shift to talking about tulips in the palace gardens is irrelevant to the levy/recruitment issue and serves to distract from it.","If the sultan orders a levy, then new Janissaries will be recruited. The sultan orders a levy. Therefore, new Janissaries will be recruited. Anyway, have you noticed how splendid the tulips look in the palace gardens this spring?",2
"self serving bias, modus ponens",Guerilla warfare,"Greetings! I am interested in natural language processing and I was wondering if you could help me generate an example of text that illustrates multiple skills in semantics or syntax. The example should be a minimal natural piece of text with up to a few lines in the context of Guerilla warfare that illustrates all of the following skills: self serving bias, modus ponens. Please keep the text as short as possible, and make sure the concepts can be found fully from the text. 

For reference, here are the definitions and examples for the concepts:
**self serving bias**: A cognitive or perceptual process that is distorted by the need to maintain and enhance one’s self esteem. For example, ""If I do well on the exam, it’s because of my academic prowess and hard work. If I do poorly, it’s because the course was poorly taught, and the exam was poorly proctored.""
**modus ponens**: A syllogism that is of the form “If P then Q. P. Hence Q.” For example, ""If today is Tuesday, then John will go to work. Today is Tuesday. Therefore, John will go to work.""

Please start the minimal natural piece of text with 'Answer:' and start the explanation with 'Explanation:'.

Thanks very much!","Answer: If we strike at dawn, then the patrol will scatter. We will strike at dawn. Therefore, the patrol will scatter. And when they flee, it’s thanks to my plan; if anything goes wrong, it’s because the terrain betrayed us.

Explanation: 
- Modus ponens: “If we strike at dawn, then the patrol will scatter. We will strike at dawn. Therefore, the patrol will scatter.”
- Self-serving bias: Success is attributed internally (“thanks to my plan”), while failure is attributed externally (“because the terrain betrayed us”).","If we strike at dawn, then the patrol will scatter. We will strike at dawn. Therefore, the patrol will scatter. And when they flee, it’s thanks to my plan; if anything goes wrong, it’s because the terrain betrayed us.",2
"red herring, modus ponens",The Ottoman Empire,"Greetings! I am interested in natural language processing and I was wondering if you could help me generate an example of text that illustrates multiple skills in semantics or syntax. The example should be a minimal natural piece of text with up to a few lines in the context of The Ottoman Empire that illustrates all of the following skills: red herring, modus ponens. Please keep the text as short as possible, and make sure the concepts can be found fully from the text. 

For reference, here are the definitions and examples for the concepts:
**red herring**: Introducing irrelevant points to detract attention from a question. For example, A member of the press asks the president why they voted to expand a welfare program. The president responds, ""The strength of America is the strength of its communities, and I am proud to make our communities better places.""
**modus ponens**: A syllogism that is of the form “If P then Q. P. Hence Q.” For example, ""If today is Tuesday, then John will go to work. Today is Tuesday. Therefore, John will go to work.""

Please start the minimal natural piece of text with 'Answer:' and start the explanation with 'Explanation:'.

Thanks very much!","Answer:
If the sultan issues a firm decree, then the viziers will convene. The sultan issues a firm decree. Therefore, the viziers will convene. By the way, have you noticed how splendid the Bosphorus looks at sunset?

Explanation:
- Modus ponens: “If the sultan issues a firm decree, then the viziers will convene. The sultan issues a firm decree. Therefore, the viziers will convene.”
- Red herring: The sudden remark about the Bosphorus at sunset is irrelevant and distracts from the reasoning about the decree and the viziers.","If the sultan issues a firm decree, then the viziers will convene. The sultan issues a firm decree. Therefore, the viziers will convene. By the way, have you noticed how splendid the Bosphorus looks at sunset?",2
"red herring, modus ponens",Urbanism,"Greetings! I am interested in natural language processing and I was wondering if you could help me generate an example of text that illustrates multiple skills in semantics or syntax. The example should be a minimal natural piece of text with up to a few lines in the context of Urbanism that illustrates all of the following skills: red herring, modus ponens. Please keep the text as short as possible, and make sure the concepts can be found fully from the text. 

For reference, here are the definitions and examples for the concepts:
**red herring**: Introducing irrelevant points to detract attention from a question. For example, A member of the press asks the president why they voted to expand a welfare program. The president responds, ""The strength of America is the strength of its communities, and I am proud to make our communities better places.""
**modus ponens**: A syllogism that is of the form “If P then Q. P. Hence Q.” For example, ""If today is Tuesday, then John will go to work. Today is Tuesday. Therefore, John will go to work.""

Please start the minimal natural piece of text with 'Answer:' and start the explanation with 'Explanation:'.

Thanks very much!","Answer:
""If a street has wide sidewalks, then more neighbors will linger and talk; this block has wide sidewalks, so more neighbors will linger and talk. But why debate sidewalks when the mayor’s favorite coffee is from the waterfront kiosk?""

Explanation:
- Modus ponens: ""If a street has wide sidewalks, then more neighbors will linger and talk; this block has wide sidewalks, so more neighbors will linger and talk."" This follows the form If P then Q. P. Therefore Q.
- Red herring: ""But why debate sidewalks when the mayor’s favorite coffee is from the waterfront kiosk?"" This introduces an irrelevant point (the mayor’s coffee preference) to distract from the discussion about sidewalks in urban design.","""If a street has wide sidewalks, then more neighbors will linger and talk; this block has wide sidewalks, so more neighbors will linger and talk. But why debate sidewalks when the mayor’s favorite coffee is from the waterfront kiosk?""",2
"spatial reasoning, modus ponens",Dueling,"Greetings! I am interested in natural language processing and I was wondering if you could help me generate an example of text that illustrates multiple skills in semantics or syntax. The example should be a minimal natural piece of text with up to a few lines in the context of Dueling that illustrates all of the following skills: spatial reasoning, modus ponens. Please keep the text as short as possible, and make sure the concepts can be found fully from the text. 

For reference, here are the definitions and examples for the concepts:
**spatial reasoning**: The capacity to reason about the spatial relationships between objects. For example, The key fit into the box. Using spatial reasoning, one can deduce that the width of the key was smaller than the width of the box.
**modus ponens**: A syllogism that is of the form “If P then Q. P. Hence Q.” For example, ""If today is Tuesday, then John will go to work. Today is Tuesday. Therefore, John will go to work.""

Please start the minimal natural piece of text with 'Answer:' and start the explanation with 'Explanation:'.

Thanks very much!","Answer: If the duelist steps inside the red circle, then the duel begins. The duelist steps inside the red circle; therefore, the duel begins. He stands two paces closer to the center than his opponent, so his blade can reach first.

Explanation:
- Modus ponens: The text states “If the duelist steps inside the red circle, then the duel begins” (If P then Q). It then asserts “The duelist steps inside the red circle” (P). Therefore, “the duel begins” (Q).
- Spatial reasoning: From “He stands two paces closer to the center than his opponent,” one can infer a spatial relation (he is nearer). Given equal blade lengths, being closer implies his blade can reach first, which relies on reasoning about distances and reach.","If the duelist steps inside the red circle, then the duel begins. The duelist steps inside the red circle; therefore, the duel begins. He stands two paces closer to the center than his opponent, so his blade can reach first.",2
"red herring, modus ponens",Guerilla warfare,"Greetings! I am interested in natural language processing and I was wondering if you could help me generate an example of text that illustrates multiple skills in semantics or syntax. The example should be a minimal natural piece of text with up to a few lines in the context of Guerilla warfare that illustrates all of the following skills: red herring, modus ponens. Please keep the text as short as possible, and make sure the concepts can be found fully from the text. 

For reference, here are the definitions and examples for the concepts:
**red herring**: Introducing irrelevant points to detract attention from a question. For example, A member of the press asks the president why they voted to expand a welfare program. The president responds, ""The strength of America is the strength of its communities, and I am proud to make our communities better places.""
**modus ponens**: A syllogism that is of the form “If P then Q. P. Hence Q.” For example, ""If today is Tuesday, then John will go to work. Today is Tuesday. Therefore, John will go to work.""

Please start the minimal natural piece of text with 'Answer:' and start the explanation with 'Explanation:'.

Thanks very much!","Answer:
“If the patrol hears our radios, then they will sweep the ridge. They hear our radios, so they will sweep the ridge,” whispered Mara. “Also, remember last winter’s storm? It froze the river solid,” she added, stirring the fire. “Anyway, plant the decoy tracks.”

Explanation:
- Modus ponens: “If the patrol hears our radios, then they will sweep the ridge. They hear our radios. Therefore, they will sweep the ridge.”
- Red herring: The remark about last winter’s storm freezing the river is irrelevant to the tactical decision at hand and distracts from the immediate issue of the patrol and the decoy tracks.","“If the patrol hears our radios, then they will sweep the ridge. They hear our radios, so they will sweep the ridge,” whispered Mara. “Also, remember last winter’s storm? It froze the river solid,” she added, stirring the fire. “Anyway, plant the decoy tracks.”",2
"spatial reasoning, modus ponens",Survivalism,"Greetings! I am interested in natural language processing and I was wondering if you could help me generate an example of text that illustrates multiple skills in semantics or syntax. The example should be a minimal natural piece of text with up to a few lines in the context of Survivalism that illustrates all of the following skills: spatial reasoning, modus ponens. Please keep the text as short as possible, and make sure the concepts can be found fully from the text. 

For reference, here are the definitions and examples for the concepts:
**spatial reasoning**: The capacity to reason about the spatial relationships between objects. For example, The key fit into the box. Using spatial reasoning, one can deduce that the width of the key was smaller than the width of the box.
**modus ponens**: A syllogism that is of the form “If P then Q. P. Hence Q.” For example, ""If today is Tuesday, then John will go to work. Today is Tuesday. Therefore, John will go to work.""

Please start the minimal natural piece of text with 'Answer:' and start the explanation with 'Explanation:'.

Thanks very much!","Answer:
If the cave is behind the boulder, then shelter is nearby. The cave is behind the boulder. Therefore, shelter is nearby. I step around the boulder to reach the cave’s mouth, which is lower than my shoulders and three paces east of the riverbend.

Explanation:
- Modus ponens: “If the cave is behind the boulder, then shelter is nearby. The cave is behind the boulder. Therefore, shelter is nearby.” This matches the P→Q, P, therefore Q pattern.
- Spatial reasoning: The text locates objects and implies spatial relations—“cave is behind the boulder,” “step around the boulder to reach the cave’s mouth,” “lower than my shoulders,” and “three paces east of the riverbend.” From this, one can reason about relative positions (boulder in front of the cave, cave entrance lower than the speaker’s height, and location east of the riverbend).","If the cave is behind the boulder, then shelter is nearby. The cave is behind the boulder. Therefore, shelter is nearby. I step around the boulder to reach the cave’s mouth, which is lower than my shoulders and three paces east of the riverbend.",2
"modus ponens, spatial reasoning",Dueling,"Greetings! I am interested in natural language processing and I was wondering if you could help me generate an example of text that illustrates multiple skills in semantics or syntax. The example should be a minimal natural piece of text with up to a few lines in the context of Dueling that illustrates all of the following skills: modus ponens, spatial reasoning. Please keep the text as short as possible, and make sure the concepts can be found fully from the text. 

For reference, here are the definitions and examples for the concepts:
**modus ponens**: A syllogism that is of the form “If P then Q. P. Hence Q.” For example, ""If today is Tuesday, then John will go to work. Today is Tuesday. Therefore, John will go to work.""
**spatial reasoning**: The capacity to reason about the spatial relationships between objects. For example, The key fit into the box. Using spatial reasoning, one can deduce that the width of the key was smaller than the width of the box.

Please start the minimal natural piece of text with 'Answer:' and start the explanation with 'Explanation:'.

Thanks very much!","Answer:
At dawn, the dueling ground is a narrow bridge over the river. If a duelist is hit, he must step back; Sir Alden is hit. Therefore, Sir Alden steps back. Since the bridge is only one person wide, stepping back puts Alden behind the center line and closer to the railing than his opponent.

Explanation:
- Modus ponens: “If a duelist is hit, he must step back. Sir Alden is hit. Therefore, Sir Alden steps back.”
- Spatial reasoning: The setting states a narrow, one-person-wide bridge. Stepping back on such a bridge necessarily places Alden farther from the center line and closer to the railing than his opponent, establishing relative positions in space.","At dawn, the dueling ground is a narrow bridge over the river. If a duelist is hit, he must step back; Sir Alden is hit. Therefore, Sir Alden steps back. Since the bridge is only one person wide, stepping back puts Alden behind the center line and closer to the railing than his opponent.",2
"self serving bias, modus ponens",The Ottoman Empire,"Greetings! I am interested in natural language processing and I was wondering if you could help me generate an example of text that illustrates multiple skills in semantics or syntax. The example should be a minimal natural piece of text with up to a few lines in the context of The Ottoman Empire that illustrates all of the following skills: self serving bias, modus ponens. Please keep the text as short as possible, and make sure the concepts can be found fully from the text. 

For reference, here are the definitions and examples for the concepts:
**self serving bias**: A cognitive or perceptual process that is distorted by the need to maintain and enhance one’s self esteem. For example, ""If I do well on the exam, it’s because of my academic prowess and hard work. If I do poorly, it’s because the course was poorly taught, and the exam was poorly proctored.""
**modus ponens**: A syllogism that is of the form “If P then Q. P. Hence Q.” For example, ""If today is Tuesday, then John will go to work. Today is Tuesday. Therefore, John will go to work.""

Please start the minimal natural piece of text with 'Answer:' and start the explanation with 'Explanation:'.

Thanks very much!","Answer:
If the Sultan rewards me, it is because of my brilliance; if he overlooks me, court intrigue is to blame. If the Janissaries march, then the rebellion will be crushed. The Janissaries are marching. Therefore, the rebellion will be crushed.

Explanation:
- Self-serving bias: The speaker attributes success (“Sultan rewards me”) to personal virtue (“my brilliance”) and failure (“he overlooks me”) to external factors (“court intrigue”).
- Modus ponens: “If the Janissaries march, then the rebellion will be crushed. The Janissaries are marching. Therefore, the rebellion will be crushed.” This follows the form If P then Q; P; therefore Q, within an Ottoman Empire context.","If the Sultan rewards me, it is because of my brilliance; if he overlooks me, court intrigue is to blame. If the Janissaries march, then the rebellion will be crushed. The Janissaries are marching. Therefore, the rebellion will be crushed.",2
"modus ponens, red herring",Beekeeping,"Greetings! I am interested in natural language processing and I was wondering if you could help me generate an example of text that illustrates multiple skills in semantics or syntax. The example should be a minimal natural piece of text with up to a few lines in the context of Beekeeping that illustrates all of the following skills: modus ponens, red herring. Please keep the text as short as possible, and make sure the concepts can be found fully from the text. 

For reference, here are the definitions and examples for the concepts:
**modus ponens**: A syllogism that is of the form “If P then Q. P. Hence Q.” For example, ""If today is Tuesday, then John will go to work. Today is Tuesday. Therefore, John will go to work.""
**red herring**: Introducing irrelevant points to detract attention from a question. For example, A member of the press asks the president why they voted to expand a welfare program. The president responds, ""The strength of America is the strength of its communities, and I am proud to make our communities better places.""

Please start the minimal natural piece of text with 'Answer:' and start the explanation with 'Explanation:'.

Thanks very much!","Answer:
If the hive lacks a queen, then the workers will make emergency queen cells. The hive lacks a queen. Therefore, the workers will make emergency queen cells. Anyway, did you know bees dance in figure-eights when the sun is warmest?

Explanation:
- Modus ponens: “If the hive lacks a queen, then the workers will make emergency queen cells. The hive lacks a queen. Therefore, the workers will make emergency queen cells.”
- Red herring: The final sentence about bee dances and warm sun is irrelevant to the conclusion about queenlessness and distracts from it.","If the hive lacks a queen, then the workers will make emergency queen cells. The hive lacks a queen. Therefore, the workers will make emergency queen cells. Anyway, did you know bees dance in figure-eights when the sun is warmest?",2
"modus ponens, red herring",Sewing,"Greetings! I am interested in natural language processing and I was wondering if you could help me generate an example of text that illustrates multiple skills in semantics or syntax. The example should be a minimal natural piece of text with up to a few lines in the context of Sewing that illustrates all of the following skills: modus ponens, red herring. Please keep the text as short as possible, and make sure the concepts can be found fully from the text. 

For reference, here are the definitions and examples for the concepts:
**modus ponens**: A syllogism that is of the form “If P then Q. P. Hence Q.” For example, ""If today is Tuesday, then John will go to work. Today is Tuesday. Therefore, John will go to work.""
**red herring**: Introducing irrelevant points to detract attention from a question. For example, A member of the press asks the president why they voted to expand a welfare program. The president responds, ""The strength of America is the strength of its communities, and I am proud to make our communities better places.""

Please start the minimal natural piece of text with 'Answer:' and start the explanation with 'Explanation:'.

Thanks very much!","Answer:
If a seam is crooked, then I must resew it. The seam is crooked. Therefore, I must resew it. By the way, did you notice the vibrant color of the bobbin? It really brightens the studio.

Explanation:
- Modus ponens: “If a seam is crooked, then I must resew it. The seam is crooked. Therefore, I must resew it.” fits the form “If P then Q. P. Hence Q.”
- Red herring: The remark about the bobbin’s color is irrelevant to the issue of fixing the crooked seam and distracts from the main point.","If a seam is crooked, then I must resew it. The seam is crooked. Therefore, I must resew it. By the way, did you notice the vibrant color of the bobbin? It really brightens the studio.",2
"modus ponens, folk physics (common knowledge physics), spatial reasoning",Survivalism,"Greetings! I am interested in natural language processing and I was wondering if you could help me generate an example of text that illustrates multiple skills in semantics or syntax. The example should be a minimal natural piece of text with up to a few lines in the context of Survivalism that illustrates all of the following skills: modus ponens, folk physics (common knowledge physics), spatial reasoning. Please keep the text as short as possible, and make sure the concepts can be found fully from the text. 

For reference, here are the definitions and examples for the concepts:
**modus ponens**: A syllogism that is of the form “If P then Q. P. Hence Q.” For example, ""If today is Tuesday, then John will go to work. Today is Tuesday. Therefore, John will go to work.""
**folk physics (common knowledge physics)**: The untrained human perception of basic physical phenomena. For example, ""If I roll the pen off of the table, it will fall to the floor.""
**spatial reasoning**: The capacity to reason about the spatial relationships between objects. For example, The key fit into the box. Using spatial reasoning, one can deduce that the width of the key was smaller than the width of the box.

Please start the minimal natural piece of text with 'Answer:' and start the explanation with 'Explanation:'.

Thanks very much!","Answer:
If the matches stay dry, then I can light a fire. The matches are dry, so I can light a fire. I set the tinder under the overhanging rock, because the rock above blocks rain and wind. The pot fits inside the metal cup, so I nest the cup around the pot to carry both. If I place the heavier stones at the base, the shelter wall won’t topple; I place the heavy stones at the base, so the wall stays upright.

Explanation:
- Modus ponens: “If the matches stay dry, then I can light a fire. The matches are dry, so I can light a fire.” and “If I place the heavier stones at the base, the shelter wall won’t topple; I place the heavy stones at the base, so the wall stays upright.”
- Folk physics: Dry matches enable fire; heavier stones at the base stabilize a wall; an overhanging rock blocks rain and wind.
- Spatial reasoning: The pot fits inside the metal cup implies the pot’s dimensions are smaller than the cup’s interior, allowing nesting and joint carrying; placing tinder under an overhang exploits spatial shelter from elements.","If the matches stay dry, then I can light a fire. The matches are dry, so I can light a fire. I set the tinder under the overhanging rock, because the rock above blocks rain and wind. The pot fits inside the metal cup, so I nest the cup around the pot to carry both. If I place the heavier stones at the base, the shelter wall won’t topple; I place the heavy stones at the base, so the wall stays upright.",3
"modus ponens, spatial reasoning, red herring",Beekeeping,"Greetings! I am interested in natural language processing and I was wondering if you could help me generate an example of text that illustrates multiple skills in semantics or syntax. The example should be a minimal natural piece of text with up to a few lines in the context of Beekeeping that illustrates all of the following skills: modus ponens, spatial reasoning, red herring. Please keep the text as short as possible, and make sure the concepts can be found fully from the text. 

For reference, here are the definitions and examples for the concepts:
**modus ponens**: A syllogism that is of the form “If P then Q. P. Hence Q.” For example, ""If today is Tuesday, then John will go to work. Today is Tuesday. Therefore, John will go to work.""
**spatial reasoning**: The capacity to reason about the spatial relationships between objects. For example, The key fit into the box. Using spatial reasoning, one can deduce that the width of the key was smaller than the width of the box.
**red herring**: Introducing irrelevant points to detract attention from a question. For example, A member of the press asks the president why they voted to expand a welfare program. The president responds, ""The strength of America is the strength of its communities, and I am proud to make our communities better places.""

Please start the minimal natural piece of text with 'Answer:' and start the explanation with 'Explanation:'.

Thanks very much!","Answer:
“If a hive’s entrance faces east, then the morning sun will warm the brood. This hive’s entrance faces east; therefore, the morning sun will warm the brood. Place the smoker upwind and two steps to the left of the entrance so the smoke drifts across the comb rather than into your face. And anyway, what truly matters is that honey on toast is delicious, which proves the queen prefers clover—let’s not fuss about the entrance.”

Explanation:
- Modus ponens: “If a hive’s entrance faces east, then the morning sun will warm the brood. This hive’s entrance faces east; therefore, the morning sun will warm the brood.”
- Spatial reasoning: “Place the smoker upwind and two steps to the left of the entrance so the smoke drifts across the comb rather than into your face.” This implies positions and orientations (upwind, left, drift across comb vs. away from the beekeeper).
- Red herring: “And anyway, what truly matters is that honey on toast is delicious, which proves the queen prefers clover—let’s not fuss about the entrance.” This introduces irrelevant points (taste of honey, queen’s preference) to distract from the entrance orientation issue.","“If a hive’s entrance faces east, then the morning sun will warm the brood. This hive’s entrance faces east; therefore, the morning sun will warm the brood. Place the smoker upwind and two steps to the left of the entrance so the smoke drifts across the comb rather than into your face. And anyway, what truly matters is that honey on toast is delicious, which proves the queen prefers clover—let’s not fuss about the entrance.”",3
"folk physics (common knowledge physics), red herring, modus ponens",Survivalism,"Greetings! I am interested in natural language processing and I was wondering if you could help me generate an example of text that illustrates multiple skills in semantics or syntax. The example should be a minimal natural piece of text with up to a few lines in the context of Survivalism that illustrates all of the following skills: folk physics (common knowledge physics), red herring, modus ponens. Please keep the text as short as possible, and make sure the concepts can be found fully from the text. 

For reference, here are the definitions and examples for the concepts:
**folk physics (common knowledge physics)**: The untrained human perception of basic physical phenomena. For example, ""If I roll the pen off of the table, it will fall to the floor.""
**red herring**: Introducing irrelevant points to detract attention from a question. For example, A member of the press asks the president why they voted to expand a welfare program. The president responds, ""The strength of America is the strength of its communities, and I am proud to make our communities better places.""
**modus ponens**: A syllogism that is of the form “If P then Q. P. Hence Q.” For example, ""If today is Tuesday, then John will go to work. Today is Tuesday. Therefore, John will go to work.""

Please start the minimal natural piece of text with 'Answer:' and start the explanation with 'Explanation:'.

Thanks very much!","Answer:
If the shelter roof is loose, then rain will leak in. The roof is loose, so rain will leak in. I’ll tie it down, because heavy objects fall when unsupported and wind can lift light tarps. Also, the berries are a pretty color, which reminds me of my cousin’s favorite sweater.

Explanation:
- Modus ponens: “If the shelter roof is loose, then rain will leak in. The roof is loose, so rain will leak in.”
- Folk physics (common knowledge physics): “heavy objects fall when unsupported and wind can lift light tarps.”
- Red herring: “Also, the berries are a pretty color, which reminds me of my cousin’s favorite sweater.” (irrelevant to the shelter/rain problem)","If the shelter roof is loose, then rain will leak in. The roof is loose, so rain will leak in. I’ll tie it down, because heavy objects fall when unsupported and wind can lift light tarps. Also, the berries are a pretty color, which reminds me of my cousin’s favorite sweater.",3
"red herring, self serving bias, modus ponens",Beekeeping,"Greetings! I am interested in natural language processing and I was wondering if you could help me generate an example of text that illustrates multiple skills in semantics or syntax. The example should be a minimal natural piece of text with up to a few lines in the context of Beekeeping that illustrates all of the following skills: red herring, self serving bias, modus ponens. Please keep the text as short as possible, and make sure the concepts can be found fully from the text. 

For reference, here are the definitions and examples for the concepts:
**red herring**: Introducing irrelevant points to detract attention from a question. For example, A member of the press asks the president why they voted to expand a welfare program. The president responds, ""The strength of America is the strength of its communities, and I am proud to make our communities better places.""
**self serving bias**: A cognitive or perceptual process that is distorted by the need to maintain and enhance one’s self esteem. For example, ""If I do well on the exam, it’s because of my academic prowess and hard work. If I do poorly, it’s because the course was poorly taught, and the exam was poorly proctored.""
**modus ponens**: A syllogism that is of the form “If P then Q. P. Hence Q.” For example, ""If today is Tuesday, then John will go to work. Today is Tuesday. Therefore, John will go to work.""

Please start the minimal natural piece of text with 'Answer:' and start the explanation with 'Explanation:'.

Thanks very much!","Answer:
The apprentice asked, “Should we replace this cracked hive box?” The beekeeper replied, “Our honey won best at the county fair, and the garden looks lovely this spring.” If a hive box is cracked, then the bees will become stressed. This hive box is cracked. Therefore, the bees will become stressed. Also, when my colonies thrive, it’s because I manage them expertly; when they struggle, it’s the weather’s fault.

Explanation:
- Red herring: The beekeeper diverts from the replacement question by talking about winning honey awards and the garden looking lovely, which are irrelevant to whether the cracked box should be replaced.
- Modus ponens: “If a hive box is cracked, then the bees will become stressed. This hive box is cracked. Therefore, the bees will become stressed.”
- Self-serving bias: The beekeeper credits success to personal expertise but blames struggles on external factors (the weather).","The apprentice asked, “Should we replace this cracked hive box?” The beekeeper replied, “Our honey won best at the county fair, and the garden looks lovely this spring.” If a hive box is cracked, then the bees will become stressed. This hive box is cracked. Therefore, the bees will become stressed. Also, when my colonies thrive, it’s because I manage them expertly; when they struggle, it’s the weather’s fault.",3
"spatial reasoning, red herring, modus ponens",Dueling,"Greetings! I am interested in natural language processing and I was wondering if you could help me generate an example of text that illustrates multiple skills in semantics or syntax. The example should be a minimal natural piece of text with up to a few lines in the context of Dueling that illustrates all of the following skills: spatial reasoning, red herring, modus ponens. Please keep the text as short as possible, and make sure the concepts can be found fully from the text. 

For reference, here are the definitions and examples for the concepts:
**spatial reasoning**: The capacity to reason about the spatial relationships between objects. For example, The key fit into the box. Using spatial reasoning, one can deduce that the width of the key was smaller than the width of the box.
**red herring**: Introducing irrelevant points to detract attention from a question. For example, A member of the press asks the president why they voted to expand a welfare program. The president responds, ""The strength of America is the strength of its communities, and I am proud to make our communities better places.""
**modus ponens**: A syllogism that is of the form “If P then Q. P. Hence Q.” For example, ""If today is Tuesday, then John will go to work. Today is Tuesday. Therefore, John will go to work.""

Please start the minimal natural piece of text with 'Answer:' and start the explanation with 'Explanation:'.

Thanks very much!","Answer: The dueling piste is three steps wide; my blade passes through the gap between your guard and the left boundary, so it must be narrower than that gap. If a fencer crosses the rear line, then they lose the point. You crossed the rear line; therefore, you lose the point. Anyway, did you notice how the sunset glints on my polished buckle?

Explanation:
- Spatial reasoning: “The dueling piste is three steps wide; my blade passes through the gap between your guard and the left boundary, so it must be narrower than that gap.” This reasons about relative sizes and positions (blade, guard, boundary).
- Modus ponens: “If a fencer crosses the rear line, then they lose the point. You crossed the rear line; therefore, you lose the point.” This is the form If P then Q. P. Therefore Q.
- Red herring: “Anyway, did you notice how the sunset glints on my polished buckle?” This introduces an irrelevant, distracting point unrelated to the scoring/rule question.","The dueling piste is three steps wide; my blade passes through the gap between your guard and the left boundary, so it must be narrower than that gap. If a fencer crosses the rear line, then they lose the point. You crossed the rear line; therefore, you lose the point. Anyway, did you notice how the sunset glints on my polished buckle?",3
"self serving bias, red herring, modus ponens",The Ottoman Empire,"Greetings! I am interested in natural language processing and I was wondering if you could help me generate an example of text that illustrates multiple skills in semantics or syntax. The example should be a minimal natural piece of text with up to a few lines in the context of The Ottoman Empire that illustrates all of the following skills: self serving bias, red herring, modus ponens. Please keep the text as short as possible, and make sure the concepts can be found fully from the text. 

For reference, here are the definitions and examples for the concepts:
**self serving bias**: A cognitive or perceptual process that is distorted by the need to maintain and enhance one’s self esteem. For example, ""If I do well on the exam, it’s because of my academic prowess and hard work. If I do poorly, it’s because the course was poorly taught, and the exam was poorly proctored.""
**red herring**: Introducing irrelevant points to detract attention from a question. For example, A member of the press asks the president why they voted to expand a welfare program. The president responds, ""The strength of America is the strength of its communities, and I am proud to make our communities better places.""
**modus ponens**: A syllogism that is of the form “If P then Q. P. Hence Q.” For example, ""If today is Tuesday, then John will go to work. Today is Tuesday. Therefore, John will go to work.""

Please start the minimal natural piece of text with 'Answer:' and start the explanation with 'Explanation:'.

Thanks very much!","Answer: “If the sultan secures the grain routes, then Istanbul will not starve. The sultan secures the grain routes; therefore, Istanbul will not starve. My victory at Varna proves my brilliance, while last year’s setback was due to treacherous weather. And anyway, have you admired the exquisite tiles of the new mosque?”

Explanation:
- Modus ponens: “If the sultan secures the grain routes, then Istanbul will not starve. The sultan secures the grain routes; therefore, Istanbul will not starve.”
- Self-serving bias: “My victory at Varna proves my brilliance, while last year’s setback was due to treacherous weather.” (crediting success to self, blaming failure on external factors)
- Red herring: “And anyway, have you admired the exquisite tiles of the new mosque?” (an irrelevant diversion from the prior issues)","“If the sultan secures the grain routes, then Istanbul will not starve. The sultan secures the grain routes; therefore, Istanbul will not starve. My victory at Varna proves my brilliance, while last year’s setback was due to treacherous weather. And anyway, have you admired the exquisite tiles of the new mosque?”",3
"red herring, folk physics (common knowledge physics), modus ponens",Survivalism,"Greetings! I am interested in natural language processing and I was wondering if you could help me generate an example of text that illustrates multiple skills in semantics or syntax. The example should be a minimal natural piece of text with up to a few lines in the context of Survivalism that illustrates all of the following skills: red herring, folk physics (common knowledge physics), modus ponens. Please keep the text as short as possible, and make sure the concepts can be found fully from the text. 

For reference, here are the definitions and examples for the concepts:
**red herring**: Introducing irrelevant points to detract attention from a question. For example, A member of the press asks the president why they voted to expand a welfare program. The president responds, ""The strength of America is the strength of its communities, and I am proud to make our communities better places.""
**folk physics (common knowledge physics)**: The untrained human perception of basic physical phenomena. For example, ""If I roll the pen off of the table, it will fall to the floor.""
**modus ponens**: A syllogism that is of the form “If P then Q. P. Hence Q.” For example, ""If today is Tuesday, then John will go to work. Today is Tuesday. Therefore, John will go to work.""

Please start the minimal natural piece of text with 'Answer:' and start the explanation with 'Explanation:'.

Thanks very much!","Answer:
“If the firestarter is dry, then the tinder will catch. The firestarter is dry. Therefore, the tinder will catch. Also, the color of the tarp is stylish, which proves I’m a serious prepper. Anyway, if I drop this canteen, it will fall to the ground.”

Explanation:
- Modus ponens: “If the firestarter is dry, then the tinder will catch. The firestarter is dry. Therefore, the tinder will catch.”
- Red herring: “Also, the color of the tarp is stylish, which proves I’m a serious prepper.” This is irrelevant to the practical question of making fire.
- Folk physics: “If I drop this canteen, it will fall to the ground.” This reflects common-sense understanding of gravity.","“If the firestarter is dry, then the tinder will catch. The firestarter is dry. Therefore, the tinder will catch. Also, the color of the tarp is stylish, which proves I’m a serious prepper. Anyway, if I drop this canteen, it will fall to the ground.”",3
"modus ponens, folk physics (common knowledge physics), self serving bias",Beekeeping,"Greetings! I am interested in natural language processing and I was wondering if you could help me generate an example of text that illustrates multiple skills in semantics or syntax. The example should be a minimal natural piece of text with up to a few lines in the context of Beekeeping that illustrates all of the following skills: modus ponens, folk physics (common knowledge physics), self serving bias. Please keep the text as short as possible, and make sure the concepts can be found fully from the text. 

For reference, here are the definitions and examples for the concepts:
**modus ponens**: A syllogism that is of the form “If P then Q. P. Hence Q.” For example, ""If today is Tuesday, then John will go to work. Today is Tuesday. Therefore, John will go to work.""
**folk physics (common knowledge physics)**: The untrained human perception of basic physical phenomena. For example, ""If I roll the pen off of the table, it will fall to the floor.""
**self serving bias**: A cognitive or perceptual process that is distorted by the need to maintain and enhance one’s self esteem. For example, ""If I do well on the exam, it’s because of my academic prowess and hard work. If I do poorly, it’s because the course was poorly taught, and the exam was poorly proctored.""

Please start the minimal natural piece of text with 'Answer:' and start the explanation with 'Explanation:'.

Thanks very much!","Answer: If a hive is calm, then I handled the bees well. The hive is calm, so I handled them well. If I drop the smoker, it will fall to the ground. When the honey yield is high, it’s thanks to my skill; when it’s low, it’s because the weather ruined the nectar flow.

Explanation:
- Modus ponens: “If a hive is calm, then I handled the bees well. The hive is calm, so I handled them well.”
- Folk physics: “If I drop the smoker, it will fall to the ground.”
- Self-serving bias: “When the honey yield is high, it’s thanks to my skill; when it’s low, it’s because the weather ruined the nectar flow.”","If a hive is calm, then I handled the bees well. The hive is calm, so I handled them well. If I drop the smoker, it will fall to the ground. When the honey yield is high, it’s thanks to my skill; when it’s low, it’s because the weather ruined the nectar flow.",3
"modus ponens, folk physics (common knowledge physics), spatial reasoning",Guerilla warfare,"Greetings! I am interested in natural language processing and I was wondering if you could help me generate an example of text that illustrates multiple skills in semantics or syntax. The example should be a minimal natural piece of text with up to a few lines in the context of Guerilla warfare that illustrates all of the following skills: modus ponens, folk physics (common knowledge physics), spatial reasoning. Please keep the text as short as possible, and make sure the concepts can be found fully from the text. 

For reference, here are the definitions and examples for the concepts:
**modus ponens**: A syllogism that is of the form “If P then Q. P. Hence Q.” For example, ""If today is Tuesday, then John will go to work. Today is Tuesday. Therefore, John will go to work.""
**folk physics (common knowledge physics)**: The untrained human perception of basic physical phenomena. For example, ""If I roll the pen off of the table, it will fall to the floor.""
**spatial reasoning**: The capacity to reason about the spatial relationships between objects. For example, The key fit into the box. Using spatial reasoning, one can deduce that the width of the key was smaller than the width of the box.

Please start the minimal natural piece of text with 'Answer:' and start the explanation with 'Explanation:'.

Thanks very much!","Answer:
If the sentry leaves the north ridge, then the path is clear. The sentry leaves the north ridge; therefore, the path is clear. We rolled a rock down the slope to trigger the tripwire—heavy objects fall and slide downhill. The cave mouth is narrower than a man’s shoulders, but the narrow ravine beside it is wider; we slipped through the ravine to flank the patrol.

Explanation:
- Modus ponens: “If the sentry leaves the north ridge, then the path is clear. The sentry leaves the north ridge; therefore, the path is clear.”
- Folk physics: “We rolled a rock down the slope to trigger the tripwire—heavy objects fall and slide downhill,” relying on gravity and slope behavior.
- Spatial reasoning: “The cave mouth is narrower than a man’s shoulders, but the narrow ravine beside it is wider; we slipped through the ravine,” deducing passage feasibility from relative widths.","If the sentry leaves the north ridge, then the path is clear. The sentry leaves the north ridge; therefore, the path is clear. We rolled a rock down the slope to trigger the tripwire—heavy objects fall and slide downhill. The cave mouth is narrower than a man’s shoulders, but the narrow ravine beside it is wider; we slipped through the ravine to flank the patrol.",3
"folk physics (common knowledge physics), self serving bias, modus ponens",Dueling,"Greetings! I am interested in natural language processing and I was wondering if you could help me generate an example of text that illustrates multiple skills in semantics or syntax. The example should be a minimal natural piece of text with up to a few lines in the context of Dueling that illustrates all of the following skills: folk physics (common knowledge physics), self serving bias, modus ponens. Please keep the text as short as possible, and make sure the concepts can be found fully from the text. 

For reference, here are the definitions and examples for the concepts:
**folk physics (common knowledge physics)**: The untrained human perception of basic physical phenomena. For example, ""If I roll the pen off of the table, it will fall to the floor.""
**self serving bias**: A cognitive or perceptual process that is distorted by the need to maintain and enhance one’s self esteem. For example, ""If I do well on the exam, it’s because of my academic prowess and hard work. If I do poorly, it’s because the course was poorly taught, and the exam was poorly proctored.""
**modus ponens**: A syllogism that is of the form “If P then Q. P. Hence Q.” For example, ""If today is Tuesday, then John will go to work. Today is Tuesday. Therefore, John will go to work.""

Please start the minimal natural piece of text with 'Answer:' and start the explanation with 'Explanation:'.

Thanks very much!","Answer: The duelist eyed the slick stone: if the ground is wet, then a heavy step will slide. The ground is wet. Therefore, a heavy step will slide. I leapt lightly and he lunged—of course I won because I’m skilled; when I slipped earlier, it was only because the floor was treacherous. He missed because everyone knows momentum carries you forward when your foot skids.

Explanation:
- Folk physics: References to wet ground causing sliding and momentum carrying a person forward.
- Self-serving bias: The narrator credits the win to personal skill but blames earlier slipping on the treacherous floor.
- Modus ponens: “If the ground is wet, then a heavy step will slide. The ground is wet. Therefore, a heavy step will slide.”","The duelist eyed the slick stone: if the ground is wet, then a heavy step will slide. The ground is wet. Therefore, a heavy step will slide. I leapt lightly and he lunged—of course I won because I’m skilled; when I slipped earlier, it was only because the floor was treacherous. He missed because everyone knows momentum carries you forward when your foot skids.",3
"modus ponens, self serving bias, red herring",Urbanism,"Greetings! I am interested in natural language processing and I was wondering if you could help me generate an example of text that illustrates multiple skills in semantics or syntax. The example should be a minimal natural piece of text with up to a few lines in the context of Urbanism that illustrates all of the following skills: modus ponens, self serving bias, red herring. Please keep the text as short as possible, and make sure the concepts can be found fully from the text. 

For reference, here are the definitions and examples for the concepts:
**modus ponens**: A syllogism that is of the form “If P then Q. P. Hence Q.” For example, ""If today is Tuesday, then John will go to work. Today is Tuesday. Therefore, John will go to work.""
**self serving bias**: A cognitive or perceptual process that is distorted by the need to maintain and enhance one’s self esteem. For example, ""If I do well on the exam, it’s because of my academic prowess and hard work. If I do poorly, it’s because the course was poorly taught, and the exam was poorly proctored.""
**red herring**: Introducing irrelevant points to detract attention from a question. For example, A member of the press asks the president why they voted to expand a welfare program. The president responds, ""The strength of America is the strength of its communities, and I am proud to make our communities better places.""

Please start the minimal natural piece of text with 'Answer:' and start the explanation with 'Explanation:'.

Thanks very much!","Answer:
If a street has protected bike lanes, then more locals choose cycling. Main Street now has protected bike lanes, so more locals will choose cycling. And obviously, our recent drop in traffic jams proves my planning skill—I pushed for the lanes. Anyway, talking about congestion misses the real issue: have you seen the charming murals we commissioned?

Explanation:
- Modus ponens: “If a street has protected bike lanes, then more locals choose cycling. Main Street now has protected bike lanes, so more locals will choose cycling.”
- Self-serving bias: “Our recent drop in traffic jams proves my planning skill—I pushed for the lanes,” attributing positive outcomes to the speaker’s own actions.
- Red herring: “Anyway, talking about congestion misses the real issue: have you seen the charming murals we commissioned?” introduces irrelevant murals to distract from the congestion topic.","If a street has protected bike lanes, then more locals choose cycling. Main Street now has protected bike lanes, so more locals will choose cycling. And obviously, our recent drop in traffic jams proves my planning skill—I pushed for the lanes. Anyway, talking about congestion misses the real issue: have you seen the charming murals we commissioned?",3
"red herring, modus ponens, self serving bias",Beekeeping,"Greetings! I am interested in natural language processing and I was wondering if you could help me generate an example of text that illustrates multiple skills in semantics or syntax. The example should be a minimal natural piece of text with up to a few lines in the context of Beekeeping that illustrates all of the following skills: red herring, modus ponens, self serving bias. Please keep the text as short as possible, and make sure the concepts can be found fully from the text. 

For reference, here are the definitions and examples for the concepts:
**red herring**: Introducing irrelevant points to detract attention from a question. For example, A member of the press asks the president why they voted to expand a welfare program. The president responds, ""The strength of America is the strength of its communities, and I am proud to make our communities better places.""
**modus ponens**: A syllogism that is of the form “If P then Q. P. Hence Q.” For example, ""If today is Tuesday, then John will go to work. Today is Tuesday. Therefore, John will go to work.""
**self serving bias**: A cognitive or perceptual process that is distorted by the need to maintain and enhance one’s self esteem. For example, ""If I do well on the exam, it’s because of my academic prowess and hard work. If I do poorly, it’s because the course was poorly taught, and the exam was poorly proctored.""

Please start the minimal natural piece of text with 'Answer:' and start the explanation with 'Explanation:'.

Thanks very much!","Answer:
Beekeeper: If the queen is healthy, then the hive will thrive. The queen is healthy, so the hive will thrive. Anyway, did you see how beautifully the sunflowers bloomed this year? They’re stunning.
Later: Our honey yield is high because I managed the colonies brilliantly; last year’s low yield was just because the weather was unfair.

Explanation:
- Modus ponens: “If the queen is healthy, then the hive will thrive. The queen is healthy. Therefore, the hive will thrive.”
- Red herring: The sudden remark about sunflowers diverts from the hive’s condition.
- Self-serving bias: Success (high yield) is attributed to personal skill; failure (low yield) is blamed on external factors (weather).","Beekeeper: If the queen is healthy, then the hive will thrive. The queen is healthy, so the hive will thrive. Anyway, did you see how beautifully the sunflowers bloomed this year? They’re stunning.
Later: Our honey yield is high because I managed the colonies brilliantly; last year’s low yield was just because the weather was unfair.",3
"spatial reasoning, folk physics (common knowledge physics), modus ponens",Dueling,"Greetings! I am interested in natural language processing and I was wondering if you could help me generate an example of text that illustrates multiple skills in semantics or syntax. The example should be a minimal natural piece of text with up to a few lines in the context of Dueling that illustrates all of the following skills: spatial reasoning, folk physics (common knowledge physics), modus ponens. Please keep the text as short as possible, and make sure the concepts can be found fully from the text. 

For reference, here are the definitions and examples for the concepts:
**spatial reasoning**: The capacity to reason about the spatial relationships between objects. For example, The key fit into the box. Using spatial reasoning, one can deduce that the width of the key was smaller than the width of the box.
**folk physics (common knowledge physics)**: The untrained human perception of basic physical phenomena. For example, ""If I roll the pen off of the table, it will fall to the floor.""
**modus ponens**: A syllogism that is of the form “If P then Q. P. Hence Q.” For example, ""If today is Tuesday, then John will go to work. Today is Tuesday. Therefore, John will go to work.""

Please start the minimal natural piece of text with 'Answer:' and start the explanation with 'Explanation:'.

Thanks very much!","Answer:
The duelist says, “If I step left, then your lunge will miss. I step left—so your lunge will miss.” I move left of your blade’s path; the point passes to my right. Since your sword is heavier at the tip, it keeps swinging forward; if it overshoots, it cannot stop instantly.

Explanation:
- Spatial reasoning: “I move left of your blade’s path; the point passes to my right.” From this, one can infer relative positions—my body is left of the sword’s trajectory, and the blade’s point is to my right, so the lunge misses.
- Folk physics: “Since your sword is heavier at the tip, it keeps swinging forward; if it overshoots, it cannot stop instantly.” This uses common knowledge that inertia and momentum prevent abrupt stopping, especially with a heavy tip.
- Modus ponens: “If I step left, then your lunge will miss. I step left—so your lunge will miss.” This is exactly the P→Q, P, therefore Q form.","The duelist says, “If I step left, then your lunge will miss. I step left—so your lunge will miss.” I move left of your blade’s path; the point passes to my right. Since your sword is heavier at the tip, it keeps swinging forward; if it overshoots, it cannot stop instantly.",3
"red herring, self serving bias, modus ponens",Beekeeping,"Greetings! I am interested in natural language processing and I was wondering if you could help me generate an example of text that illustrates multiple skills in semantics or syntax. The example should be a minimal natural piece of text with up to a few lines in the context of Beekeeping that illustrates all of the following skills: red herring, self serving bias, modus ponens. Please keep the text as short as possible, and make sure the concepts can be found fully from the text. 

For reference, here are the definitions and examples for the concepts:
**red herring**: Introducing irrelevant points to detract attention from a question. For example, A member of the press asks the president why they voted to expand a welfare program. The president responds, ""The strength of America is the strength of its communities, and I am proud to make our communities better places.""
**self serving bias**: A cognitive or perceptual process that is distorted by the need to maintain and enhance one’s self esteem. For example, ""If I do well on the exam, it’s because of my academic prowess and hard work. If I do poorly, it’s because the course was poorly taught, and the exam was poorly proctored.""
**modus ponens**: A syllogism that is of the form “If P then Q. P. Hence Q.” For example, ""If today is Tuesday, then John will go to work. Today is Tuesday. Therefore, John will go to work.""

Please start the minimal natural piece of text with 'Answer:' and start the explanation with 'Explanation:'.

Thanks very much!","Answer:
“If a hive is well-insulated, then winter survival improves. This hive is well-insulated. Therefore, winter survival improves. Also, the mayor’s new park benches are lovely, so let’s not fuss over bee mortality right now. When my colonies thrive, it’s thanks to my expert beekeeping; when they struggle, it’s because the weather was unusually harsh.”

Explanation:
- Modus ponens: “If a hive is well-insulated, then winter survival improves. This hive is well-insulated. Therefore, winter survival improves.”
- Red herring: “Also, the mayor’s new park benches are lovely, so let’s not fuss over bee mortality right now.” (irrelevant distraction from bee mortality)
- Self-serving bias: “When my colonies thrive, it’s thanks to my expert beekeeping; when they struggle, it’s because the weather was unusually harsh.” (crediting success to self, blaming failure on external factors)","“If a hive is well-insulated, then winter survival improves. This hive is well-insulated. Therefore, winter survival improves. Also, the mayor’s new park benches are lovely, so let’s not fuss over bee mortality right now. When my colonies thrive, it’s thanks to my expert beekeeping; when they struggle, it’s because the weather was unusually harsh.”",3
"self serving bias, red herring, modus ponens",Guerilla warfare,"Greetings! I am interested in natural language processing and I was wondering if you could help me generate an example of text that illustrates multiple skills in semantics or syntax. The example should be a minimal natural piece of text with up to a few lines in the context of Guerilla warfare that illustrates all of the following skills: self serving bias, red herring, modus ponens. Please keep the text as short as possible, and make sure the concepts can be found fully from the text. 

For reference, here are the definitions and examples for the concepts:
**self serving bias**: A cognitive or perceptual process that is distorted by the need to maintain and enhance one’s self esteem. For example, ""If I do well on the exam, it’s because of my academic prowess and hard work. If I do poorly, it’s because the course was poorly taught, and the exam was poorly proctored.""
**red herring**: Introducing irrelevant points to detract attention from a question. For example, A member of the press asks the president why they voted to expand a welfare program. The president responds, ""The strength of America is the strength of its communities, and I am proud to make our communities better places.""
**modus ponens**: A syllogism that is of the form “If P then Q. P. Hence Q.” For example, ""If today is Tuesday, then John will go to work. Today is Tuesday. Therefore, John will go to work.""

Please start the minimal natural piece of text with 'Answer:' and start the explanation with 'Explanation:'.

Thanks very much!","Answer:
“If we win the ambush, it’s because of my brilliant plan; if we miss the target, the terrain sabotaged us, not my strategy. If the patrol enters the ravine, then our trap will spring. The patrol enters the ravine; therefore, the trap will spring. But before we talk about that, remember our glorious history and the sunsets over these mountains.”

Explanation:
- Self-serving bias: “If we win the ambush, it’s because of my brilliant plan; if we miss the target, the terrain sabotaged us, not my strategy.”
- Modus ponens: “If the patrol enters the ravine, then our trap will spring. The patrol enters the ravine; therefore, the trap will spring.”
- Red herring: “But before we talk about that, remember our glorious history and the sunsets over these mountains.” This shifts attention from the operational question to irrelevant sentimental imagery.","“If we win the ambush, it’s because of my brilliant plan; if we miss the target, the terrain sabotaged us, not my strategy. If the patrol enters the ravine, then our trap will spring. The patrol enters the ravine; therefore, the trap will spring. But before we talk about that, remember our glorious history and the sunsets over these mountains.”",3
"red herring, folk physics (common knowledge physics), modus ponens",Beekeeping,"Greetings! I am interested in natural language processing and I was wondering if you could help me generate an example of text that illustrates multiple skills in semantics or syntax. The example should be a minimal natural piece of text with up to a few lines in the context of Beekeeping that illustrates all of the following skills: red herring, folk physics (common knowledge physics), modus ponens. Please keep the text as short as possible, and make sure the concepts can be found fully from the text. 

For reference, here are the definitions and examples for the concepts:
**red herring**: Introducing irrelevant points to detract attention from a question. For example, A member of the press asks the president why they voted to expand a welfare program. The president responds, ""The strength of America is the strength of its communities, and I am proud to make our communities better places.""
**folk physics (common knowledge physics)**: The untrained human perception of basic physical phenomena. For example, ""If I roll the pen off of the table, it will fall to the floor.""
**modus ponens**: A syllogism that is of the form “If P then Q. P. Hence Q.” For example, ""If today is Tuesday, then John will go to work. Today is Tuesday. Therefore, John will go to work.""

Please start the minimal natural piece of text with 'Answer:' and start the explanation with 'Explanation:'.

Thanks very much!","Answer:
“If the hive is calm, then the queen is inside. The hive is calm, so the queen is inside. Also, our honey labels are a cheerful shade of yellow, which totally proves we’re excellent marketers. If I drop the smoker, it will fall to the ground.”

Explanation:
- Red herring: “Our honey labels are a cheerful shade of yellow, which totally proves we’re excellent marketers.” This is irrelevant to the question of hive/queen status and distracts from it.
- Folk physics: “If I drop the smoker, it will fall to the ground.” This invokes common-sense physics about gravity.
- Modus ponens: “If the hive is calm, then the queen is inside. The hive is calm, so the queen is inside.” This follows the form If P then Q; P; therefore Q.","“If the hive is calm, then the queen is inside. The hive is calm, so the queen is inside. Also, our honey labels are a cheerful shade of yellow, which totally proves we’re excellent marketers. If I drop the smoker, it will fall to the ground.”",3
"modus ponens, spatial reasoning, self serving bias",Dueling,"Greetings! I am interested in natural language processing and I was wondering if you could help me generate an example of text that illustrates multiple skills in semantics or syntax. The example should be a minimal natural piece of text with up to a few lines in the context of Dueling that illustrates all of the following skills: modus ponens, spatial reasoning, self serving bias. Please keep the text as short as possible, and make sure the concepts can be found fully from the text. 

For reference, here are the definitions and examples for the concepts:
**modus ponens**: A syllogism that is of the form “If P then Q. P. Hence Q.” For example, ""If today is Tuesday, then John will go to work. Today is Tuesday. Therefore, John will go to work.""
**spatial reasoning**: The capacity to reason about the spatial relationships between objects. For example, The key fit into the box. Using spatial reasoning, one can deduce that the width of the key was smaller than the width of the box.
**self serving bias**: A cognitive or perceptual process that is distorted by the need to maintain and enhance one’s self esteem. For example, ""If I do well on the exam, it’s because of my academic prowess and hard work. If I do poorly, it’s because the course was poorly taught, and the exam was poorly proctored.""

Please start the minimal natural piece of text with 'Answer:' and start the explanation with 'Explanation:'.

Thanks very much!","Answer:
“If my blade touches first, then I win. My blade touched first—so I win. He stood a step inside my reach, so I slid left to open the angle and struck. And if I hadn’t won, it would’ve been because his referee favored him, not because I misjudged.”

Explanation:
- Modus ponens: “If my blade touches first, then I win. My blade touched first—so I win.” follows the form If P then Q; P; therefore Q.
- Spatial reasoning: “He stood a step inside my reach, so I slid left to open the angle and struck.” uses spatial positions and angles to justify how the strike was possible.
- Self-serving bias: “And if I hadn’t won, it would’ve been because his referee favored him, not because I misjudged.” attributes success to self (skill) and hypothetical failure to external bias.","“If my blade touches first, then I win. My blade touched first—so I win. He stood a step inside my reach, so I slid left to open the angle and struck. And if I hadn’t won, it would’ve been because his referee favored him, not because I misjudged.”",3
"modus ponens, red herring, self serving bias",Survivalism,"Greetings! I am interested in natural language processing and I was wondering if you could help me generate an example of text that illustrates multiple skills in semantics or syntax. The example should be a minimal natural piece of text with up to a few lines in the context of Survivalism that illustrates all of the following skills: modus ponens, red herring, self serving bias. Please keep the text as short as possible, and make sure the concepts can be found fully from the text. 

For reference, here are the definitions and examples for the concepts:
**modus ponens**: A syllogism that is of the form “If P then Q. P. Hence Q.” For example, ""If today is Tuesday, then John will go to work. Today is Tuesday. Therefore, John will go to work.""
**red herring**: Introducing irrelevant points to detract attention from a question. For example, A member of the press asks the president why they voted to expand a welfare program. The president responds, ""The strength of America is the strength of its communities, and I am proud to make our communities better places.""
**self serving bias**: A cognitive or perceptual process that is distorted by the need to maintain and enhance one’s self esteem. For example, ""If I do well on the exam, it’s because of my academic prowess and hard work. If I do poorly, it’s because the course was poorly taught, and the exam was poorly proctored.""

Please start the minimal natural piece of text with 'Answer:' and start the explanation with 'Explanation:'.

Thanks very much!","Answer: If the power grid fails, then our stored water will keep us alive. The grid just failed, so our stored water will keep us alive. Anyway, did you know my knife has a mirror-polished blade that looks amazing in selfies? Also, when our last garden thrived, it was thanks to my genius planning; when it withered last year, it was only because the weather was unfair.

Explanation:
- Modus ponens: “If the power grid fails, then our stored water will keep us alive. The grid just failed, so our stored water will keep us alive.”
- Red herring: Shifting from the survival outcome to irrelevant talk about the knife’s mirror finish.
- Self-serving bias: Crediting success (“garden thrived”) to personal ability, but blaming failure (“withered”) on external factors (the weather).","If the power grid fails, then our stored water will keep us alive. The grid just failed, so our stored water will keep us alive. Anyway, did you know my knife has a mirror-polished blade that looks amazing in selfies? Also, when our last garden thrived, it was thanks to my genius planning; when it withered last year, it was only because the weather was unfair.",3
"modus ponens, folk physics (common knowledge physics), spatial reasoning",Dueling,"Greetings! I am interested in natural language processing and I was wondering if you could help me generate an example of text that illustrates multiple skills in semantics or syntax. The example should be a minimal natural piece of text with up to a few lines in the context of Dueling that illustrates all of the following skills: modus ponens, folk physics (common knowledge physics), spatial reasoning. Please keep the text as short as possible, and make sure the concepts can be found fully from the text. 

For reference, here are the definitions and examples for the concepts:
**modus ponens**: A syllogism that is of the form “If P then Q. P. Hence Q.” For example, ""If today is Tuesday, then John will go to work. Today is Tuesday. Therefore, John will go to work.""
**folk physics (common knowledge physics)**: The untrained human perception of basic physical phenomena. For example, ""If I roll the pen off of the table, it will fall to the floor.""
**spatial reasoning**: The capacity to reason about the spatial relationships between objects. For example, The key fit into the box. Using spatial reasoning, one can deduce that the width of the key was smaller than the width of the box.

Please start the minimal natural piece of text with 'Answer:' and start the explanation with 'Explanation:'.

Thanks very much!","Answer:
If a sword reaches the target, then the strike lands. My blade reached his shoulder; therefore, the strike landed. He stands two paces to my left, behind the shield. If I drop my guard, the heavier blade will swing down and hit the ground. I angle my thrust to fit through the gap between his shield’s rim and his arm—narrower than my blade’s width was earlier.

Explanation:
- Modus ponens: “If a sword reaches the target, then the strike lands. My blade reached his shoulder; therefore, the strike landed.”
- Folk physics: “If I drop my guard, the heavier blade will swing down and hit the ground,” relying on gravity and weight causing downward motion.
- Spatial reasoning: “I angle my thrust to fit through the gap between his shield’s rim and his arm—narrower than my blade’s width was earlier,” infers relative widths and positioning to pass the blade through a gap.","If a sword reaches the target, then the strike lands. My blade reached his shoulder; therefore, the strike landed. He stands two paces to my left, behind the shield. If I drop my guard, the heavier blade will swing down and hit the ground. I angle my thrust to fit through the gap between his shield’s rim and his arm—narrower than my blade’s width was earlier.",3
"spatial reasoning, modus ponens, red herring",Dueling,"Greetings! I am interested in natural language processing and I was wondering if you could help me generate an example of text that illustrates multiple skills in semantics or syntax. The example should be a minimal natural piece of text with up to a few lines in the context of Dueling that illustrates all of the following skills: spatial reasoning, modus ponens, red herring. Please keep the text as short as possible, and make sure the concepts can be found fully from the text. 

For reference, here are the definitions and examples for the concepts:
**spatial reasoning**: The capacity to reason about the spatial relationships between objects. For example, The key fit into the box. Using spatial reasoning, one can deduce that the width of the key was smaller than the width of the box.
**modus ponens**: A syllogism that is of the form “If P then Q. P. Hence Q.” For example, ""If today is Tuesday, then John will go to work. Today is Tuesday. Therefore, John will go to work.""
**red herring**: Introducing irrelevant points to detract attention from a question. For example, A member of the press asks the president why they voted to expand a welfare program. The president responds, ""The strength of America is the strength of its communities, and I am proud to make our communities better places.""

Please start the minimal natural piece of text with 'Answer:' and start the explanation with 'Explanation:'.

Thanks very much!","Answer:
At dawn, the duelist stood three paces to my left; the rapier’s tip could reach me only if I stepped within his arm’s span, so I circled outside that radius. If a guard drops his blade, then I will advance; the guard drops his blade, so I advance. Anyway, the market’s apples were oddly cheap yesterday, which reminds me that my uncle prefers pears.

Explanation:
- Spatial reasoning: “three paces to my left… tip could reach me only if I stepped within his arm’s span… I circled outside that radius” requires reasoning about positions and distances.
- Modus ponens: “If a guard drops his blade, then I will advance; the guard drops his blade, so I advance” matches the If P then Q. P. Therefore Q structure.
- Red herring: The shift to “the market’s apples were oddly cheap… my uncle prefers pears” introduces irrelevant points that distract from the duel.","At dawn, the duelist stood three paces to my left; the rapier’s tip could reach me only if I stepped within his arm’s span, so I circled outside that radius. If a guard drops his blade, then I will advance; the guard drops his blade, so I advance. Anyway, the market’s apples were oddly cheap yesterday, which reminds me that my uncle prefers pears.",3
"modus ponens, folk physics (common knowledge physics), spatial reasoning",The Ottoman Empire,"Greetings! I am interested in natural language processing and I was wondering if you could help me generate an example of text that illustrates multiple skills in semantics or syntax. The example should be a minimal natural piece of text with up to a few lines in the context of The Ottoman Empire that illustrates all of the following skills: modus ponens, folk physics (common knowledge physics), spatial reasoning. Please keep the text as short as possible, and make sure the concepts can be found fully from the text. 

For reference, here are the definitions and examples for the concepts:
**modus ponens**: A syllogism that is of the form “If P then Q. P. Hence Q.” For example, ""If today is Tuesday, then John will go to work. Today is Tuesday. Therefore, John will go to work.""
**folk physics (common knowledge physics)**: The untrained human perception of basic physical phenomena. For example, ""If I roll the pen off of the table, it will fall to the floor.""
**spatial reasoning**: The capacity to reason about the spatial relationships between objects. For example, The key fit into the box. Using spatial reasoning, one can deduce that the width of the key was smaller than the width of the box.

Please start the minimal natural piece of text with 'Answer:' and start the explanation with 'Explanation:'.

Thanks very much!","Answer:
If the sultan’s flagship passes the strait, then the army will cross into Europe. The flagship passes the narrow mouth where the current flows south, so it moves with the water. Therefore, the army will cross into Europe. The bridge at the strait is wider than a horse, and a horse is wider than a sword; thus, a sword fits on a horse that can fit on the bridge.

Explanation:
- Modus ponens: “If the sultan’s flagship passes the strait, then the army will cross into Europe. The flagship passes … Therefore, the army will cross into Europe.”
- Folk physics: The ship “moves with the water” because the current flows south; motion of floating objects follows the current.
- Spatial reasoning: From “bridge wider than a horse” and “horse wider than a sword,” deduce sword < horse < bridge, so the sword fits on the horse and the horse fits on the bridge.","If the sultan’s flagship passes the strait, then the army will cross into Europe. The flagship passes the narrow mouth where the current flows south, so it moves with the water. Therefore, the army will cross into Europe. The bridge at the strait is wider than a horse, and a horse is wider than a sword; thus, a sword fits on a horse that can fit on the bridge.",3
"self serving bias, red herring, modus ponens",Beekeeping,"Greetings! I am interested in natural language processing and I was wondering if you could help me generate an example of text that illustrates multiple skills in semantics or syntax. The example should be a minimal natural piece of text with up to a few lines in the context of Beekeeping that illustrates all of the following skills: self serving bias, red herring, modus ponens. Please keep the text as short as possible, and make sure the concepts can be found fully from the text. 

For reference, here are the definitions and examples for the concepts:
**self serving bias**: A cognitive or perceptual process that is distorted by the need to maintain and enhance one’s self esteem. For example, ""If I do well on the exam, it’s because of my academic prowess and hard work. If I do poorly, it’s because the course was poorly taught, and the exam was poorly proctored.""
**red herring**: Introducing irrelevant points to detract attention from a question. For example, A member of the press asks the president why they voted to expand a welfare program. The president responds, ""The strength of America is the strength of its communities, and I am proud to make our communities better places.""
**modus ponens**: A syllogism that is of the form “If P then Q. P. Hence Q.” For example, ""If today is Tuesday, then John will go to work. Today is Tuesday. Therefore, John will go to work.""

Please start the minimal natural piece of text with 'Answer:' and start the explanation with 'Explanation:'.

Thanks very much!","Answer:
“If the queen is healthy, then the brood pattern will be solid. The queen is healthy, so the brood pattern will be solid. I knew the colony would thrive because I’m a skilled beekeeper; when a hive struggled last year, it was just terrible weather. Anyway, speaking of weather, our county fair honey label design is really exciting this season.”

Explanation:
- Modus ponens: “If the queen is healthy, then the brood pattern will be solid. The queen is healthy. Therefore, the brood pattern will be solid.”
- Self-serving bias: “I knew the colony would thrive because I’m a skilled beekeeper; when a hive struggled last year, it was just terrible weather.” Success is attributed to personal skill; failure is blamed on external factors.
- Red herring: “Anyway, speaking of weather, our county fair honey label design is really exciting this season.” This shifts to an irrelevant topic (label design) to distract from the discussion of colony health.","“If the queen is healthy, then the brood pattern will be solid. The queen is healthy, so the brood pattern will be solid. I knew the colony would thrive because I’m a skilled beekeeper; when a hive struggled last year, it was just terrible weather. Anyway, speaking of weather, our county fair honey label design is really exciting this season.”",3
"folk physics (common knowledge physics), modus ponens, red herring",Survivalism,"Greetings! I am interested in natural language processing and I was wondering if you could help me generate an example of text that illustrates multiple skills in semantics or syntax. The example should be a minimal natural piece of text with up to a few lines in the context of Survivalism that illustrates all of the following skills: folk physics (common knowledge physics), modus ponens, red herring. Please keep the text as short as possible, and make sure the concepts can be found fully from the text. 

For reference, here are the definitions and examples for the concepts:
**folk physics (common knowledge physics)**: The untrained human perception of basic physical phenomena. For example, ""If I roll the pen off of the table, it will fall to the floor.""
**modus ponens**: A syllogism that is of the form “If P then Q. P. Hence Q.” For example, ""If today is Tuesday, then John will go to work. Today is Tuesday. Therefore, John will go to work.""
**red herring**: Introducing irrelevant points to detract attention from a question. For example, A member of the press asks the president why they voted to expand a welfare program. The president responds, ""The strength of America is the strength of its communities, and I am proud to make our communities better places.""

Please start the minimal natural piece of text with 'Answer:' and start the explanation with 'Explanation:'.

Thanks very much!","Answer:
If the shelter’s roof is cracked, then rain will leak in. The roof is cracked. Therefore, rain will leak in. Since water flows downhill, the puddle will collect by the low doorway—so we move gear higher. Anyway, the real issue is whether canned beans taste better than jerky; that’s what we should focus on.

Explanation:
- Modus ponens: “If the shelter’s roof is cracked, then rain will leak in. The roof is cracked. Therefore, rain will leak in.”
- Folk physics: “Since water flows downhill, the puddle will collect by the low doorway—so we move gear higher.”
- Red herring: The abrupt shift to debating food taste (“whether canned beans taste better than jerky”) distracts from the leaking-roof survival issue.","If the shelter’s roof is cracked, then rain will leak in. The roof is cracked. Therefore, rain will leak in. Since water flows downhill, the puddle will collect by the low doorway—so we move gear higher. Anyway, the real issue is whether canned beans taste better than jerky; that’s what we should focus on.",3
"modus ponens, spatial reasoning, folk physics (common knowledge physics)",Beekeeping,"Greetings! I am interested in natural language processing and I was wondering if you could help me generate an example of text that illustrates multiple skills in semantics or syntax. The example should be a minimal natural piece of text with up to a few lines in the context of Beekeeping that illustrates all of the following skills: modus ponens, spatial reasoning, folk physics (common knowledge physics). Please keep the text as short as possible, and make sure the concepts can be found fully from the text. 

For reference, here are the definitions and examples for the concepts:
**modus ponens**: A syllogism that is of the form “If P then Q. P. Hence Q.” For example, ""If today is Tuesday, then John will go to work. Today is Tuesday. Therefore, John will go to work.""
**spatial reasoning**: The capacity to reason about the spatial relationships between objects. For example, The key fit into the box. Using spatial reasoning, one can deduce that the width of the key was smaller than the width of the box.
**folk physics (common knowledge physics)**: The untrained human perception of basic physical phenomena. For example, ""If I roll the pen off of the table, it will fall to the floor.""

Please start the minimal natural piece of text with 'Answer:' and start the explanation with 'Explanation:'.

Thanks very much!","Answer: If the hive entrance faces east, the morning sun warms the brood. The entrance faces east, so the brood warms. I set the smoker above the box, not beneath it, because smoke rises. I placed the heavy honey super on the lower rack, since the lighter frames fit on the shelf above and won’t topple. The queen cage slides through the front gap, proving the gap is wider than the cage.

Explanation:
- Modus ponens: “If the hive entrance faces east, the morning sun warms the brood. The entrance faces east, so the brood warms.”
- Folk physics: “Smoke rises” justifies placing the smoker above the box; “heavy honey super on the lower rack” avoids toppling due to weight and stability.
- Spatial reasoning: “The queen cage slides through the front gap, proving the gap is wider than the cage,” and “lighter frames fit on the shelf above” show size/fit relations and vertical placement.","If the hive entrance faces east, the morning sun warms the brood. The entrance faces east, so the brood warms. I set the smoker above the box, not beneath it, because smoke rises. I placed the heavy honey super on the lower rack, since the lighter frames fit on the shelf above and won’t topple. The queen cage slides through the front gap, proving the gap is wider than the cage.",3
"red herring, folk physics (common knowledge physics), modus ponens",Beekeeping,"Greetings! I am interested in natural language processing and I was wondering if you could help me generate an example of text that illustrates multiple skills in semantics or syntax. The example should be a minimal natural piece of text with up to a few lines in the context of Beekeeping that illustrates all of the following skills: red herring, folk physics (common knowledge physics), modus ponens. Please keep the text as short as possible, and make sure the concepts can be found fully from the text. 

For reference, here are the definitions and examples for the concepts:
**red herring**: Introducing irrelevant points to detract attention from a question. For example, A member of the press asks the president why they voted to expand a welfare program. The president responds, ""The strength of America is the strength of its communities, and I am proud to make our communities better places.""
**folk physics (common knowledge physics)**: The untrained human perception of basic physical phenomena. For example, ""If I roll the pen off of the table, it will fall to the floor.""
**modus ponens**: A syllogism that is of the form “If P then Q. P. Hence Q.” For example, ""If today is Tuesday, then John will go to work. Today is Tuesday. Therefore, John will go to work.""

Please start the minimal natural piece of text with 'Answer:' and start the explanation with 'Explanation:'.

Thanks very much!","Answer:
“If the smoker is lit, the bees will calm; the smoker is lit, so the bees will calm. Also, the hive tool is shiny and the sunset is beautiful, which reminds me of last spring’s wildflowers. If I tip the frame, gravity will pull the honey downward.”

Explanation:
- Modus ponens: “If the smoker is lit, the bees will calm; the smoker is lit, so the bees will calm.”
- Red herring: “Also, the hive tool is shiny and the sunset is beautiful, which reminds me of last spring’s wildflowers.” (irrelevant to calming bees)
- Folk physics: “If I tip the frame, gravity will pull the honey downward.” (common-sense physical expectation)","“If the smoker is lit, the bees will calm; the smoker is lit, so the bees will calm. Also, the hive tool is shiny and the sunset is beautiful, which reminds me of last spring’s wildflowers. If I tip the frame, gravity will pull the honey downward.”",3
"modus ponens, folk physics (common knowledge physics), self serving bias",Beekeeping,"Greetings! I am interested in natural language processing and I was wondering if you could help me generate an example of text that illustrates multiple skills in semantics or syntax. The example should be a minimal natural piece of text with up to a few lines in the context of Beekeeping that illustrates all of the following skills: modus ponens, folk physics (common knowledge physics), self serving bias. Please keep the text as short as possible, and make sure the concepts can be found fully from the text. 

For reference, here are the definitions and examples for the concepts:
**modus ponens**: A syllogism that is of the form “If P then Q. P. Hence Q.” For example, ""If today is Tuesday, then John will go to work. Today is Tuesday. Therefore, John will go to work.""
**folk physics (common knowledge physics)**: The untrained human perception of basic physical phenomena. For example, ""If I roll the pen off of the table, it will fall to the floor.""
**self serving bias**: A cognitive or perceptual process that is distorted by the need to maintain and enhance one’s self esteem. For example, ""If I do well on the exam, it’s because of my academic prowess and hard work. If I do poorly, it’s because the course was poorly taught, and the exam was poorly proctored.""

Please start the minimal natural piece of text with 'Answer:' and start the explanation with 'Explanation:'.

Thanks very much!","Answer: If the hive is calm, then I handled it well. The hive is calm; therefore, I handled it well. Everyone knows that if I drop this honey frame, gravity will pull it down and it’ll smash the comb. Anyway, when the bees are thriving, it’s thanks to my careful management—when they get cranky, it’s because the weather is terrible.

Explanation: 
- Modus ponens: “If the hive is calm, then I handled it well. The hive is calm; therefore, I handled it well.”
- Folk physics: “If I drop this honey frame, gravity will pull it down and it’ll smash the comb.”
- Self-serving bias: Success attributed to self (“bees are thriving… thanks to my careful management”) and problems blamed on external factors (“they get cranky… because the weather is terrible”).","If the hive is calm, then I handled it well. The hive is calm; therefore, I handled it well. Everyone knows that if I drop this honey frame, gravity will pull it down and it’ll smash the comb. Anyway, when the bees are thriving, it’s thanks to my careful management—when they get cranky, it’s because the weather is terrible.",3
"spatial reasoning, modus ponens, self serving bias",Dueling,"Greetings! I am interested in natural language processing and I was wondering if you could help me generate an example of text that illustrates multiple skills in semantics or syntax. The example should be a minimal natural piece of text with up to a few lines in the context of Dueling that illustrates all of the following skills: spatial reasoning, modus ponens, self serving bias. Please keep the text as short as possible, and make sure the concepts can be found fully from the text. 

For reference, here are the definitions and examples for the concepts:
**spatial reasoning**: The capacity to reason about the spatial relationships between objects. For example, The key fit into the box. Using spatial reasoning, one can deduce that the width of the key was smaller than the width of the box.
**modus ponens**: A syllogism that is of the form “If P then Q. P. Hence Q.” For example, ""If today is Tuesday, then John will go to work. Today is Tuesday. Therefore, John will go to work.""
**self serving bias**: A cognitive or perceptual process that is distorted by the need to maintain and enhance one’s self esteem. For example, ""If I do well on the exam, it’s because of my academic prowess and hard work. If I do poorly, it’s because the course was poorly taught, and the exam was poorly proctored.""

Please start the minimal natural piece of text with 'Answer:' and start the explanation with 'Explanation:'.

Thanks very much!","Answer:
We stand ten paces apart; my rapier’s reach covers those ten, while his dagger cannot. If my blade can reach him, then I can strike first. My blade can reach him; therefore, I strike first. When I win, it’s thanks to my superior skill; if I lose, it’s only because the sun blinded me at his side of the arena.

Explanation:
- Spatial reasoning: “We stand ten paces apart; my rapier’s reach covers those ten, while his dagger cannot” shows reasoning about distances and object sizes to infer reach.
- Modus ponens: “If my blade can reach him, then I can strike first. My blade can reach him; therefore, I strike first” is the P → Q, P, therefore Q pattern.
- Self serving bias: “When I win, it’s thanks to my superior skill; if I lose, it’s only because the sun blinded me” attributes success internally and failure to external factors.","We stand ten paces apart; my rapier’s reach covers those ten, while his dagger cannot. If my blade can reach him, then I can strike first. My blade can reach him; therefore, I strike first. When I win, it’s thanks to my superior skill; if I lose, it’s only because the sun blinded me at his side of the arena.",3
"spatial reasoning, modus ponens, red herring",Dueling,"Greetings! I am interested in natural language processing and I was wondering if you could help me generate an example of text that illustrates multiple skills in semantics or syntax. The example should be a minimal natural piece of text with up to a few lines in the context of Dueling that illustrates all of the following skills: spatial reasoning, modus ponens, red herring. Please keep the text as short as possible, and make sure the concepts can be found fully from the text. 

For reference, here are the definitions and examples for the concepts:
**spatial reasoning**: The capacity to reason about the spatial relationships between objects. For example, The key fit into the box. Using spatial reasoning, one can deduce that the width of the key was smaller than the width of the box.
**modus ponens**: A syllogism that is of the form “If P then Q. P. Hence Q.” For example, ""If today is Tuesday, then John will go to work. Today is Tuesday. Therefore, John will go to work.""
**red herring**: Introducing irrelevant points to detract attention from a question. For example, A member of the press asks the president why they voted to expand a welfare program. The president responds, ""The strength of America is the strength of its communities, and I am proud to make our communities better places.""

Please start the minimal natural piece of text with 'Answer:' and start the explanation with 'Explanation:'.

Thanks very much!","Answer:
The arena’s north gate is three strides behind me; my opponent stands one stride in front of the boundary line, so if I step left, his sword can’t reach me. If a duelist steps left, then the opponent loses reach. I step left. Therefore, he loses reach. Anyway, have you noticed how the sunset makes the banners look heroic?

Explanation:
- Spatial reasoning: The text reasons about positions and distances (“north gate is three strides behind me,” “opponent stands one stride in front of the boundary line,” “if I step left, his sword can’t reach me”) to deduce reach.
- Modus ponens: “If a duelist steps left, then the opponent loses reach. I step left. Therefore, he loses reach.”
- Red herring: The abrupt, irrelevant comment about the sunset and banners diverts attention from the duel.","The arena’s north gate is three strides behind me; my opponent stands one stride in front of the boundary line, so if I step left, his sword can’t reach me. If a duelist steps left, then the opponent loses reach. I step left. Therefore, he loses reach. Anyway, have you noticed how the sunset makes the banners look heroic?",3
"modus ponens, red herring, folk physics (common knowledge physics)",Beekeeping,"Greetings! I am interested in natural language processing and I was wondering if you could help me generate an example of text that illustrates multiple skills in semantics or syntax. The example should be a minimal natural piece of text with up to a few lines in the context of Beekeeping that illustrates all of the following skills: modus ponens, red herring, folk physics (common knowledge physics). Please keep the text as short as possible, and make sure the concepts can be found fully from the text. 

For reference, here are the definitions and examples for the concepts:
**modus ponens**: A syllogism that is of the form “If P then Q. P. Hence Q.” For example, ""If today is Tuesday, then John will go to work. Today is Tuesday. Therefore, John will go to work.""
**red herring**: Introducing irrelevant points to detract attention from a question. For example, A member of the press asks the president why they voted to expand a welfare program. The president responds, ""The strength of America is the strength of its communities, and I am proud to make our communities better places.""
**folk physics (common knowledge physics)**: The untrained human perception of basic physical phenomena. For example, ""If I roll the pen off of the table, it will fall to the floor.""

Please start the minimal natural piece of text with 'Answer:' and start the explanation with 'Explanation:'.

Thanks very much!","Answer:
If the hive is queenright, then the brood pattern will be steady. The hive is queenright. Therefore, the brood pattern will be steady. Anyway, have you noticed how charming the new labels look on our honey jars? Also, if I drop this smoker, it’ll fall to the ground, so I’ll set it down gently.

Explanation:
- Modus ponens: “If the hive is queenright, then the brood pattern will be steady. The hive is queenright. Therefore, the brood pattern will be steady.”
- Red herring: The shift to “have you noticed how charming the new labels look on our honey jars?” distracts from the brood/queenright issue.
- Folk physics: “If I drop this smoker, it’ll fall to the ground,” reflects common-sense physics about gravity.","If the hive is queenright, then the brood pattern will be steady. The hive is queenright. Therefore, the brood pattern will be steady. Anyway, have you noticed how charming the new labels look on our honey jars? Also, if I drop this smoker, it’ll fall to the ground, so I’ll set it down gently.",3
"modus ponens, red herring, folk physics (common knowledge physics)",Beekeeping,"Greetings! I am interested in natural language processing and I was wondering if you could help me generate an example of text that illustrates multiple skills in semantics or syntax. The example should be a minimal natural piece of text with up to a few lines in the context of Beekeeping that illustrates all of the following skills: modus ponens, red herring, folk physics (common knowledge physics). Please keep the text as short as possible, and make sure the concepts can be found fully from the text. 

For reference, here are the definitions and examples for the concepts:
**modus ponens**: A syllogism that is of the form “If P then Q. P. Hence Q.” For example, ""If today is Tuesday, then John will go to work. Today is Tuesday. Therefore, John will go to work.""
**red herring**: Introducing irrelevant points to detract attention from a question. For example, A member of the press asks the president why they voted to expand a welfare program. The president responds, ""The strength of America is the strength of its communities, and I am proud to make our communities better places.""
**folk physics (common knowledge physics)**: The untrained human perception of basic physical phenomena. For example, ""If I roll the pen off of the table, it will fall to the floor.""

Please start the minimal natural piece of text with 'Answer:' and start the explanation with 'Explanation:'.

Thanks very much!","Answer:
If a hive is queenless, then the workers will start laying. This hive is queenless. Therefore, the workers will start laying. Anyway, have you seen the beautiful paint color on the hive boxes? It really matches the sunset. Also, if I drop this frame, gravity will pull it down and it could smash the comb.

Explanation:
- Modus ponens: “If a hive is queenless, then the workers will start laying. This hive is queenless. Therefore, the workers will start laying.”
- Red herring: The sudden talk about the “beautiful paint color” and matching the sunset distracts from the queenless-hive issue.
- Folk physics (common knowledge physics): “If I drop this frame, gravity will pull it down and it could smash the comb.”","If a hive is queenless, then the workers will start laying. This hive is queenless. Therefore, the workers will start laying. Anyway, have you seen the beautiful paint color on the hive boxes? It really matches the sunset. Also, if I drop this frame, gravity will pull it down and it could smash the comb.",3
"self serving bias, modus ponens, folk physics (common knowledge physics)",The Ottoman Empire,"Greetings! I am interested in natural language processing and I was wondering if you could help me generate an example of text that illustrates multiple skills in semantics or syntax. The example should be a minimal natural piece of text with up to a few lines in the context of The Ottoman Empire that illustrates all of the following skills: self serving bias, modus ponens, folk physics (common knowledge physics). Please keep the text as short as possible, and make sure the concepts can be found fully from the text. 

For reference, here are the definitions and examples for the concepts:
**self serving bias**: A cognitive or perceptual process that is distorted by the need to maintain and enhance one’s self esteem. For example, ""If I do well on the exam, it’s because of my academic prowess and hard work. If I do poorly, it’s because the course was poorly taught, and the exam was poorly proctored.""
**modus ponens**: A syllogism that is of the form “If P then Q. P. Hence Q.” For example, ""If today is Tuesday, then John will go to work. Today is Tuesday. Therefore, John will go to work.""
**folk physics (common knowledge physics)**: The untrained human perception of basic physical phenomena. For example, ""If I roll the pen off of the table, it will fall to the floor.""

Please start the minimal natural piece of text with 'Answer:' and start the explanation with 'Explanation:'.

Thanks very much!","Answer: In the Ottoman market, I told my apprentice, “If the bridge’s ropes snap, then the cart will fall into the Bosphorus. The ropes just snapped. Therefore, the cart will fall.” When it didn’t spill our goods, I said, “We survived because I tied the barrels well.” But when sales were low, I complained, “The sultan’s new tax scared customers away, not my prices.”

Explanation:
- Modus ponens: “If the bridge’s ropes snap, then the cart will fall into the Bosphorus. The ropes just snapped. Therefore, the cart will fall.”
- Folk physics: Understanding that snapped ropes won’t support weight, so the cart would fall.
- Self-serving bias: Taking credit for success (“We survived because I tied the barrels well”) and blaming external factors for failure (“the sultan’s new tax”) rather than one’s own prices.","In the Ottoman market, I told my apprentice, “If the bridge’s ropes snap, then the cart will fall into the Bosphorus. The ropes just snapped. Therefore, the cart will fall.” When it didn’t spill our goods, I said, “We survived because I tied the barrels well.” But when sales were low, I complained, “The sultan’s new tax scared customers away, not my prices.”",3
"folk physics (common knowledge physics), modus ponens, self serving bias",Sewing,"Greetings! I am interested in natural language processing and I was wondering if you could help me generate an example of text that illustrates multiple skills in semantics or syntax. The example should be a minimal natural piece of text with up to a few lines in the context of Sewing that illustrates all of the following skills: folk physics (common knowledge physics), modus ponens, self serving bias. Please keep the text as short as possible, and make sure the concepts can be found fully from the text. 

For reference, here are the definitions and examples for the concepts:
**folk physics (common knowledge physics)**: The untrained human perception of basic physical phenomena. For example, ""If I roll the pen off of the table, it will fall to the floor.""
**modus ponens**: A syllogism that is of the form “If P then Q. P. Hence Q.” For example, ""If today is Tuesday, then John will go to work. Today is Tuesday. Therefore, John will go to work.""
**self serving bias**: A cognitive or perceptual process that is distorted by the need to maintain and enhance one’s self esteem. For example, ""If I do well on the exam, it’s because of my academic prowess and hard work. If I do poorly, it’s because the course was poorly taught, and the exam was poorly proctored.""

Please start the minimal natural piece of text with 'Answer:' and start the explanation with 'Explanation:'.

Thanks very much!","Answer:
If I tighten the bobbin tension, then the stitches will be even. I tightened the bobbin tension, so the stitches are even. When the needle hit the pin, it bent—metal collides, metal bends, so the seam wobbled. Anyway, if this hem looks great, it’s thanks to my precise technique; if it looks crooked, the machine must be acting up.

Explanation:
- Folk physics: “When the needle hit the pin, it bent—metal collides, metal bends” invokes everyday physical causality about collision causing bending, leading to a wobbly seam.
- Modus ponens: “If I tighten the bobbin tension, then the stitches will be even. I tightened the bobbin tension, so the stitches are even.” fits the If P then Q; P; therefore Q pattern.
- Self-serving bias: “If this hem looks great, it’s thanks to my precise technique; if it looks crooked, the machine must be acting up.” Attributes success to skill and blames failure on external factors.","If I tighten the bobbin tension, then the stitches will be even. I tightened the bobbin tension, so the stitches are even. When the needle hit the pin, it bent—metal collides, metal bends, so the seam wobbled. Anyway, if this hem looks great, it’s thanks to my precise technique; if it looks crooked, the machine must be acting up.",3
"modus ponens, self serving bias, spatial reasoning",Survivalism,"Greetings! I am interested in natural language processing and I was wondering if you could help me generate an example of text that illustrates multiple skills in semantics or syntax. The example should be a minimal natural piece of text with up to a few lines in the context of Survivalism that illustrates all of the following skills: modus ponens, self serving bias, spatial reasoning. Please keep the text as short as possible, and make sure the concepts can be found fully from the text. 

For reference, here are the definitions and examples for the concepts:
**modus ponens**: A syllogism that is of the form “If P then Q. P. Hence Q.” For example, ""If today is Tuesday, then John will go to work. Today is Tuesday. Therefore, John will go to work.""
**self serving bias**: A cognitive or perceptual process that is distorted by the need to maintain and enhance one’s self esteem. For example, ""If I do well on the exam, it’s because of my academic prowess and hard work. If I do poorly, it’s because the course was poorly taught, and the exam was poorly proctored.""
**spatial reasoning**: The capacity to reason about the spatial relationships between objects. For example, The key fit into the box. Using spatial reasoning, one can deduce that the width of the key was smaller than the width of the box.

Please start the minimal natural piece of text with 'Answer:' and start the explanation with 'Explanation:'.

Thanks very much!","Answer:
If the shelter is east of the river, then following the river upstream leads me to safety. The shelter is east of the river, so following it upstream will lead me to safety. I found dry tinder quickly because I’m skilled; when the fire sputtered, it was the damp air’s fault. The river bends north around the ridge, and the ridge blocks the wind, so the campsite on the lee side stays warmer.

Explanation:
- Modus ponens: “If the shelter is east of the river, then following the river upstream leads me to safety. The shelter is east of the river, so following it upstream will lead me to safety.”
- Self serving bias: “I found dry tinder quickly because I’m skilled; when the fire sputtered, it was the damp air’s fault.” Success attributed to personal skill; failure attributed to external conditions.
- Spatial reasoning: “The river bends north around the ridge, and the ridge blocks the wind, so the campsite on the lee side stays warmer.” This infers temperature differences from spatial layout (river, ridge, wind direction, lee side).","If the shelter is east of the river, then following the river upstream leads me to safety. The shelter is east of the river, so following it upstream will lead me to safety. I found dry tinder quickly because I’m skilled; when the fire sputtered, it was the damp air’s fault. The river bends north around the ridge, and the ridge blocks the wind, so the campsite on the lee side stays warmer.",3
"self serving bias, spatial reasoning, modus ponens",Dueling,"Greetings! I am interested in natural language processing and I was wondering if you could help me generate an example of text that illustrates multiple skills in semantics or syntax. The example should be a minimal natural piece of text with up to a few lines in the context of Dueling that illustrates all of the following skills: self serving bias, spatial reasoning, modus ponens. Please keep the text as short as possible, and make sure the concepts can be found fully from the text. 

For reference, here are the definitions and examples for the concepts:
**self serving bias**: A cognitive or perceptual process that is distorted by the need to maintain and enhance one’s self esteem. For example, ""If I do well on the exam, it’s because of my academic prowess and hard work. If I do poorly, it’s because the course was poorly taught, and the exam was poorly proctored.""
**spatial reasoning**: The capacity to reason about the spatial relationships between objects. For example, The key fit into the box. Using spatial reasoning, one can deduce that the width of the key was smaller than the width of the box.
**modus ponens**: A syllogism that is of the form “If P then Q. P. Hence Q.” For example, ""If today is Tuesday, then John will go to work. Today is Tuesday. Therefore, John will go to work.""

Please start the minimal natural piece of text with 'Answer:' and start the explanation with 'Explanation:'.

Thanks very much!","Answer:
“If my strike lands, it’s because of my superior skill; if I miss, it’s only because the arena floor is uneven,” I boast. My blade is two feet longer than his dagger, and we stand five paces apart—so my reach covers him while his cannot reach me. If I can reach him from here, then I have the advantage. I can reach him from here. Therefore, I have the advantage.

Explanation:
- Self-serving bias: The speaker credits success to “superior skill” and blames failure on the “uneven” floor.
- Spatial reasoning: Comparing weapon lengths (two-foot longer blade vs. dagger) and distance (five paces) to infer that one combatant’s reach covers the other while the reverse does not.
- Modus ponens: “If I can reach him from here, then I have the advantage. I can reach him from here. Therefore, I have the advantage.”","“If my strike lands, it’s because of my superior skill; if I miss, it’s only because the arena floor is uneven,” I boast. My blade is two feet longer than his dagger, and we stand five paces apart—so my reach covers him while his cannot reach me. If I can reach him from here, then I have the advantage. I can reach him from here. Therefore, I have the advantage.",3
"self serving bias, modus ponens, red herring",Beekeeping,"Greetings! I am interested in natural language processing and I was wondering if you could help me generate an example of text that illustrates multiple skills in semantics or syntax. The example should be a minimal natural piece of text with up to a few lines in the context of Beekeeping that illustrates all of the following skills: self serving bias, modus ponens, red herring. Please keep the text as short as possible, and make sure the concepts can be found fully from the text. 

For reference, here are the definitions and examples for the concepts:
**self serving bias**: A cognitive or perceptual process that is distorted by the need to maintain and enhance one’s self esteem. For example, ""If I do well on the exam, it’s because of my academic prowess and hard work. If I do poorly, it’s because the course was poorly taught, and the exam was poorly proctored.""
**modus ponens**: A syllogism that is of the form “If P then Q. P. Hence Q.” For example, ""If today is Tuesday, then John will go to work. Today is Tuesday. Therefore, John will go to work.""
**red herring**: Introducing irrelevant points to detract attention from a question. For example, A member of the press asks the president why they voted to expand a welfare program. The president responds, ""The strength of America is the strength of its communities, and I am proud to make our communities better places.""

Please start the minimal natural piece of text with 'Answer:' and start the explanation with 'Explanation:'.

Thanks very much!","Answer: If the queen is healthy, then the hive will thrive. The queen is healthy. Therefore, the hive will thrive. And by the way, have you seen how shiny my new smoker is? Anyway, the last harvest was huge because I’m a skilled beekeeper; when yields dip, it’s just the weather acting up.

Explanation:
- Modus ponens: “If the queen is healthy, then the hive will thrive. The queen is healthy. Therefore, the hive will thrive.”
- Red herring: “And by the way, have you seen how shiny my new smoker is?”—an irrelevant distraction from the reasoning about hive health.
- Self-serving bias: “The last harvest was huge because I’m a skilled beekeeper; when yields dip, it’s just the weather acting up.” The success is attributed to personal skill, while failures are blamed on external factors.","If the queen is healthy, then the hive will thrive. The queen is healthy. Therefore, the hive will thrive. And by the way, have you seen how shiny my new smoker is? Anyway, the last harvest was huge because I’m a skilled beekeeper; when yields dip, it’s just the weather acting up.",3
"red herring, folk physics (common knowledge physics), modus ponens",Survivalism,"Greetings! I am interested in natural language processing and I was wondering if you could help me generate an example of text that illustrates multiple skills in semantics or syntax. The example should be a minimal natural piece of text with up to a few lines in the context of Survivalism that illustrates all of the following skills: red herring, folk physics (common knowledge physics), modus ponens. Please keep the text as short as possible, and make sure the concepts can be found fully from the text. 

For reference, here are the definitions and examples for the concepts:
**red herring**: Introducing irrelevant points to detract attention from a question. For example, A member of the press asks the president why they voted to expand a welfare program. The president responds, ""The strength of America is the strength of its communities, and I am proud to make our communities better places.""
**folk physics (common knowledge physics)**: The untrained human perception of basic physical phenomena. For example, ""If I roll the pen off of the table, it will fall to the floor.""
**modus ponens**: A syllogism that is of the form “If P then Q. P. Hence Q.” For example, ""If today is Tuesday, then John will go to work. Today is Tuesday. Therefore, John will go to work.""

Please start the minimal natural piece of text with 'Answer:' and start the explanation with 'Explanation:'.

Thanks very much!","Answer:
“If the fire stays lit, then the wet clothes will dry. The fire stays lit, so the clothes will dry. Also, did you notice how impressive my knot-tying looks in this light? Anyway, if I tip this bottle, the water will pour downward into the cup.”

Explanation:
- Modus ponens: “If the fire stays lit, then the wet clothes will dry. The fire stays lit, so the clothes will dry.”
- Red herring: “Also, did you notice how impressive my knot-tying looks in this light?” This distracts from the drying/clothes outcome.
- Folk physics: “If I tip this bottle, the water will pour downward into the cup.” Basic common-knowledge physics about gravity and liquids.","“If the fire stays lit, then the wet clothes will dry. The fire stays lit, so the clothes will dry. Also, did you notice how impressive my knot-tying looks in this light? Anyway, if I tip this bottle, the water will pour downward into the cup.”",3
"modus ponens, folk physics (common knowledge physics), spatial reasoning",Sewing,"Greetings! I am interested in natural language processing and I was wondering if you could help me generate an example of text that illustrates multiple skills in semantics or syntax. The example should be a minimal natural piece of text with up to a few lines in the context of Sewing that illustrates all of the following skills: modus ponens, folk physics (common knowledge physics), spatial reasoning. Please keep the text as short as possible, and make sure the concepts can be found fully from the text. 

For reference, here are the definitions and examples for the concepts:
**modus ponens**: A syllogism that is of the form “If P then Q. P. Hence Q.” For example, ""If today is Tuesday, then John will go to work. Today is Tuesday. Therefore, John will go to work.""
**folk physics (common knowledge physics)**: The untrained human perception of basic physical phenomena. For example, ""If I roll the pen off of the table, it will fall to the floor.""
**spatial reasoning**: The capacity to reason about the spatial relationships between objects. For example, The key fit into the box. Using spatial reasoning, one can deduce that the width of the key was smaller than the width of the box.

Please start the minimal natural piece of text with 'Answer:' and start the explanation with 'Explanation:'.

Thanks very much!","Answer: If a needle is threaded, then the thread will pass through the fabric when I push the needle down. The needle is threaded. Therefore, the thread will pass through the fabric. I push the needle down from above the fabric; since gravity pulls downward, the thread follows through the hole. The needle is narrower than the eyelet on the button, so I align the needle tip over the eyelet and pass it through from top to bottom.

Explanation:
- Modus ponens: “If a needle is threaded, then the thread will pass through the fabric when I push the needle down. The needle is threaded. Therefore, the thread will pass through the fabric.”
- Folk physics: Reference to gravity causing the thread to follow the downward push through the hole.
- Spatial reasoning: Infers relative sizes and positioning—needle narrower than the button’s eyelet; alignment of the needle tip over the eyelet; motion from top to bottom through the hole.","If a needle is threaded, then the thread will pass through the fabric when I push the needle down. The needle is threaded. Therefore, the thread will pass through the fabric. I push the needle down from above the fabric; since gravity pulls downward, the thread follows through the hole. The needle is narrower than the eyelet on the button, so I align the needle tip over the eyelet and pass it through from top to bottom.",3
"red herring, folk physics (common knowledge physics), modus ponens",Survivalism,"Greetings! I am interested in natural language processing and I was wondering if you could help me generate an example of text that illustrates multiple skills in semantics or syntax. The example should be a minimal natural piece of text with up to a few lines in the context of Survivalism that illustrates all of the following skills: red herring, folk physics (common knowledge physics), modus ponens. Please keep the text as short as possible, and make sure the concepts can be found fully from the text. 

For reference, here are the definitions and examples for the concepts:
**red herring**: Introducing irrelevant points to detract attention from a question. For example, A member of the press asks the president why they voted to expand a welfare program. The president responds, ""The strength of America is the strength of its communities, and I am proud to make our communities better places.""
**folk physics (common knowledge physics)**: The untrained human perception of basic physical phenomena. For example, ""If I roll the pen off of the table, it will fall to the floor.""
**modus ponens**: A syllogism that is of the form “If P then Q. P. Hence Q.” For example, ""If today is Tuesday, then John will go to work. Today is Tuesday. Therefore, John will go to work.""

Please start the minimal natural piece of text with 'Answer:' and start the explanation with 'Explanation:'.

Thanks very much!","Answer: The fire won’t start in this damp forest. If the tinder is dry, then the spark will catch; the tinder is dry, so the spark will catch. Also, did you know my compass glows in the dark? Anyway, if I drop this wet log, it will splash into the puddle below.

Explanation:
- Modus ponens: “If the tinder is dry, then the spark will catch; the tinder is dry; therefore the spark will catch.”
- Red herring: “Also, did you know my compass glows in the dark?” distracts from the fire-starting issue.
- Folk physics: “If I drop this wet log, it will splash into the puddle below.” reflects common-sense physics.","The fire won’t start in this damp forest. If the tinder is dry, then the spark will catch; the tinder is dry, so the spark will catch. Also, did you know my compass glows in the dark? Anyway, if I drop this wet log, it will splash into the puddle below.",3
"spatial reasoning, modus ponens, red herring",Urbanism,"Greetings! I am interested in natural language processing and I was wondering if you could help me generate an example of text that illustrates multiple skills in semantics or syntax. The example should be a minimal natural piece of text with up to a few lines in the context of Urbanism that illustrates all of the following skills: spatial reasoning, modus ponens, red herring. Please keep the text as short as possible, and make sure the concepts can be found fully from the text. 

For reference, here are the definitions and examples for the concepts:
**spatial reasoning**: The capacity to reason about the spatial relationships between objects. For example, The key fit into the box. Using spatial reasoning, one can deduce that the width of the key was smaller than the width of the box.
**modus ponens**: A syllogism that is of the form “If P then Q. P. Hence Q.” For example, ""If today is Tuesday, then John will go to work. Today is Tuesday. Therefore, John will go to work.""
**red herring**: Introducing irrelevant points to detract attention from a question. For example, A member of the press asks the president why they voted to expand a welfare program. The president responds, ""The strength of America is the strength of its communities, and I am proud to make our communities better places.""

Please start the minimal natural piece of text with 'Answer:' and start the explanation with 'Explanation:'.

Thanks very much!","Answer:
If the plaza is car-free, then children can safely cross to the library. The plaza is car-free; therefore, children can safely cross to the library. The library stands north of the fountain and east of the market, so a child walking from the market to the library must pass the fountain on the left. Anyway, the color of the mayor’s tie at last night’s gala was remarkable.

Explanation:
- Modus ponens: “If the plaza is car-free, then children can safely cross to the library. The plaza is car-free; therefore, children can safely cross to the library.”
- Spatial reasoning: “The library stands north of the fountain and east of the market, so a child walking from the market to the library must pass the fountain on the left,” which requires reasoning about relative positions and path orientation.
- Red herring: “Anyway, the color of the mayor’s tie at last night’s gala was remarkable,” which is irrelevant to the safety and spatial discussion and diverts attention.","If the plaza is car-free, then children can safely cross to the library. The plaza is car-free; therefore, children can safely cross to the library. The library stands north of the fountain and east of the market, so a child walking from the market to the library must pass the fountain on the left. Anyway, the color of the mayor’s tie at last night’s gala was remarkable.",3
"red herring, folk physics (common knowledge physics), modus ponens",Dueling,"Greetings! I am interested in natural language processing and I was wondering if you could help me generate an example of text that illustrates multiple skills in semantics or syntax. The example should be a minimal natural piece of text with up to a few lines in the context of Dueling that illustrates all of the following skills: red herring, folk physics (common knowledge physics), modus ponens. Please keep the text as short as possible, and make sure the concepts can be found fully from the text. 

For reference, here are the definitions and examples for the concepts:
**red herring**: Introducing irrelevant points to detract attention from a question. For example, A member of the press asks the president why they voted to expand a welfare program. The president responds, ""The strength of America is the strength of its communities, and I am proud to make our communities better places.""
**folk physics (common knowledge physics)**: The untrained human perception of basic physical phenomena. For example, ""If I roll the pen off of the table, it will fall to the floor.""
**modus ponens**: A syllogism that is of the form “If P then Q. P. Hence Q.” For example, ""If today is Tuesday, then John will go to work. Today is Tuesday. Therefore, John will go to work.""

Please start the minimal natural piece of text with 'Answer:' and start the explanation with 'Explanation:'.

Thanks very much!","Answer:
The challenger raised his sword: “If you step over the line, then the duel begins. You just stepped over the line; therefore, the duel begins.” The crowd gasped—steel is heavy, so if I drop it, it will fall and could cut someone. “Also,” the challenger added, “think of the roses in my garden; their fragrance proves I’m honorable.” “Irrelevant,” replied the second, “we’re speaking of the duel.”

Explanation:
- Modus ponens: “If you step over the line, then the duel begins. You just stepped over the line; therefore, the duel begins.”
- Folk physics: “Steel is heavy, so if I drop it, it will fall and could cut someone.”
- Red herring: “Think of the roses in my garden; their fragrance proves I’m honorable.” This is irrelevant to whether the duel should begin.","The challenger raised his sword: “If you step over the line, then the duel begins. You just stepped over the line; therefore, the duel begins.” The crowd gasped—steel is heavy, so if I drop it, it will fall and could cut someone. “Also,” the challenger added, “think of the roses in my garden; their fragrance proves I’m honorable.” “Irrelevant,” replied the second, “we’re speaking of the duel.”",3
"modus ponens, self serving bias, folk physics (common knowledge physics)",Sewing,"Greetings! I am interested in natural language processing and I was wondering if you could help me generate an example of text that illustrates multiple skills in semantics or syntax. The example should be a minimal natural piece of text with up to a few lines in the context of Sewing that illustrates all of the following skills: modus ponens, self serving bias, folk physics (common knowledge physics). Please keep the text as short as possible, and make sure the concepts can be found fully from the text. 

For reference, here are the definitions and examples for the concepts:
**modus ponens**: A syllogism that is of the form “If P then Q. P. Hence Q.” For example, ""If today is Tuesday, then John will go to work. Today is Tuesday. Therefore, John will go to work.""
**self serving bias**: A cognitive or perceptual process that is distorted by the need to maintain and enhance one’s self esteem. For example, ""If I do well on the exam, it’s because of my academic prowess and hard work. If I do poorly, it’s because the course was poorly taught, and the exam was poorly proctored.""
**folk physics (common knowledge physics)**: The untrained human perception of basic physical phenomena. For example, ""If I roll the pen off of the table, it will fall to the floor.""

Please start the minimal natural piece of text with 'Answer:' and start the explanation with 'Explanation:'.

Thanks very much!","Answer:
If the seam is pinned, it will stay aligned; I pinned it, so it stayed aligned. The stitch looks perfect because I have a steady hand—when it puckers, it’s the machine’s fault. If I drop the needle, it falls to the floor, so I keep it in a magnet tray.

Explanation:
- Modus ponens: “If the seam is pinned, it will stay aligned; I pinned it, so it stayed aligned.”
- Self-serving bias: “The stitch looks perfect because I have a steady hand—when it puckers, it’s the machine’s fault.”
- Folk physics: “If I drop the needle, it falls to the floor, so I keep it in a magnet tray.”","If the seam is pinned, it will stay aligned; I pinned it, so it stayed aligned. The stitch looks perfect because I have a steady hand—when it puckers, it’s the machine’s fault. If I drop the needle, it falls to the floor, so I keep it in a magnet tray.",3
"modus ponens, spatial reasoning, red herring",Beekeeping,"Greetings! I am interested in natural language processing and I was wondering if you could help me generate an example of text that illustrates multiple skills in semantics or syntax. The example should be a minimal natural piece of text with up to a few lines in the context of Beekeeping that illustrates all of the following skills: modus ponens, spatial reasoning, red herring. Please keep the text as short as possible, and make sure the concepts can be found fully from the text. 

For reference, here are the definitions and examples for the concepts:
**modus ponens**: A syllogism that is of the form “If P then Q. P. Hence Q.” For example, ""If today is Tuesday, then John will go to work. Today is Tuesday. Therefore, John will go to work.""
**spatial reasoning**: The capacity to reason about the spatial relationships between objects. For example, The key fit into the box. Using spatial reasoning, one can deduce that the width of the key was smaller than the width of the box.
**red herring**: Introducing irrelevant points to detract attention from a question. For example, A member of the press asks the president why they voted to expand a welfare program. The president responds, ""The strength of America is the strength of its communities, and I am proud to make our communities better places.""

Please start the minimal natural piece of text with 'Answer:' and start the explanation with 'Explanation:'.

Thanks very much!","Answer:
“If the queen is in the top super, then the swarm cells are above the brood. The queen is in the top super; therefore, the swarm cells are above the brood. The brood frames sit below the queen’s excluder, and the entrance faces east, so smoke from the left drifts away from the flight path. By the way, honey tastes better at sunrise, which proves we should paint the hive blue.”

Explanation:
- Modus ponens: “If the queen is in the top super, then the swarm cells are above the brood. The queen is in the top super; therefore, the swarm cells are above the brood.”
- Spatial reasoning: “The brood frames sit below the queen’s excluder” and “the entrance faces east, so smoke from the left drifts away from the flight path” require understanding vertical and directional relationships among hive parts and airflow.
- Red herring: “By the way, honey tastes better at sunrise, which proves we should paint the hive blue.” This introduces irrelevant claims about taste and paint color to distract from the hive-placement and queen/swarm-cell discussion.","“If the queen is in the top super, then the swarm cells are above the brood. The queen is in the top super; therefore, the swarm cells are above the brood. The brood frames sit below the queen’s excluder, and the entrance faces east, so smoke from the left drifts away from the flight path. By the way, honey tastes better at sunrise, which proves we should paint the hive blue.”",3
"folk physics (common knowledge physics), modus ponens, self serving bias",Survivalism,"Greetings! I am interested in natural language processing and I was wondering if you could help me generate an example of text that illustrates multiple skills in semantics or syntax. The example should be a minimal natural piece of text with up to a few lines in the context of Survivalism that illustrates all of the following skills: folk physics (common knowledge physics), modus ponens, self serving bias. Please keep the text as short as possible, and make sure the concepts can be found fully from the text. 

For reference, here are the definitions and examples for the concepts:
**folk physics (common knowledge physics)**: The untrained human perception of basic physical phenomena. For example, ""If I roll the pen off of the table, it will fall to the floor.""
**modus ponens**: A syllogism that is of the form “If P then Q. P. Hence Q.” For example, ""If today is Tuesday, then John will go to work. Today is Tuesday. Therefore, John will go to work.""
**self serving bias**: A cognitive or perceptual process that is distorted by the need to maintain and enhance one’s self esteem. For example, ""If I do well on the exam, it’s because of my academic prowess and hard work. If I do poorly, it’s because the course was poorly taught, and the exam was poorly proctored.""

Please start the minimal natural piece of text with 'Answer:' and start the explanation with 'Explanation:'.

Thanks very much!","Answer:
If the firewood is dry, then it will burn; the wood is dry, so it will burn. If I stack heavy logs on top of light ones, the heavy ones will crush down, so I put the big logs at the bottom. When the shelter stayed standing after the storm, it was because I planned brilliantly; when my trap failed, it was because the wire was cheap.

Explanation:
- Modus ponens: “If the firewood is dry, then it will burn; the wood is dry, so it will burn.”
- Folk physics: “If I stack heavy logs on top of light ones, the heavy ones will crush down, so I put the big logs at the bottom.” (heavier objects exert more force and compress lighter ones)
- Self-serving bias: “When the shelter stayed standing after the storm, it was because I planned brilliantly; when my trap failed, it was because the wire was cheap.” (success attributed to self, failure to external factors)","If the firewood is dry, then it will burn; the wood is dry, so it will burn. If I stack heavy logs on top of light ones, the heavy ones will crush down, so I put the big logs at the bottom. When the shelter stayed standing after the storm, it was because I planned brilliantly; when my trap failed, it was because the wire was cheap.",3
"red herring, modus ponens, folk physics (common knowledge physics)",The Ottoman Empire,"Greetings! I am interested in natural language processing and I was wondering if you could help me generate an example of text that illustrates multiple skills in semantics or syntax. The example should be a minimal natural piece of text with up to a few lines in the context of The Ottoman Empire that illustrates all of the following skills: red herring, modus ponens, folk physics (common knowledge physics). Please keep the text as short as possible, and make sure the concepts can be found fully from the text. 

For reference, here are the definitions and examples for the concepts:
**red herring**: Introducing irrelevant points to detract attention from a question. For example, A member of the press asks the president why they voted to expand a welfare program. The president responds, ""The strength of America is the strength of its communities, and I am proud to make our communities better places.""
**modus ponens**: A syllogism that is of the form “If P then Q. P. Hence Q.” For example, ""If today is Tuesday, then John will go to work. Today is Tuesday. Therefore, John will go to work.""
**folk physics (common knowledge physics)**: The untrained human perception of basic physical phenomena. For example, ""If I roll the pen off of the table, it will fall to the floor.""

Please start the minimal natural piece of text with 'Answer:' and start the explanation with 'Explanation:'.

Thanks very much!","Answer:
Grand Vizier: If the Janissaries receive their pay today, then they will guard the palace tonight. They do receive their pay today; therefore, they will guard the palace tonight. Also, have you noticed how splendid the tulips look this spring?
Scribe: Tulips aside, if I drop this goblet from the balcony, it will fall to the courtyard, so the guards below should move.
Guard: We are paid, so we will guard; and we are moving, because dropped things fall.

Explanation:
- Modus ponens: “If the Janissaries receive their pay today, then they will guard the palace tonight. They do receive their pay today; therefore, they will guard the palace tonight.”
- Red herring: The Vizier abruptly mentions tulips to divert from the pay/guarding issue.
- Folk physics: “If I drop this goblet from the balcony, it will fall to the courtyard,” and “dropped things fall,” relying on common-sense physics.","Grand Vizier: If the Janissaries receive their pay today, then they will guard the palace tonight. They do receive their pay today; therefore, they will guard the palace tonight. Also, have you noticed how splendid the tulips look this spring?
Scribe: Tulips aside, if I drop this goblet from the balcony, it will fall to the courtyard, so the guards below should move.
Guard: We are paid, so we will guard; and we are moving, because dropped things fall.",3
"modus ponens, spatial reasoning, folk physics (common knowledge physics)",Urbanism,"Greetings! I am interested in natural language processing and I was wondering if you could help me generate an example of text that illustrates multiple skills in semantics or syntax. The example should be a minimal natural piece of text with up to a few lines in the context of Urbanism that illustrates all of the following skills: modus ponens, spatial reasoning, folk physics (common knowledge physics). Please keep the text as short as possible, and make sure the concepts can be found fully from the text. 

For reference, here are the definitions and examples for the concepts:
**modus ponens**: A syllogism that is of the form “If P then Q. P. Hence Q.” For example, ""If today is Tuesday, then John will go to work. Today is Tuesday. Therefore, John will go to work.""
**spatial reasoning**: The capacity to reason about the spatial relationships between objects. For example, The key fit into the box. Using spatial reasoning, one can deduce that the width of the key was smaller than the width of the box.
**folk physics (common knowledge physics)**: The untrained human perception of basic physical phenomena. For example, ""If I roll the pen off of the table, it will fall to the floor.""

Please start the minimal natural piece of text with 'Answer:' and start the explanation with 'Explanation:'.

Thanks very much!","Answer:
If a street is narrowed, then cars slow down. This street is narrowed, so the cars slow down. The bike lane runs to the right of the slowed car lane, and the sidewalk is farther right than the bike lane. A stroller stays on the sidewalk because it fits there but not in the bike lane, and a rolling ball would leave the sidewalk’s edge and drop into the gutter.

Explanation:
- Modus ponens: “If a street is narrowed, then cars slow down. This street is narrowed, so the cars slow down.”
- Spatial reasoning: “The bike lane runs to the right of the slowed car lane, and the sidewalk is farther right than the bike lane” establishes relative positions; “A stroller stays on the sidewalk because it fits there but not in the bike lane” implies size/width relations.
- Folk physics: “a rolling ball would leave the sidewalk’s edge and drop into the gutter” uses gravity and rolling motion to infer falling off an edge into a lower area.","If a street is narrowed, then cars slow down. This street is narrowed, so the cars slow down. The bike lane runs to the right of the slowed car lane, and the sidewalk is farther right than the bike lane. A stroller stays on the sidewalk because it fits there but not in the bike lane, and a rolling ball would leave the sidewalk’s edge and drop into the gutter.",3
"modus ponens, self serving bias, folk physics (common knowledge physics)",Survivalism,"Greetings! I am interested in natural language processing and I was wondering if you could help me generate an example of text that illustrates multiple skills in semantics or syntax. The example should be a minimal natural piece of text with up to a few lines in the context of Survivalism that illustrates all of the following skills: modus ponens, self serving bias, folk physics (common knowledge physics). Please keep the text as short as possible, and make sure the concepts can be found fully from the text. 

For reference, here are the definitions and examples for the concepts:
**modus ponens**: A syllogism that is of the form “If P then Q. P. Hence Q.” For example, ""If today is Tuesday, then John will go to work. Today is Tuesday. Therefore, John will go to work.""
**self serving bias**: A cognitive or perceptual process that is distorted by the need to maintain and enhance one’s self esteem. For example, ""If I do well on the exam, it’s because of my academic prowess and hard work. If I do poorly, it’s because the course was poorly taught, and the exam was poorly proctored.""
**folk physics (common knowledge physics)**: The untrained human perception of basic physical phenomena. For example, ""If I roll the pen off of the table, it will fall to the floor.""

Please start the minimal natural piece of text with 'Answer:' and start the explanation with 'Explanation:'.

Thanks very much!","Answer:
If the sky turns black at noon, a storm will hit. The sky just turned black at noon, so a storm will hit. I packed the shelter well, so if we make it through tonight, it’s thanks to my planning; if anything goes wrong, it’s because the cheap gear failed. If I drop this wet tarp, it will fall to the ground and get muddy, so I keep a tight grip while I stake it down.

Explanation:
- Modus ponens: “If the sky turns black at noon, a storm will hit. The sky just turned black at noon, so a storm will hit.”
- Self-serving bias: “If we make it through tonight, it’s thanks to my planning; if anything goes wrong, it’s because the cheap gear failed.”
- Folk physics: “If I drop this wet tarp, it will fall to the ground and get muddy.”","If the sky turns black at noon, a storm will hit. The sky just turned black at noon, so a storm will hit. I packed the shelter well, so if we make it through tonight, it’s thanks to my planning; if anything goes wrong, it’s because the cheap gear failed. If I drop this wet tarp, it will fall to the ground and get muddy, so I keep a tight grip while I stake it down.",3
"folk physics (common knowledge physics), spatial reasoning, modus ponens",Sewing,"Greetings! I am interested in natural language processing and I was wondering if you could help me generate an example of text that illustrates multiple skills in semantics or syntax. The example should be a minimal natural piece of text with up to a few lines in the context of Sewing that illustrates all of the following skills: folk physics (common knowledge physics), spatial reasoning, modus ponens. Please keep the text as short as possible, and make sure the concepts can be found fully from the text. 

For reference, here are the definitions and examples for the concepts:
**folk physics (common knowledge physics)**: The untrained human perception of basic physical phenomena. For example, ""If I roll the pen off of the table, it will fall to the floor.""
**spatial reasoning**: The capacity to reason about the spatial relationships between objects. For example, The key fit into the box. Using spatial reasoning, one can deduce that the width of the key was smaller than the width of the box.
**modus ponens**: A syllogism that is of the form “If P then Q. P. Hence Q.” For example, ""If today is Tuesday, then John will go to work. Today is Tuesday. Therefore, John will go to work.""

Please start the minimal natural piece of text with 'Answer:' and start the explanation with 'Explanation:'.

Thanks very much!","Answer:
If the needle is threaded, then I can stitch this seam. The needle is threaded, so I can stitch this seam. I place the thimble on my finger and guide the needle through the fabric layers; the needle must be thinner than the eyelet of the button to pass through it, and gravity will pull the dropped pin to the tabletop beneath.

Explanation:
- Modus ponens: “If the needle is threaded, then I can stitch this seam. The needle is threaded. Therefore, I can stitch this seam.”
- Spatial reasoning: The needle passing through the eyelet implies the needle’s width is smaller than the buttonhole’s diameter.
- Folk physics: “Gravity will pull the dropped pin to the tabletop beneath” reflects common-sense understanding that unsupported objects fall downward.","If the needle is threaded, then I can stitch this seam. The needle is threaded, so I can stitch this seam. I place the thimble on my finger and guide the needle through the fabric layers; the needle must be thinner than the eyelet of the button to pass through it, and gravity will pull the dropped pin to the tabletop beneath.",3
"red herring, self serving bias, modus ponens",Survivalism,"Greetings! I am interested in natural language processing and I was wondering if you could help me generate an example of text that illustrates multiple skills in semantics or syntax. The example should be a minimal natural piece of text with up to a few lines in the context of Survivalism that illustrates all of the following skills: red herring, self serving bias, modus ponens. Please keep the text as short as possible, and make sure the concepts can be found fully from the text. 

For reference, here are the definitions and examples for the concepts:
**red herring**: Introducing irrelevant points to detract attention from a question. For example, A member of the press asks the president why they voted to expand a welfare program. The president responds, ""The strength of America is the strength of its communities, and I am proud to make our communities better places.""
**self serving bias**: A cognitive or perceptual process that is distorted by the need to maintain and enhance one’s self esteem. For example, ""If I do well on the exam, it’s because of my academic prowess and hard work. If I do poorly, it’s because the course was poorly taught, and the exam was poorly proctored.""
**modus ponens**: A syllogism that is of the form “If P then Q. P. Hence Q.” For example, ""If today is Tuesday, then John will go to work. Today is Tuesday. Therefore, John will go to work.""

Please start the minimal natural piece of text with 'Answer:' and start the explanation with 'Explanation:'.

Thanks very much!","Answer: “If the radio goes silent, then I execute Plan Echo. The radio just died, so I execute Plan Echo. Also, don’t ask about last winter’s failed garden—what really matters is how inspiring my campfire speeches are. Anyway, when the harvest was good, it proved my skill; when it failed, the soil was cursed and the seed vendor lied.”

Explanation:
- Modus ponens: “If the radio goes silent, then I execute Plan Echo. The radio just died, so I execute Plan Echo.”
- Red herring: “Also, don’t ask about last winter’s failed garden—what really matters is how inspiring my campfire speeches are.” This shifts attention from the garden failure to irrelevant campfire speeches.
- Self-serving bias: “When the harvest was good, it proved my skill; when it failed, the soil was cursed and the seed vendor lied.” Success attributed to self, failure blamed on external factors.","“If the radio goes silent, then I execute Plan Echo. The radio just died, so I execute Plan Echo. Also, don’t ask about last winter’s failed garden—what really matters is how inspiring my campfire speeches are. Anyway, when the harvest was good, it proved my skill; when it failed, the soil was cursed and the seed vendor lied.”",3
"red herring, folk physics (common knowledge physics), modus ponens",Dueling,"Greetings! I am interested in natural language processing and I was wondering if you could help me generate an example of text that illustrates multiple skills in semantics or syntax. The example should be a minimal natural piece of text with up to a few lines in the context of Dueling that illustrates all of the following skills: red herring, folk physics (common knowledge physics), modus ponens. Please keep the text as short as possible, and make sure the concepts can be found fully from the text. 

For reference, here are the definitions and examples for the concepts:
**red herring**: Introducing irrelevant points to detract attention from a question. For example, A member of the press asks the president why they voted to expand a welfare program. The president responds, ""The strength of America is the strength of its communities, and I am proud to make our communities better places.""
**folk physics (common knowledge physics)**: The untrained human perception of basic physical phenomena. For example, ""If I roll the pen off of the table, it will fall to the floor.""
**modus ponens**: A syllogism that is of the form “If P then Q. P. Hence Q.” For example, ""If today is Tuesday, then John will go to work. Today is Tuesday. Therefore, John will go to work.""

Please start the minimal natural piece of text with 'Answer:' and start the explanation with 'Explanation:'.

Thanks very much!","Answer: The challenger raised his sword. “If a duelist drops his guard, then he will be struck. You dropped your guard; therefore, you will be struck.” The crowd gasped as the glove he tossed arced down—of course it fell; what goes up must come down. “Anyway,” the challenger added, “my family’s banner is the brightest in all the kingdom, woven with gold thread and admired by poets.” Steel flashed.

Explanation:
- Modus ponens: “If a duelist drops his guard, then he will be struck. You dropped your guard; therefore, you will be struck.”
- Folk physics: “the glove he tossed arced down—of course it fell; what goes up must come down,” expressing basic gravity expectations.
- Red herring: “my family’s banner is the brightest… woven with gold thread and admired by poets” introduces irrelevant prestige to distract from the duel’s immediate issue.","The challenger raised his sword. “If a duelist drops his guard, then he will be struck. You dropped your guard; therefore, you will be struck.” The crowd gasped as the glove he tossed arced down—of course it fell; what goes up must come down. “Anyway,” the challenger added, “my family’s banner is the brightest in all the kingdom, woven with gold thread and admired by poets.” Steel flashed.",3
"red herring, folk physics (common knowledge physics), modus ponens",Dueling,"Greetings! I am interested in natural language processing and I was wondering if you could help me generate an example of text that illustrates multiple skills in semantics or syntax. The example should be a minimal natural piece of text with up to a few lines in the context of Dueling that illustrates all of the following skills: red herring, folk physics (common knowledge physics), modus ponens. Please keep the text as short as possible, and make sure the concepts can be found fully from the text. 

For reference, here are the definitions and examples for the concepts:
**red herring**: Introducing irrelevant points to detract attention from a question. For example, A member of the press asks the president why they voted to expand a welfare program. The president responds, ""The strength of America is the strength of its communities, and I am proud to make our communities better places.""
**folk physics (common knowledge physics)**: The untrained human perception of basic physical phenomena. For example, ""If I roll the pen off of the table, it will fall to the floor.""
**modus ponens**: A syllogism that is of the form “If P then Q. P. Hence Q.” For example, ""If today is Tuesday, then John will go to work. Today is Tuesday. Therefore, John will go to work.""

Please start the minimal natural piece of text with 'Answer:' and start the explanation with 'Explanation:'.

Thanks very much!","Answer:
Before the duel at dawn, Mara told Ren: “If I draw first, then I will win. I draw first; therefore, I will win.” Ren frowned, kicking the dust: “Drop that talk—my grandmother’s soup recipe uses star anise, which smells like victory.” Mara glanced at the loaded pistols on the table and said, “When I release my grip, gravity will pull the pistol downward, so keep your hand under it.”

Explanation:
- Modus ponens: “If I draw first, then I will win. I draw first; therefore, I will win.”
- Red herring: Ren’s irrelevant mention of his grandmother’s soup recipe to distract from the duel.
- Folk physics (common knowledge physics): “When I release my grip, gravity will pull the pistol downward,” reflecting everyday understanding that dropped objects fall.","Before the duel at dawn, Mara told Ren: “If I draw first, then I will win. I draw first; therefore, I will win.” Ren frowned, kicking the dust: “Drop that talk—my grandmother’s soup recipe uses star anise, which smells like victory.” Mara glanced at the loaded pistols on the table and said, “When I release my grip, gravity will pull the pistol downward, so keep your hand under it.”",3
"modus ponens, folk physics (common knowledge physics), red herring",Dueling,"Greetings! I am interested in natural language processing and I was wondering if you could help me generate an example of text that illustrates multiple skills in semantics or syntax. The example should be a minimal natural piece of text with up to a few lines in the context of Dueling that illustrates all of the following skills: modus ponens, folk physics (common knowledge physics), red herring. Please keep the text as short as possible, and make sure the concepts can be found fully from the text. 

For reference, here are the definitions and examples for the concepts:
**modus ponens**: A syllogism that is of the form “If P then Q. P. Hence Q.” For example, ""If today is Tuesday, then John will go to work. Today is Tuesday. Therefore, John will go to work.""
**folk physics (common knowledge physics)**: The untrained human perception of basic physical phenomena. For example, ""If I roll the pen off of the table, it will fall to the floor.""
**red herring**: Introducing irrelevant points to detract attention from a question. For example, A member of the press asks the president why they voted to expand a welfare program. The president responds, ""The strength of America is the strength of its communities, and I am proud to make our communities better places.""

Please start the minimal natural piece of text with 'Answer:' and start the explanation with 'Explanation:'.

Thanks very much!","Answer: The challenger raised his sword. “If the sun has risen, the duel must begin. The sun has risen. Therefore, the duel must begin.” His opponent stalled: “But speaking of sunrise, did you know my family once traded silk in three kingdoms?” The crowd shifted as their shadows shortened; the dropped gauntlet hit the dirt and didn’t float.

Explanation:
- Modus ponens: “If the sun has risen, the duel must begin. The sun has risen. Therefore, the duel must begin.”
- Folk physics: “the dropped gauntlet hit the dirt and didn’t float” (objects fall to the ground due to gravity).
- Red herring: The opponent’s irrelevant tale about family silk trading to distract from starting the duel.","The challenger raised his sword. “If the sun has risen, the duel must begin. The sun has risen. Therefore, the duel must begin.” His opponent stalled: “But speaking of sunrise, did you know my family once traded silk in three kingdoms?” The crowd shifted as their shadows shortened; the dropped gauntlet hit the dirt and didn’t float.",3
"modus ponens, folk physics (common knowledge physics), self serving bias",Urbanism,"Greetings! I am interested in natural language processing and I was wondering if you could help me generate an example of text that illustrates multiple skills in semantics or syntax. The example should be a minimal natural piece of text with up to a few lines in the context of Urbanism that illustrates all of the following skills: modus ponens, folk physics (common knowledge physics), self serving bias. Please keep the text as short as possible, and make sure the concepts can be found fully from the text. 

For reference, here are the definitions and examples for the concepts:
**modus ponens**: A syllogism that is of the form “If P then Q. P. Hence Q.” For example, ""If today is Tuesday, then John will go to work. Today is Tuesday. Therefore, John will go to work.""
**folk physics (common knowledge physics)**: The untrained human perception of basic physical phenomena. For example, ""If I roll the pen off of the table, it will fall to the floor.""
**self serving bias**: A cognitive or perceptual process that is distorted by the need to maintain and enhance one’s self esteem. For example, ""If I do well on the exam, it’s because of my academic prowess and hard work. If I do poorly, it’s because the course was poorly taught, and the exam was poorly proctored.""

Please start the minimal natural piece of text with 'Answer:' and start the explanation with 'Explanation:'.

Thanks very much!","Answer: If a street has a protected bike lane, then more residents will cycle. Our plan adds a protected bike lane, so more residents will cycle. Of course, people prefer cycling when they see cars take longer to stop on slick paint—nobody wants to skid into a curb. And when last year’s pilot boosted ridership, it was because my team designed it brilliantly; when delays happened, that was the traffic agency mis-timing the lights.

Explanation:
- Modus ponens: “If a street has a protected bike lane, then more residents will cycle. Our plan adds a protected bike lane, so more residents will cycle.”
- Folk physics: “cars take longer to stop on slick paint—nobody wants to skid into a curb,” invoking everyday knowledge about friction and stopping distance.
- Self-serving bias: Success (“boosted ridership”) attributed to “my team,” while failures (“delays”) blamed on an external party (“the traffic agency”).","If a street has a protected bike lane, then more residents will cycle. Our plan adds a protected bike lane, so more residents will cycle. Of course, people prefer cycling when they see cars take longer to stop on slick paint—nobody wants to skid into a curb. And when last year’s pilot boosted ridership, it was because my team designed it brilliantly; when delays happened, that was the traffic agency mis-timing the lights.",3
"modus ponens, folk physics (common knowledge physics), red herring",Guerilla warfare,"Greetings! I am interested in natural language processing and I was wondering if you could help me generate an example of text that illustrates multiple skills in semantics or syntax. The example should be a minimal natural piece of text with up to a few lines in the context of Guerilla warfare that illustrates all of the following skills: modus ponens, folk physics (common knowledge physics), red herring. Please keep the text as short as possible, and make sure the concepts can be found fully from the text. 

For reference, here are the definitions and examples for the concepts:
**modus ponens**: A syllogism that is of the form “If P then Q. P. Hence Q.” For example, ""If today is Tuesday, then John will go to work. Today is Tuesday. Therefore, John will go to work.""
**folk physics (common knowledge physics)**: The untrained human perception of basic physical phenomena. For example, ""If I roll the pen off of the table, it will fall to the floor.""
**red herring**: Introducing irrelevant points to detract attention from a question. For example, A member of the press asks the president why they voted to expand a welfare program. The president responds, ""The strength of America is the strength of its communities, and I am proud to make our communities better places.""

Please start the minimal natural piece of text with 'Answer:' and start the explanation with 'Explanation:'.

Thanks very much!","Answer:
If we plant mines on the north trail, then the patrol will avoid the ridge. We planted mines on the north trail. Therefore, the patrol will avoid the ridge. And since bullets move faster than footsteps, an ambush from above will hit them before they can run. Anyway, did you notice the commander’s fancy boots? They’re imported leather—very shiny.

Explanation:
- Modus ponens: “If we plant mines on the north trail, then the patrol will avoid the ridge. We planted mines on the north trail. Therefore, the patrol will avoid the ridge.”
- Folk physics (common knowledge physics): “Bullets move faster than footsteps,” invoking basic physical intuition about relative speeds and cause-effect in an ambush.
- Red herring: The irrelevant diversion about “the commander’s fancy boots… very shiny” distracts from the tactical discussion.","If we plant mines on the north trail, then the patrol will avoid the ridge. We planted mines on the north trail. Therefore, the patrol will avoid the ridge. And since bullets move faster than footsteps, an ambush from above will hit them before they can run. Anyway, did you notice the commander’s fancy boots? They’re imported leather—very shiny.",3
"red herring, folk physics (common knowledge physics), modus ponens",Urbanism,"Greetings! I am interested in natural language processing and I was wondering if you could help me generate an example of text that illustrates multiple skills in semantics or syntax. The example should be a minimal natural piece of text with up to a few lines in the context of Urbanism that illustrates all of the following skills: red herring, folk physics (common knowledge physics), modus ponens. Please keep the text as short as possible, and make sure the concepts can be found fully from the text. 

For reference, here are the definitions and examples for the concepts:
**red herring**: Introducing irrelevant points to detract attention from a question. For example, A member of the press asks the president why they voted to expand a welfare program. The president responds, ""The strength of America is the strength of its communities, and I am proud to make our communities better places.""
**folk physics (common knowledge physics)**: The untrained human perception of basic physical phenomena. For example, ""If I roll the pen off of the table, it will fall to the floor.""
**modus ponens**: A syllogism that is of the form “If P then Q. P. Hence Q.” For example, ""If today is Tuesday, then John will go to work. Today is Tuesday. Therefore, John will go to work.""

Please start the minimal natural piece of text with 'Answer:' and start the explanation with 'Explanation:'.

Thanks very much!","Answer:
""If a street has wide, shaded sidewalks, then more people will walk there; this block has wide, shaded sidewalks, so more people will walk here. Everyone knows that if you drop a bike on a downhill street, it rolls toward the intersection. Anyway, the real issue is that our city’s logo really needs a new color palette.""

Explanation:
- Modus ponens: ""If a street has wide, shaded sidewalks, then more people will walk there; this block has wide, shaded sidewalks, so more people will walk here.""
- Folk physics: ""If you drop a bike on a downhill street, it rolls toward the intersection.""
- Red herring: The sudden shift to ""the real issue is that our city’s logo really needs a new color palette,"" which is irrelevant to the urban design/safety discussion.","""If a street has wide, shaded sidewalks, then more people will walk there; this block has wide, shaded sidewalks, so more people will walk here. Everyone knows that if you drop a bike on a downhill street, it rolls toward the intersection. Anyway, the real issue is that our city’s logo really needs a new color palette.""",3
"self serving bias, modus ponens, red herring",Dueling,"Greetings! I am interested in natural language processing and I was wondering if you could help me generate an example of text that illustrates multiple skills in semantics or syntax. The example should be a minimal natural piece of text with up to a few lines in the context of Dueling that illustrates all of the following skills: self serving bias, modus ponens, red herring. Please keep the text as short as possible, and make sure the concepts can be found fully from the text. 

For reference, here are the definitions and examples for the concepts:
**self serving bias**: A cognitive or perceptual process that is distorted by the need to maintain and enhance one’s self esteem. For example, ""If I do well on the exam, it’s because of my academic prowess and hard work. If I do poorly, it’s because the course was poorly taught, and the exam was poorly proctored.""
**modus ponens**: A syllogism that is of the form “If P then Q. P. Hence Q.” For example, ""If today is Tuesday, then John will go to work. Today is Tuesday. Therefore, John will go to work.""
**red herring**: Introducing irrelevant points to detract attention from a question. For example, A member of the press asks the president why they voted to expand a welfare program. The president responds, ""The strength of America is the strength of its communities, and I am proud to make our communities better places.""

Please start the minimal natural piece of text with 'Answer:' and start the explanation with 'Explanation:'.

Thanks very much!","Answer:
“If my duel goes well, it’s proof of my superior skill; if it goes poorly, the referee was biased. If a challenger breaks the code of honor, then I must accept the duel; the challenger broke the code, therefore I accept. But before we discuss the duel’s fairness, remember that my family founded this town’s festival, which everyone loves.”

Explanation:
- Self-serving bias: “If my duel goes well, it’s proof of my superior skill; if it goes poorly, the referee was biased.” The speaker attributes success to personal skill and failure to external factors.
- Modus ponens: “If a challenger breaks the code of honor, then I must accept the duel; the challenger broke the code, therefore I accept.” This follows the form: If P then Q. P. Therefore Q.
- Red herring: “But before we discuss the duel’s fairness, remember that my family founded this town’s festival, which everyone loves.” This introduces an irrelevant point (family founding a festival) to distract from the question of the duel’s fairness.","“If my duel goes well, it’s proof of my superior skill; if it goes poorly, the referee was biased. If a challenger breaks the code of honor, then I must accept the duel; the challenger broke the code, therefore I accept. But before we discuss the duel’s fairness, remember that my family founded this town’s festival, which everyone loves.”",3
"self serving bias, modus ponens, red herring",The Ottoman Empire,"Greetings! I am interested in natural language processing and I was wondering if you could help me generate an example of text that illustrates multiple skills in semantics or syntax. The example should be a minimal natural piece of text with up to a few lines in the context of The Ottoman Empire that illustrates all of the following skills: self serving bias, modus ponens, red herring. Please keep the text as short as possible, and make sure the concepts can be found fully from the text. 

For reference, here are the definitions and examples for the concepts:
**self serving bias**: A cognitive or perceptual process that is distorted by the need to maintain and enhance one’s self esteem. For example, ""If I do well on the exam, it’s because of my academic prowess and hard work. If I do poorly, it’s because the course was poorly taught, and the exam was poorly proctored.""
**modus ponens**: A syllogism that is of the form “If P then Q. P. Hence Q.” For example, ""If today is Tuesday, then John will go to work. Today is Tuesday. Therefore, John will go to work.""
**red herring**: Introducing irrelevant points to detract attention from a question. For example, A member of the press asks the president why they voted to expand a welfare program. The president responds, ""The strength of America is the strength of its communities, and I am proud to make our communities better places.""

Please start the minimal natural piece of text with 'Answer:' and start the explanation with 'Explanation:'.

Thanks very much!","Answer:
""If my campaign to reform the Janissaries succeeds, it proves my wisdom; if it fails, the viziers sabotaged it. If the sultan issues the decree, then the reform begins. The sultan has issued the decree, so the reform begins. Anyway, have you tasted the new coffee from Yemen? Its aroma shows our empire’s unmatched refinement.""

Explanation:
- Self-serving bias: “If my campaign to reform the Janissaries succeeds, it proves my wisdom; if it fails, the viziers sabotaged it.” Success credited to self, failure blamed on others.
- Modus ponens: “If the sultan issues the decree, then the reform begins. The sultan has issued the decree, so the reform begins.” Matches the form If P then Q. P. Therefore Q.
- Red herring: The sudden shift to coffee and “our empire’s unmatched refinement” distracts from the question of the reform’s success or failure.","""If my campaign to reform the Janissaries succeeds, it proves my wisdom; if it fails, the viziers sabotaged it. If the sultan issues the decree, then the reform begins. The sultan has issued the decree, so the reform begins. Anyway, have you tasted the new coffee from Yemen? Its aroma shows our empire’s unmatched refinement.""",3
"folk physics (common knowledge physics), modus ponens, self serving bias",Sewing,"Greetings! I am interested in natural language processing and I was wondering if you could help me generate an example of text that illustrates multiple skills in semantics or syntax. The example should be a minimal natural piece of text with up to a few lines in the context of Sewing that illustrates all of the following skills: folk physics (common knowledge physics), modus ponens, self serving bias. Please keep the text as short as possible, and make sure the concepts can be found fully from the text. 

For reference, here are the definitions and examples for the concepts:
**folk physics (common knowledge physics)**: The untrained human perception of basic physical phenomena. For example, ""If I roll the pen off of the table, it will fall to the floor.""
**modus ponens**: A syllogism that is of the form “If P then Q. P. Hence Q.” For example, ""If today is Tuesday, then John will go to work. Today is Tuesday. Therefore, John will go to work.""
**self serving bias**: A cognitive or perceptual process that is distorted by the need to maintain and enhance one’s self esteem. For example, ""If I do well on the exam, it’s because of my academic prowess and hard work. If I do poorly, it’s because the course was poorly taught, and the exam was poorly proctored.""

Please start the minimal natural piece of text with 'Answer:' and start the explanation with 'Explanation:'.

Thanks very much!","Answer:
If the seam is even, the dress will hang straight. The seam is even, so the dress will hang straight. I knew it would—gravity pulls the fabric down evenly when the stitches don’t bunch. And if the hem looks crooked later, it’s because the fabric was cheap, not my stitching.

Explanation:
- Modus ponens: “If the seam is even, the dress will hang straight. The seam is even, so the dress will hang straight.”
- Folk physics: “gravity pulls the fabric down evenly when the stitches don’t bunch” invokes basic physical intuition about gravity affecting fabric.
- Self-serving bias: “If the hem looks crooked later, it’s because the fabric was cheap, not my stitching” attributes success to oneself and blames failure on external factors.","If the seam is even, the dress will hang straight. The seam is even, so the dress will hang straight. I knew it would—gravity pulls the fabric down evenly when the stitches don’t bunch. And if the hem looks crooked later, it’s because the fabric was cheap, not my stitching.",3
"self serving bias, modus ponens, red herring",Beekeeping,"Greetings! I am interested in natural language processing and I was wondering if you could help me generate an example of text that illustrates multiple skills in semantics or syntax. The example should be a minimal natural piece of text with up to a few lines in the context of Beekeeping that illustrates all of the following skills: self serving bias, modus ponens, red herring. Please keep the text as short as possible, and make sure the concepts can be found fully from the text. 

For reference, here are the definitions and examples for the concepts:
**self serving bias**: A cognitive or perceptual process that is distorted by the need to maintain and enhance one’s self esteem. For example, ""If I do well on the exam, it’s because of my academic prowess and hard work. If I do poorly, it’s because the course was poorly taught, and the exam was poorly proctored.""
**modus ponens**: A syllogism that is of the form “If P then Q. P. Hence Q.” For example, ""If today is Tuesday, then John will go to work. Today is Tuesday. Therefore, John will go to work.""
**red herring**: Introducing irrelevant points to detract attention from a question. For example, A member of the press asks the president why they voted to expand a welfare program. The president responds, ""The strength of America is the strength of its communities, and I am proud to make our communities better places.""

Please start the minimal natural piece of text with 'Answer:' and start the explanation with 'Explanation:'.

Thanks very much!","Answer:
“If the queen is healthy, then the hive will thrive. The queen is healthy, so the hive will thrive. And by the way, did you notice how glossy these new hive tools look? Also, the honey was superb this year because I managed the frames brilliantly; when we lost a colony last spring, that was due to freak weather, not my methods.”

Explanation:
- Modus ponens: “If the queen is healthy, then the hive will thrive. The queen is healthy, so the hive will thrive.”
- Red herring: “By the way, did you notice how glossy these new hive tools look?” (irrelevant distraction from the argument about hive health)
- Self-serving bias: “the honey was superb this year because I managed the frames brilliantly; when we lost a colony last spring, that was due to freak weather, not my methods.” (crediting success to self, blaming failure on external factors)","“If the queen is healthy, then the hive will thrive. The queen is healthy, so the hive will thrive. And by the way, did you notice how glossy these new hive tools look? Also, the honey was superb this year because I managed the frames brilliantly; when we lost a colony last spring, that was due to freak weather, not my methods.”",3
"self serving bias, red herring, modus ponens",Dueling,"Greetings! I am interested in natural language processing and I was wondering if you could help me generate an example of text that illustrates multiple skills in semantics or syntax. The example should be a minimal natural piece of text with up to a few lines in the context of Dueling that illustrates all of the following skills: self serving bias, red herring, modus ponens. Please keep the text as short as possible, and make sure the concepts can be found fully from the text. 

For reference, here are the definitions and examples for the concepts:
**self serving bias**: A cognitive or perceptual process that is distorted by the need to maintain and enhance one’s self esteem. For example, ""If I do well on the exam, it’s because of my academic prowess and hard work. If I do poorly, it’s because the course was poorly taught, and the exam was poorly proctored.""
**red herring**: Introducing irrelevant points to detract attention from a question. For example, A member of the press asks the president why they voted to expand a welfare program. The president responds, ""The strength of America is the strength of its communities, and I am proud to make our communities better places.""
**modus ponens**: A syllogism that is of the form “If P then Q. P. Hence Q.” For example, ""If today is Tuesday, then John will go to work. Today is Tuesday. Therefore, John will go to work.""

Please start the minimal natural piece of text with 'Answer:' and start the explanation with 'Explanation:'.

Thanks very much!","Answer:
“If I win this duel, it proves my superior skill; if I lose, the sun’s glare and a biased referee are to blame. Anyway, speaking of honor, have you seen the splendid plumes on my hat? If a challenger violates the code, then disqualification follows. He violated the code. Therefore, he’s disqualified.”

Explanation:
- Self-serving bias: “If I win… it proves my superior skill; if I lose, the sun’s glare and a biased referee are to blame.”
- Red herring: “Anyway, speaking of honor, have you seen the splendid plumes on my hat?” (irrelevant distraction from the duel’s merits)
- Modus ponens: “If a challenger violates the code, then disqualification follows. He violated the code. Therefore, he’s disqualified.”","“If I win this duel, it proves my superior skill; if I lose, the sun’s glare and a biased referee are to blame. Anyway, speaking of honor, have you seen the splendid plumes on my hat? If a challenger violates the code, then disqualification follows. He violated the code. Therefore, he’s disqualified.”",3
"modus ponens, self serving bias, folk physics (common knowledge physics)",Dueling,"Greetings! I am interested in natural language processing and I was wondering if you could help me generate an example of text that illustrates multiple skills in semantics or syntax. The example should be a minimal natural piece of text with up to a few lines in the context of Dueling that illustrates all of the following skills: modus ponens, self serving bias, folk physics (common knowledge physics). Please keep the text as short as possible, and make sure the concepts can be found fully from the text. 

For reference, here are the definitions and examples for the concepts:
**modus ponens**: A syllogism that is of the form “If P then Q. P. Hence Q.” For example, ""If today is Tuesday, then John will go to work. Today is Tuesday. Therefore, John will go to work.""
**self serving bias**: A cognitive or perceptual process that is distorted by the need to maintain and enhance one’s self esteem. For example, ""If I do well on the exam, it’s because of my academic prowess and hard work. If I do poorly, it’s because the course was poorly taught, and the exam was poorly proctored.""
**folk physics (common knowledge physics)**: The untrained human perception of basic physical phenomena. For example, ""If I roll the pen off of the table, it will fall to the floor.""

Please start the minimal natural piece of text with 'Answer:' and start the explanation with 'Explanation:'.

Thanks very much!","Answer:
“If the first hit draws blood, then honor demands a halt. I strike first and draw blood; therefore, the duel should stop. See? I’ve won because I’m skilled, not lucky—and when he slipped, it was only because wet grass makes you lose footing and gravity pulls you down.”

Explanation:
- Modus ponens: “If the first hit draws blood, then honor demands a halt. I strike first and draw blood; therefore, the duel should stop.”
- Self-serving bias: “I’ve won because I’m skilled, not lucky—and when he slipped, it was only because…” attributing success to personal skill and the opponent’s failure to external factors.
- Folk physics: “wet grass makes you lose footing and gravity pulls you down,” invoking everyday physical causation.","“If the first hit draws blood, then honor demands a halt. I strike first and draw blood; therefore, the duel should stop. See? I’ve won because I’m skilled, not lucky—and when he slipped, it was only because wet grass makes you lose footing and gravity pulls you down.”",3
"spatial reasoning, modus ponens, red herring",Guerilla warfare,"Greetings! I am interested in natural language processing and I was wondering if you could help me generate an example of text that illustrates multiple skills in semantics or syntax. The example should be a minimal natural piece of text with up to a few lines in the context of Guerilla warfare that illustrates all of the following skills: spatial reasoning, modus ponens, red herring. Please keep the text as short as possible, and make sure the concepts can be found fully from the text. 

For reference, here are the definitions and examples for the concepts:
**spatial reasoning**: The capacity to reason about the spatial relationships between objects. For example, The key fit into the box. Using spatial reasoning, one can deduce that the width of the key was smaller than the width of the box.
**modus ponens**: A syllogism that is of the form “If P then Q. P. Hence Q.” For example, ""If today is Tuesday, then John will go to work. Today is Tuesday. Therefore, John will go to work.""
**red herring**: Introducing irrelevant points to detract attention from a question. For example, A member of the press asks the president why they voted to expand a welfare program. The president responds, ""The strength of America is the strength of its communities, and I am proud to make our communities better places.""

Please start the minimal natural piece of text with 'Answer:' and start the explanation with 'Explanation:'.

Thanks very much!","Answer: If the patrol leaves the ridge, then the valley ambush is sprung. The patrol leaves the ridge, so the ambush is sprung. Our scouts are 200 meters east of the bridge, the ammo cache is 50 meters north of them behind the boulder, and the escape path runs west along the riverbank. Anyway, did you know the general prefers mint tea?

Explanation:
- Modus ponens: “If the patrol leaves the ridge, then the valley ambush is sprung. The patrol leaves the ridge. Therefore, the ambush is sprung.”
- Spatial reasoning: The text specifies positions—scouts 200 m east of the bridge, the cache 50 m north of the scouts behind a boulder, and the escape path running west along the riverbank—allowing inference of relative locations and routes.
- Red herring: “Anyway, did you know the general prefers mint tea?” introduces an irrelevant point that distracts from the tactical discussion.","If the patrol leaves the ridge, then the valley ambush is sprung. The patrol leaves the ridge, so the ambush is sprung. Our scouts are 200 meters east of the bridge, the ammo cache is 50 meters north of them behind the boulder, and the escape path runs west along the riverbank. Anyway, did you know the general prefers mint tea?",3
"spatial reasoning, modus ponens, folk physics (common knowledge physics)",Urbanism,"Greetings! I am interested in natural language processing and I was wondering if you could help me generate an example of text that illustrates multiple skills in semantics or syntax. The example should be a minimal natural piece of text with up to a few lines in the context of Urbanism that illustrates all of the following skills: spatial reasoning, modus ponens, folk physics (common knowledge physics). Please keep the text as short as possible, and make sure the concepts can be found fully from the text. 

For reference, here are the definitions and examples for the concepts:
**spatial reasoning**: The capacity to reason about the spatial relationships between objects. For example, The key fit into the box. Using spatial reasoning, one can deduce that the width of the key was smaller than the width of the box.
**modus ponens**: A syllogism that is of the form “If P then Q. P. Hence Q.” For example, ""If today is Tuesday, then John will go to work. Today is Tuesday. Therefore, John will go to work.""
**folk physics (common knowledge physics)**: The untrained human perception of basic physical phenomena. For example, ""If I roll the pen off of the table, it will fall to the floor.""

Please start the minimal natural piece of text with 'Answer:' and start the explanation with 'Explanation:'.

Thanks very much!","Answer:
If the plaza’s ramp is lower than the sidewalk, then rainwater will flow into the plaza. The ramp is lower than the sidewalk, so the rainwater will flow into the plaza. The ramp runs east to west beneath the bridge, and the drain is at the west edge.

Explanation:
- Modus ponens: “If the plaza’s ramp is lower than the sidewalk, then rainwater will flow into the plaza. The ramp is lower than the sidewalk. Therefore, rainwater will flow into the plaza.”
- Folk physics: Water flows downhill due to gravity, causing it to move from higher sidewalk to lower plaza.
- Spatial reasoning: Understanding relative elevations (ramp lower than sidewalk), orientation (ramp runs east to west beneath the bridge), and location (drain at the west edge) to infer where water accumulates.","If the plaza’s ramp is lower than the sidewalk, then rainwater will flow into the plaza. The ramp is lower than the sidewalk, so the rainwater will flow into the plaza. The ramp runs east to west beneath the bridge, and the drain is at the west edge.",3
"spatial reasoning, modus ponens, self serving bias",The Ottoman Empire,"Greetings! I am interested in natural language processing and I was wondering if you could help me generate an example of text that illustrates multiple skills in semantics or syntax. The example should be a minimal natural piece of text with up to a few lines in the context of The Ottoman Empire that illustrates all of the following skills: spatial reasoning, modus ponens, self serving bias. Please keep the text as short as possible, and make sure the concepts can be found fully from the text. 

For reference, here are the definitions and examples for the concepts:
**spatial reasoning**: The capacity to reason about the spatial relationships between objects. For example, The key fit into the box. Using spatial reasoning, one can deduce that the width of the key was smaller than the width of the box.
**modus ponens**: A syllogism that is of the form “If P then Q. P. Hence Q.” For example, ""If today is Tuesday, then John will go to work. Today is Tuesday. Therefore, John will go to work.""
**self serving bias**: A cognitive or perceptual process that is distorted by the need to maintain and enhance one’s self esteem. For example, ""If I do well on the exam, it’s because of my academic prowess and hard work. If I do poorly, it’s because the course was poorly taught, and the exam was poorly proctored.""

Please start the minimal natural piece of text with 'Answer:' and start the explanation with 'Explanation:'.

Thanks very much!","Answer: In Istanbul, I said, “If the Janissaries guard the narrow Galata Gate, then no wagon wider than the gate can pass. They are guarding it, so no such wagon will pass.” My own cart fit through because I planned well; when another merchant’s cart scraped the stone, it was clearly the gate’s poor design.

Explanation:
- Spatial reasoning: “no wagon wider than the gate can pass” and a cart scraping the stone imply width comparisons and spatial constraints of the gate.
- Modus ponens: “If the Janissaries guard the narrow Galata Gate, then no wagon wider than the gate can pass. They are guarding it, so no such wagon will pass.”
- Self-serving bias: Success attributed internally (“My own cart fit through because I planned well”) while another’s failure attributed externally (“it was clearly the gate’s poor design”).","In Istanbul, I said, “If the Janissaries guard the narrow Galata Gate, then no wagon wider than the gate can pass. They are guarding it, so no such wagon will pass.” My own cart fit through because I planned well; when another merchant’s cart scraped the stone, it was clearly the gate’s poor design.",3
"self serving bias, red herring, modus ponens",Dueling,"Greetings! I am interested in natural language processing and I was wondering if you could help me generate an example of text that illustrates multiple skills in semantics or syntax. The example should be a minimal natural piece of text with up to a few lines in the context of Dueling that illustrates all of the following skills: self serving bias, red herring, modus ponens. Please keep the text as short as possible, and make sure the concepts can be found fully from the text. 

For reference, here are the definitions and examples for the concepts:
**self serving bias**: A cognitive or perceptual process that is distorted by the need to maintain and enhance one’s self esteem. For example, ""If I do well on the exam, it’s because of my academic prowess and hard work. If I do poorly, it’s because the course was poorly taught, and the exam was poorly proctored.""
**red herring**: Introducing irrelevant points to detract attention from a question. For example, A member of the press asks the president why they voted to expand a welfare program. The president responds, ""The strength of America is the strength of its communities, and I am proud to make our communities better places.""
**modus ponens**: A syllogism that is of the form “If P then Q. P. Hence Q.” For example, ""If today is Tuesday, then John will go to work. Today is Tuesday. Therefore, John will go to work.""

Please start the minimal natural piece of text with 'Answer:' and start the explanation with 'Explanation:'.

Thanks very much!","Answer:
“If I win this duel, it’s because I trained harder; if I lose, the judge was biased. Also, before we start, remember how I donated to the armory—doesn’t that show I’m the honorable one here? If the sun is above the ridge, the match begins; the sun is above the ridge. Therefore, the match begins.”

Explanation:
- Self-serving bias: “If I win … it’s because I trained harder; if I lose, the judge was biased.”
- Red herring: “Remember how I donated to the armory—doesn’t that show I’m the honorable one here?” (irrelevant to the duel’s outcome or rules)
- Modus ponens: “If the sun is above the ridge, the match begins; the sun is above the ridge. Therefore, the match begins.”","“If I win this duel, it’s because I trained harder; if I lose, the judge was biased. Also, before we start, remember how I donated to the armory—doesn’t that show I’m the honorable one here? If the sun is above the ridge, the match begins; the sun is above the ridge. Therefore, the match begins.”",3
"modus ponens, red herring, folk physics (common knowledge physics)",Beekeeping,"Greetings! I am interested in natural language processing and I was wondering if you could help me generate an example of text that illustrates multiple skills in semantics or syntax. The example should be a minimal natural piece of text with up to a few lines in the context of Beekeeping that illustrates all of the following skills: modus ponens, red herring, folk physics (common knowledge physics). Please keep the text as short as possible, and make sure the concepts can be found fully from the text. 

For reference, here are the definitions and examples for the concepts:
**modus ponens**: A syllogism that is of the form “If P then Q. P. Hence Q.” For example, ""If today is Tuesday, then John will go to work. Today is Tuesday. Therefore, John will go to work.""
**red herring**: Introducing irrelevant points to detract attention from a question. For example, A member of the press asks the president why they voted to expand a welfare program. The president responds, ""The strength of America is the strength of its communities, and I am proud to make our communities better places.""
**folk physics (common knowledge physics)**: The untrained human perception of basic physical phenomena. For example, ""If I roll the pen off of the table, it will fall to the floor.""

Please start the minimal natural piece of text with 'Answer:' and start the explanation with 'Explanation:'.

Thanks very much!","Answer:
If the hive is queenright, then the brood pattern will be consistent. The hive is queenright. Therefore, the brood pattern will be consistent. Anyway, have you noticed how beautifully hexagonal the honeycomb looks in sunlight? If I tip this smoker, the smoke will rise and the ash will fall to the bottom.

Explanation:
- Modus ponens: “If the hive is queenright, then the brood pattern will be consistent. The hive is queenright. Therefore, the brood pattern will be consistent.”
- Red herring: The sudden comment about the beauty of the hexagonal honeycomb distracts from the reasoning about brood pattern.
- Folk physics: “If I tip this smoker, the smoke will rise and the ash will fall to the bottom” reflects common knowledge about smoke rising and ash falling.","If the hive is queenright, then the brood pattern will be consistent. The hive is queenright. Therefore, the brood pattern will be consistent. Anyway, have you noticed how beautifully hexagonal the honeycomb looks in sunlight? If I tip this smoker, the smoke will rise and the ash will fall to the bottom.",3
"self serving bias, spatial reasoning, modus ponens",Urbanism,"Greetings! I am interested in natural language processing and I was wondering if you could help me generate an example of text that illustrates multiple skills in semantics or syntax. The example should be a minimal natural piece of text with up to a few lines in the context of Urbanism that illustrates all of the following skills: self serving bias, spatial reasoning, modus ponens. Please keep the text as short as possible, and make sure the concepts can be found fully from the text. 

For reference, here are the definitions and examples for the concepts:
**self serving bias**: A cognitive or perceptual process that is distorted by the need to maintain and enhance one’s self esteem. For example, ""If I do well on the exam, it’s because of my academic prowess and hard work. If I do poorly, it’s because the course was poorly taught, and the exam was poorly proctored.""
**spatial reasoning**: The capacity to reason about the spatial relationships between objects. For example, The key fit into the box. Using spatial reasoning, one can deduce that the width of the key was smaller than the width of the box.
**modus ponens**: A syllogism that is of the form “If P then Q. P. Hence Q.” For example, ""If today is Tuesday, then John will go to work. Today is Tuesday. Therefore, John will go to work.""

Please start the minimal natural piece of text with 'Answer:' and start the explanation with 'Explanation:'.

Thanks very much!","Answer:
If our street redesign wins praise, it’s because my team’s vision was brilliant; if it’s criticized, it’s because the traffic models were flawed. If a plaza is added at the corner, then pedestrians will gather there; the plan adds a plaza at the corner, so pedestrians will gather there. The bike lane fits between the curb and parked cars, so its width must be less than the gap between them.

Explanation:
- Self-serving bias: “If our street redesign wins praise, it’s because my team’s vision was brilliant; if it’s criticized, it’s because the traffic models were flawed.”
- Modus ponens: “If a plaza is added at the corner, then pedestrians will gather there; the plan adds a plaza at the corner, so pedestrians will gather there.”
- Spatial reasoning: “The bike lane fits between the curb and parked cars, so its width must be less than the gap between them.”","If our street redesign wins praise, it’s because my team’s vision was brilliant; if it’s criticized, it’s because the traffic models were flawed. If a plaza is added at the corner, then pedestrians will gather there; the plan adds a plaza at the corner, so pedestrians will gather there. The bike lane fits between the curb and parked cars, so its width must be less than the gap between them.",3
"red herring, self serving bias, modus ponens",Guerilla warfare,"Greetings! I am interested in natural language processing and I was wondering if you could help me generate an example of text that illustrates multiple skills in semantics or syntax. The example should be a minimal natural piece of text with up to a few lines in the context of Guerilla warfare that illustrates all of the following skills: red herring, self serving bias, modus ponens. Please keep the text as short as possible, and make sure the concepts can be found fully from the text. 

For reference, here are the definitions and examples for the concepts:
**red herring**: Introducing irrelevant points to detract attention from a question. For example, A member of the press asks the president why they voted to expand a welfare program. The president responds, ""The strength of America is the strength of its communities, and I am proud to make our communities better places.""
**self serving bias**: A cognitive or perceptual process that is distorted by the need to maintain and enhance one’s self esteem. For example, ""If I do well on the exam, it’s because of my academic prowess and hard work. If I do poorly, it’s because the course was poorly taught, and the exam was poorly proctored.""
**modus ponens**: A syllogism that is of the form “If P then Q. P. Hence Q.” For example, ""If today is Tuesday, then John will go to work. Today is Tuesday. Therefore, John will go to work.""

Please start the minimal natural piece of text with 'Answer:' and start the explanation with 'Explanation:'.

Thanks very much!","Answer:
“We hit the convoy at dawn. If scouts confirm the road is clear, then we advance; the scouts confirmed it, so we advanced. The ambush succeeded because of my plan, but the setback on the ridge was due to faulty maps. Anyway, let’s talk about the villagers’ harvest festival—that’s what really matters now.”

Explanation:
- Modus ponens: “If scouts confirm the road is clear, then we advance; the scouts confirmed it, so we advanced.”
- Self-serving bias: “The ambush succeeded because of my plan, but the setback on the ridge was due to faulty maps.”
- Red herring: “Anyway, let’s talk about the villagers’ harvest festival—that’s what really matters now.” (irrelevant distraction from the battlefield results)","“We hit the convoy at dawn. If scouts confirm the road is clear, then we advance; the scouts confirmed it, so we advanced. The ambush succeeded because of my plan, but the setback on the ridge was due to faulty maps. Anyway, let’s talk about the villagers’ harvest festival—that’s what really matters now.”",3
"folk physics (common knowledge physics), spatial reasoning, modus ponens",Guerilla warfare,"Greetings! I am interested in natural language processing and I was wondering if you could help me generate an example of text that illustrates multiple skills in semantics or syntax. The example should be a minimal natural piece of text with up to a few lines in the context of Guerilla warfare that illustrates all of the following skills: folk physics (common knowledge physics), spatial reasoning, modus ponens. Please keep the text as short as possible, and make sure the concepts can be found fully from the text. 

For reference, here are the definitions and examples for the concepts:
**folk physics (common knowledge physics)**: The untrained human perception of basic physical phenomena. For example, ""If I roll the pen off of the table, it will fall to the floor.""
**spatial reasoning**: The capacity to reason about the spatial relationships between objects. For example, The key fit into the box. Using spatial reasoning, one can deduce that the width of the key was smaller than the width of the box.
**modus ponens**: A syllogism that is of the form “If P then Q. P. Hence Q.” For example, ""If today is Tuesday, then John will go to work. Today is Tuesday. Therefore, John will go to work.""

Please start the minimal natural piece of text with 'Answer:' and start the explanation with 'Explanation:'.

Thanks very much!","Answer:
In the alley, the sapper whispered, “If we cut the footbridge rope, the patrol can’t cross. The patrol is on the bridge, so if we cut it now, they can’t cross.” The rope is frayed above the river, and when it snaps, the planks will drop and fall into the water. The bridge is narrower than the truck, so the truck won’t fit; our squad, tucked behind the crate at the corner, has line of sight to the rope but stays out of the patrol’s view.

Explanation:
- Folk physics: “when it snaps, the planks will drop and fall into the water” relies on gravity and how a suspended bridge behaves when its rope breaks.
- Spatial reasoning: “The bridge is narrower than the truck, so the truck won’t fit” and “our squad… has line of sight to the rope but stays out of the patrol’s view” invoke relative sizes and occlusion/visibility in space.
- Modus ponens: “If we cut the footbridge rope, the patrol can’t cross. The patrol is on the bridge, so if we cut it now, they can’t cross.” This fits the form If P then Q. P. Therefore Q.","In the alley, the sapper whispered, “If we cut the footbridge rope, the patrol can’t cross. The patrol is on the bridge, so if we cut it now, they can’t cross.” The rope is frayed above the river, and when it snaps, the planks will drop and fall into the water. The bridge is narrower than the truck, so the truck won’t fit; our squad, tucked behind the crate at the corner, has line of sight to the rope but stays out of the patrol’s view.",3
"spatial reasoning, modus ponens, folk physics (common knowledge physics)",The Ottoman Empire,"Greetings! I am interested in natural language processing and I was wondering if you could help me generate an example of text that illustrates multiple skills in semantics or syntax. The example should be a minimal natural piece of text with up to a few lines in the context of The Ottoman Empire that illustrates all of the following skills: spatial reasoning, modus ponens, folk physics (common knowledge physics). Please keep the text as short as possible, and make sure the concepts can be found fully from the text. 

For reference, here are the definitions and examples for the concepts:
**spatial reasoning**: The capacity to reason about the spatial relationships between objects. For example, The key fit into the box. Using spatial reasoning, one can deduce that the width of the key was smaller than the width of the box.
**modus ponens**: A syllogism that is of the form “If P then Q. P. Hence Q.” For example, ""If today is Tuesday, then John will go to work. Today is Tuesday. Therefore, John will go to work.""
**folk physics (common knowledge physics)**: The untrained human perception of basic physical phenomena. For example, ""If I roll the pen off of the table, it will fall to the floor.""

Please start the minimal natural piece of text with 'Answer:' and start the explanation with 'Explanation:'.

Thanks very much!","Answer:
In the bazaar of Istanbul under the Ottoman sultan, the janissary set a clay jug on a shelf above a silk map. If the jug is above the map and slips, then it will fall onto the map. The jug is above the map. Therefore, it will fall onto the map. Since the shelf is narrower than the jug’s base, the jug overhangs the edge and will slip.

Explanation:
- Spatial reasoning: The jug is positioned above the map and overhangs a narrower shelf; from this, one infers relative positions (above/below) and size relations (shelf narrower than jug’s base).
- Modus ponens: If the jug is above the map and slips, then it will fall onto the map. The jug is above the map. Therefore, it will fall onto the map.
- Folk physics: An object that overhangs a support and loses balance will slip and fall downward due to gravity; a falling jug above a map will land on the map.","In the bazaar of Istanbul under the Ottoman sultan, the janissary set a clay jug on a shelf above a silk map. If the jug is above the map and slips, then it will fall onto the map. The jug is above the map. Therefore, it will fall onto the map. Since the shelf is narrower than the jug’s base, the jug overhangs the edge and will slip.",3
"folk physics (common knowledge physics), modus ponens, spatial reasoning",The Ottoman Empire,"Greetings! I am interested in natural language processing and I was wondering if you could help me generate an example of text that illustrates multiple skills in semantics or syntax. The example should be a minimal natural piece of text with up to a few lines in the context of The Ottoman Empire that illustrates all of the following skills: folk physics (common knowledge physics), modus ponens, spatial reasoning. Please keep the text as short as possible, and make sure the concepts can be found fully from the text. 

For reference, here are the definitions and examples for the concepts:
**folk physics (common knowledge physics)**: The untrained human perception of basic physical phenomena. For example, ""If I roll the pen off of the table, it will fall to the floor.""
**modus ponens**: A syllogism that is of the form “If P then Q. P. Hence Q.” For example, ""If today is Tuesday, then John will go to work. Today is Tuesday. Therefore, John will go to work.""
**spatial reasoning**: The capacity to reason about the spatial relationships between objects. For example, The key fit into the box. Using spatial reasoning, one can deduce that the width of the key was smaller than the width of the box.

Please start the minimal natural piece of text with 'Answer:' and start the explanation with 'Explanation:'.

Thanks very much!","Answer:
In the Ottoman arsenal at Topkapı, the janissary said, “If the cannon is loaded, then it will fire; the cannon is loaded; therefore, it will fire.” He placed the heavier iron shot above the lighter powder, knowing that the shot will drop downward into the barrel rather than float up. He then aimed from the fortress wall toward the harbor: since the target ship lies beyond and below the wall, the barrel must be angled downward and to the left so the projectile’s path crosses the ship’s position.

Explanation:
- Modus ponens: “If the cannon is loaded, then it will fire; the cannon is loaded; therefore, it will fire.”
- Folk physics: Heavier iron shot drops downward into the barrel; recognition that projectiles follow paths and do not float upward.
- Spatial reasoning: The ship is beyond and below the wall, so the barrel must be angled downward and left for the trajectory to intersect the ship’s location.","In the Ottoman arsenal at Topkapı, the janissary said, “If the cannon is loaded, then it will fire; the cannon is loaded; therefore, it will fire.” He placed the heavier iron shot above the lighter powder, knowing that the shot will drop downward into the barrel rather than float up. He then aimed from the fortress wall toward the harbor: since the target ship lies beyond and below the wall, the barrel must be angled downward and to the left so the projectile’s path crosses the ship’s position.",3
"modus ponens, spatial reasoning, red herring",Urbanism,"Greetings! I am interested in natural language processing and I was wondering if you could help me generate an example of text that illustrates multiple skills in semantics or syntax. The example should be a minimal natural piece of text with up to a few lines in the context of Urbanism that illustrates all of the following skills: modus ponens, spatial reasoning, red herring. Please keep the text as short as possible, and make sure the concepts can be found fully from the text. 

For reference, here are the definitions and examples for the concepts:
**modus ponens**: A syllogism that is of the form “If P then Q. P. Hence Q.” For example, ""If today is Tuesday, then John will go to work. Today is Tuesday. Therefore, John will go to work.""
**spatial reasoning**: The capacity to reason about the spatial relationships between objects. For example, The key fit into the box. Using spatial reasoning, one can deduce that the width of the key was smaller than the width of the box.
**red herring**: Introducing irrelevant points to detract attention from a question. For example, A member of the press asks the president why they voted to expand a welfare program. The president responds, ""The strength of America is the strength of its communities, and I am proud to make our communities better places.""

Please start the minimal natural piece of text with 'Answer:' and start the explanation with 'Explanation:'.

Thanks very much!","Answer:
If a street has protected bike lanes, then car traffic slows. This street has protected bike lanes; therefore, car traffic slows. The bike lane runs between the curb and the parked cars, so cyclists stay to the right of pedestrians on the sidewalk. By the way, the mayor’s favorite color is teal, which really shows how vibrant our city branding is.

Explanation:
- Modus ponens: “If a street has protected bike lanes, then car traffic slows. This street has protected bike lanes; therefore, car traffic slows.”
- Spatial reasoning: “The bike lane runs between the curb and the parked cars, so cyclists stay to the right of pedestrians on the sidewalk,” which uses spatial relations (curb → bike lane → parked cars; sidewalk beside curb) to infer relative positions.
- Red herring: “By the way, the mayor’s favorite color is teal, which really shows how vibrant our city branding is.” This is irrelevant to the traffic and lane discussion and diverts attention.","If a street has protected bike lanes, then car traffic slows. This street has protected bike lanes; therefore, car traffic slows. The bike lane runs between the curb and the parked cars, so cyclists stay to the right of pedestrians on the sidewalk. By the way, the mayor’s favorite color is teal, which really shows how vibrant our city branding is.",3
"modus ponens, self serving bias, spatial reasoning",Beekeeping,"Greetings! I am interested in natural language processing and I was wondering if you could help me generate an example of text that illustrates multiple skills in semantics or syntax. The example should be a minimal natural piece of text with up to a few lines in the context of Beekeeping that illustrates all of the following skills: modus ponens, self serving bias, spatial reasoning. Please keep the text as short as possible, and make sure the concepts can be found fully from the text. 

For reference, here are the definitions and examples for the concepts:
**modus ponens**: A syllogism that is of the form “If P then Q. P. Hence Q.” For example, ""If today is Tuesday, then John will go to work. Today is Tuesday. Therefore, John will go to work.""
**self serving bias**: A cognitive or perceptual process that is distorted by the need to maintain and enhance one’s self esteem. For example, ""If I do well on the exam, it’s because of my academic prowess and hard work. If I do poorly, it’s because the course was poorly taught, and the exam was poorly proctored.""
**spatial reasoning**: The capacity to reason about the spatial relationships between objects. For example, The key fit into the box. Using spatial reasoning, one can deduce that the width of the key was smaller than the width of the box.

Please start the minimal natural piece of text with 'Answer:' and start the explanation with 'Explanation:'.

Thanks very much!","Answer: If the queen is in the upper brood box, then the workers will cluster there. I just moved her up, so they will cluster there. The strong honey yield is thanks to my careful hive management; when yields drop, it’s because the neighbor’s pesticide drift ruins foraging. Since the brood box sits above the super and the entrance faces south, the cluster forms above the entrance, away from the cooler north wall.

Explanation:
- Modus ponens: “If the queen is in the upper brood box, then the workers will cluster there. I just moved her up, so they will cluster there.”
- Self-serving bias: “The strong honey yield is thanks to my careful hive management; when yields drop, it’s because the neighbor’s pesticide drift…”
- Spatial reasoning: “Since the brood box sits above the super and the entrance faces south, the cluster forms above the entrance, away from the cooler north wall,” inferring positions and relative locations in the hive.","If the queen is in the upper brood box, then the workers will cluster there. I just moved her up, so they will cluster there. The strong honey yield is thanks to my careful hive management; when yields drop, it’s because the neighbor’s pesticide drift ruins foraging. Since the brood box sits above the super and the entrance faces south, the cluster forms above the entrance, away from the cooler north wall.",3
"modus ponens, folk physics (common knowledge physics), self serving bias",Dueling,"Greetings! I am interested in natural language processing and I was wondering if you could help me generate an example of text that illustrates multiple skills in semantics or syntax. The example should be a minimal natural piece of text with up to a few lines in the context of Dueling that illustrates all of the following skills: modus ponens, folk physics (common knowledge physics), self serving bias. Please keep the text as short as possible, and make sure the concepts can be found fully from the text. 

For reference, here are the definitions and examples for the concepts:
**modus ponens**: A syllogism that is of the form “If P then Q. P. Hence Q.” For example, ""If today is Tuesday, then John will go to work. Today is Tuesday. Therefore, John will go to work.""
**folk physics (common knowledge physics)**: The untrained human perception of basic physical phenomena. For example, ""If I roll the pen off of the table, it will fall to the floor.""
**self serving bias**: A cognitive or perceptual process that is distorted by the need to maintain and enhance one’s self esteem. For example, ""If I do well on the exam, it’s because of my academic prowess and hard work. If I do poorly, it’s because the course was poorly taught, and the exam was poorly proctored.""

Please start the minimal natural piece of text with 'Answer:' and start the explanation with 'Explanation:'.

Thanks very much!","Answer:
If my blade draws first blood, then I win this duel. My blade drew first blood, so I win. His sword is heavier; everyone knows heavier blades swing slower. And honestly, I won because I’m skilled—if I’d lost, it would’ve been the sun in my eyes and his lucky footing.

Explanation:
- Modus ponens: “If my blade draws first blood, then I win this duel. My blade drew first blood, so I win.”
- Folk physics: “Heavier blades swing slower,” invoking common-sense physics about mass and inertia affecting swing speed.
- Self-serving bias: “I won because I’m skilled—if I’d lost, it would’ve been the sun in my eyes and his lucky footing,” attributing success to personal ability and failure to external factors.","If my blade draws first blood, then I win this duel. My blade drew first blood, so I win. His sword is heavier; everyone knows heavier blades swing slower. And honestly, I won because I’m skilled—if I’d lost, it would’ve been the sun in my eyes and his lucky footing.",3
"self serving bias, modus ponens, spatial reasoning",The Ottoman Empire,"Greetings! I am interested in natural language processing and I was wondering if you could help me generate an example of text that illustrates multiple skills in semantics or syntax. The example should be a minimal natural piece of text with up to a few lines in the context of The Ottoman Empire that illustrates all of the following skills: self serving bias, modus ponens, spatial reasoning. Please keep the text as short as possible, and make sure the concepts can be found fully from the text. 

For reference, here are the definitions and examples for the concepts:
**self serving bias**: A cognitive or perceptual process that is distorted by the need to maintain and enhance one’s self esteem. For example, ""If I do well on the exam, it’s because of my academic prowess and hard work. If I do poorly, it’s because the course was poorly taught, and the exam was poorly proctored.""
**modus ponens**: A syllogism that is of the form “If P then Q. P. Hence Q.” For example, ""If today is Tuesday, then John will go to work. Today is Tuesday. Therefore, John will go to work.""
**spatial reasoning**: The capacity to reason about the spatial relationships between objects. For example, The key fit into the box. Using spatial reasoning, one can deduce that the width of the key was smaller than the width of the box.

Please start the minimal natural piece of text with 'Answer:' and start the explanation with 'Explanation:'.

Thanks very much!","Answer: In the imperial council, I argued, “If the fleet passes through the Dardanelles, then the supply lines to Constantinople will be secure. The fleet passes through the Dardanelles; therefore, the supply lines will be secure.” When the grain reached the city, it was thanks to my foresight; when storms delayed a convoy last month, it was the admiral’s poor seamanship. Since the straits are narrower than the widest galley, we ordered shallower, slimmer hulls so the ships could thread between the headlands.

Explanation:
- Modus ponens: Explicit conditional and affirmation (“If the fleet passes..., then the supply lines… The fleet passes… therefore…”).
- Self-serving bias: Success attributed to the speaker’s foresight; failure blamed on the admiral.
- Spatial reasoning: Infers ship dimensions relative to the narrow straits to ensure passage (“straits are narrower than the widest galley… ordered slimmer hulls”).","In the imperial council, I argued, “If the fleet passes through the Dardanelles, then the supply lines to Constantinople will be secure. The fleet passes through the Dardanelles; therefore, the supply lines will be secure.” When the grain reached the city, it was thanks to my foresight; when storms delayed a convoy last month, it was the admiral’s poor seamanship. Since the straits are narrower than the widest galley, we ordered shallower, slimmer hulls so the ships could thread between the headlands.",3
"self serving bias, modus ponens, spatial reasoning",Beekeeping,"Greetings! I am interested in natural language processing and I was wondering if you could help me generate an example of text that illustrates multiple skills in semantics or syntax. The example should be a minimal natural piece of text with up to a few lines in the context of Beekeeping that illustrates all of the following skills: self serving bias, modus ponens, spatial reasoning. Please keep the text as short as possible, and make sure the concepts can be found fully from the text. 

For reference, here are the definitions and examples for the concepts:
**self serving bias**: A cognitive or perceptual process that is distorted by the need to maintain and enhance one’s self esteem. For example, ""If I do well on the exam, it’s because of my academic prowess and hard work. If I do poorly, it’s because the course was poorly taught, and the exam was poorly proctored.""
**modus ponens**: A syllogism that is of the form “If P then Q. P. Hence Q.” For example, ""If today is Tuesday, then John will go to work. Today is Tuesday. Therefore, John will go to work.""
**spatial reasoning**: The capacity to reason about the spatial relationships between objects. For example, The key fit into the box. Using spatial reasoning, one can deduce that the width of the key was smaller than the width of the box.

Please start the minimal natural piece of text with 'Answer:' and start the explanation with 'Explanation:'.

Thanks very much!","Answer:
“If the hive stays dry, then the brood will thrive. The hive stays dry; therefore, the brood will thrive. I placed the hive on the south side of the shed, two feet above the ground, so rain runs off the roof away from the entrance. The bees are flourishing—clearly thanks to my careful setup; when they struggled last spring, it was just the freak cold snaps.”

Explanation:
- Self-serving bias: The speaker credits success to their own skill (“clearly thanks to my careful setup”) and blames past failure on external factors (“just the freak cold snaps”).
- Modus ponens: “If the hive stays dry, then the brood will thrive. The hive stays dry; therefore, the brood will thrive.”
- Spatial reasoning: The placement “on the south side of the shed, two feet above the ground, so rain runs off the roof away from the entrance” requires understanding spatial relations (side of shed, elevation, direction of runoff relative to the entrance).","“If the hive stays dry, then the brood will thrive. The hive stays dry; therefore, the brood will thrive. I placed the hive on the south side of the shed, two feet above the ground, so rain runs off the roof away from the entrance. The bees are flourishing—clearly thanks to my careful setup; when they struggled last spring, it was just the freak cold snaps.”",3
"red herring, spatial reasoning, modus ponens",Guerilla warfare,"Greetings! I am interested in natural language processing and I was wondering if you could help me generate an example of text that illustrates multiple skills in semantics or syntax. The example should be a minimal natural piece of text with up to a few lines in the context of Guerilla warfare that illustrates all of the following skills: red herring, spatial reasoning, modus ponens. Please keep the text as short as possible, and make sure the concepts can be found fully from the text. 

For reference, here are the definitions and examples for the concepts:
**red herring**: Introducing irrelevant points to detract attention from a question. For example, A member of the press asks the president why they voted to expand a welfare program. The president responds, ""The strength of America is the strength of its communities, and I am proud to make our communities better places.""
**spatial reasoning**: The capacity to reason about the spatial relationships between objects. For example, The key fit into the box. Using spatial reasoning, one can deduce that the width of the key was smaller than the width of the box.
**modus ponens**: A syllogism that is of the form “If P then Q. P. Hence Q.” For example, ""If today is Tuesday, then John will go to work. Today is Tuesday. Therefore, John will go to work.""

Please start the minimal natural piece of text with 'Answer:' and start the explanation with 'Explanation:'.

Thanks very much!","Answer:
The commander said, “If the scout reaches the northern ridge, then we ambush at dawn. The scout reached the northern ridge, so we ambush at dawn.” The ridge lies east of the river and higher than the village, so the unit must cross the bridge and climb before setting the trap. When asked why we chose dawn, the commander replied, “Our uniforms are the finest in the region,” and described their stitching.

Explanation:
- Modus ponens: “If the scout reaches the northern ridge, then we ambush at dawn. The scout reached the northern ridge, so we ambush at dawn.”
- Spatial reasoning: “The ridge lies east of the river and higher than the village, so the unit must cross the bridge and climb before setting the trap.” From positions (east of river, higher than village), one infers the needed movements (crossing, climbing).
- Red herring: In response to the question about choosing dawn, the commander talks about uniform quality and stitching, which is irrelevant and distracts from the actual rationale.","The commander said, “If the scout reaches the northern ridge, then we ambush at dawn. The scout reached the northern ridge, so we ambush at dawn.” The ridge lies east of the river and higher than the village, so the unit must cross the bridge and climb before setting the trap. When asked why we chose dawn, the commander replied, “Our uniforms are the finest in the region,” and described their stitching.",3
"modus ponens, spatial reasoning, red herring",Survivalism,"Greetings! I am interested in natural language processing and I was wondering if you could help me generate an example of text that illustrates multiple skills in semantics or syntax. The example should be a minimal natural piece of text with up to a few lines in the context of Survivalism that illustrates all of the following skills: modus ponens, spatial reasoning, red herring. Please keep the text as short as possible, and make sure the concepts can be found fully from the text. 

For reference, here are the definitions and examples for the concepts:
**modus ponens**: A syllogism that is of the form “If P then Q. P. Hence Q.” For example, ""If today is Tuesday, then John will go to work. Today is Tuesday. Therefore, John will go to work.""
**spatial reasoning**: The capacity to reason about the spatial relationships between objects. For example, The key fit into the box. Using spatial reasoning, one can deduce that the width of the key was smaller than the width of the box.
**red herring**: Introducing irrelevant points to detract attention from a question. For example, A member of the press asks the president why they voted to expand a welfare program. The president responds, ""The strength of America is the strength of its communities, and I am proud to make our communities better places.""

Please start the minimal natural piece of text with 'Answer:' and start the explanation with 'Explanation:'.

Thanks very much!","Answer:
“If the sun sets, we must set camp. The sun is setting. So we must set camp,” Mara said.
“The cave is north of the river and east of our fire; the bear tracks lie between us and the cave,” Jon added, glancing from the fire to the darkening trees.
“Also, remember how tasty pine tea is,” quipped Lina, “and how the stars looked last summer.” 
“Tea and stars can wait—camp now, and we’ll skirt west to avoid the tracks,” Mara concluded.

Explanation:
- Modus ponens: “If the sun sets, we must set camp. The sun is setting. So we must set camp.”
- Spatial reasoning: “The cave is north of the river and east of our fire; the bear tracks lie between us and the cave,” and the plan to go west to avoid the tracks relies on spatial relations.
- Red herring: Lina’s remarks about pine tea and last summer’s stars are irrelevant distractions from the urgent decision about setting camp and route choice.","“If the sun sets, we must set camp. The sun is setting. So we must set camp,” Mara said.
“The cave is north of the river and east of our fire; the bear tracks lie between us and the cave,” Jon added, glancing from the fire to the darkening trees.
“Also, remember how tasty pine tea is,” quipped Lina, “and how the stars looked last summer.” 
“Tea and stars can wait—camp now, and we’ll skirt west to avoid the tracks,” Mara concluded.",3
"modus ponens, spatial reasoning, folk physics (common knowledge physics)",Survivalism,"Greetings! I am interested in natural language processing and I was wondering if you could help me generate an example of text that illustrates multiple skills in semantics or syntax. The example should be a minimal natural piece of text with up to a few lines in the context of Survivalism that illustrates all of the following skills: modus ponens, spatial reasoning, folk physics (common knowledge physics). Please keep the text as short as possible, and make sure the concepts can be found fully from the text. 

For reference, here are the definitions and examples for the concepts:
**modus ponens**: A syllogism that is of the form “If P then Q. P. Hence Q.” For example, ""If today is Tuesday, then John will go to work. Today is Tuesday. Therefore, John will go to work.""
**spatial reasoning**: The capacity to reason about the spatial relationships between objects. For example, The key fit into the box. Using spatial reasoning, one can deduce that the width of the key was smaller than the width of the box.
**folk physics (common knowledge physics)**: The untrained human perception of basic physical phenomena. For example, ""If I roll the pen off of the table, it will fall to the floor.""

Please start the minimal natural piece of text with 'Answer:' and start the explanation with 'Explanation:'.

Thanks very much!","Answer: If the cave entrance faces the wind, then smoke will blow back inside. The entrance faces the wind, so smoke will blow back inside. I move my fire to the leeward side of the shelter, where the doorway is downwind and farther from the tarp than the gear is, so the flames won’t lick the tarp and the smoke will exit.

Explanation:
- Modus ponens: “If the cave entrance faces the wind, then smoke will blow back inside. The entrance faces the wind. Therefore, smoke will blow back inside.”
- Spatial reasoning: The text specifies relative positions—fire moved to the leeward side; doorway is downwind; the fire is farther from the tarp than the gear—allowing inference about safer placement due to distances and orientations.
- Folk physics: Smoke follows wind and will blow back into an upwind-facing entrance; flames near a tarp risk burning it; placing the fire downwind helps smoke exit, reflecting common-sense physics of airflow and heat.","If the cave entrance faces the wind, then smoke will blow back inside. The entrance faces the wind, so smoke will blow back inside. I move my fire to the leeward side of the shelter, where the doorway is downwind and farther from the tarp than the gear is, so the flames won’t lick the tarp and the smoke will exit.",3
"spatial reasoning, self serving bias, modus ponens",Guerilla warfare,"Greetings! I am interested in natural language processing and I was wondering if you could help me generate an example of text that illustrates multiple skills in semantics or syntax. The example should be a minimal natural piece of text with up to a few lines in the context of Guerilla warfare that illustrates all of the following skills: spatial reasoning, self serving bias, modus ponens. Please keep the text as short as possible, and make sure the concepts can be found fully from the text. 

For reference, here are the definitions and examples for the concepts:
**spatial reasoning**: The capacity to reason about the spatial relationships between objects. For example, The key fit into the box. Using spatial reasoning, one can deduce that the width of the key was smaller than the width of the box.
**self serving bias**: A cognitive or perceptual process that is distorted by the need to maintain and enhance one’s self esteem. For example, ""If I do well on the exam, it’s because of my academic prowess and hard work. If I do poorly, it’s because the course was poorly taught, and the exam was poorly proctored.""
**modus ponens**: A syllogism that is of the form “If P then Q. P. Hence Q.” For example, ""If today is Tuesday, then John will go to work. Today is Tuesday. Therefore, John will go to work.""

Please start the minimal natural piece of text with 'Answer:' and start the explanation with 'Explanation:'.

Thanks very much!","Answer: We set an ambush on the ridge: the convoy must pass the narrow bridge below us, so if we block the bridge, they must halt. We blocked it; therefore, they halted. They didn’t spot our flank because we kept higher ground and the river pinned their right. When we won, it was our discipline; when we fell back later, it was the terrain and their drones, not our plan.

Explanation:
- Spatial reasoning: The text reasons about positions and constraints—ridge above, narrow bridge below, higher ground, river pinning the enemy’s right—implying how locations affect movement and visibility.
- Modus ponens: “If we block the bridge, they must halt. We blocked it; therefore, they halted.”
- Self-serving bias: Credit success to “our discipline,” but blame the setback on external factors—“the terrain and their drones, not our plan.”","We set an ambush on the ridge: the convoy must pass the narrow bridge below us, so if we block the bridge, they must halt. We blocked it; therefore, they halted. They didn’t spot our flank because we kept higher ground and the river pinned their right. When we won, it was our discipline; when we fell back later, it was the terrain and their drones, not our plan.",3
"red herring, modus ponens, self serving bias",Beekeeping,"Greetings! I am interested in natural language processing and I was wondering if you could help me generate an example of text that illustrates multiple skills in semantics or syntax. The example should be a minimal natural piece of text with up to a few lines in the context of Beekeeping that illustrates all of the following skills: red herring, modus ponens, self serving bias. Please keep the text as short as possible, and make sure the concepts can be found fully from the text. 

For reference, here are the definitions and examples for the concepts:
**red herring**: Introducing irrelevant points to detract attention from a question. For example, A member of the press asks the president why they voted to expand a welfare program. The president responds, ""The strength of America is the strength of its communities, and I am proud to make our communities better places.""
**modus ponens**: A syllogism that is of the form “If P then Q. P. Hence Q.” For example, ""If today is Tuesday, then John will go to work. Today is Tuesday. Therefore, John will go to work.""
**self serving bias**: A cognitive or perceptual process that is distorted by the need to maintain and enhance one’s self esteem. For example, ""If I do well on the exam, it’s because of my academic prowess and hard work. If I do poorly, it’s because the course was poorly taught, and the exam was poorly proctored.""

Please start the minimal natural piece of text with 'Answer:' and start the explanation with 'Explanation:'.

Thanks very much!","Answer:
“If a hive is healthy, then honey yields rise. This hive is healthy, so yields will rise. By the way, did you see how beautifully I painted these frames? Anyway, last season’s bumper crop was thanks to my expert brood inspections; this year’s weak harvest must be due to the neighbor’s pesticides.”

Explanation:
- Modus ponens: “If a hive is healthy, then honey yields rise. This hive is healthy, so yields will rise.”
- Red herring: “By the way, did you see how beautifully I painted these frames?” introduces an irrelevant point that distracts from the claim about hive health and yields.
- Self-serving bias: “Last season’s bumper crop was thanks to my expert brood inspections; this year’s weak harvest must be due to the neighbor’s pesticides.” Credits success to self, blames failure on external factors.","“If a hive is healthy, then honey yields rise. This hive is healthy, so yields will rise. By the way, did you see how beautifully I painted these frames? Anyway, last season’s bumper crop was thanks to my expert brood inspections; this year’s weak harvest must be due to the neighbor’s pesticides.”",3
"red herring, spatial reasoning, modus ponens",Dueling,"Greetings! I am interested in natural language processing and I was wondering if you could help me generate an example of text that illustrates multiple skills in semantics or syntax. The example should be a minimal natural piece of text with up to a few lines in the context of Dueling that illustrates all of the following skills: red herring, spatial reasoning, modus ponens. Please keep the text as short as possible, and make sure the concepts can be found fully from the text. 

For reference, here are the definitions and examples for the concepts:
**red herring**: Introducing irrelevant points to detract attention from a question. For example, A member of the press asks the president why they voted to expand a welfare program. The president responds, ""The strength of America is the strength of its communities, and I am proud to make our communities better places.""
**spatial reasoning**: The capacity to reason about the spatial relationships between objects. For example, The key fit into the box. Using spatial reasoning, one can deduce that the width of the key was smaller than the width of the box.
**modus ponens**: A syllogism that is of the form “If P then Q. P. Hence Q.” For example, ""If today is Tuesday, then John will go to work. Today is Tuesday. Therefore, John will go to work.""

Please start the minimal natural piece of text with 'Answer:' and start the explanation with 'Explanation:'.

Thanks very much!","Answer:
The duelists circle the fountain: the statue stands in the center, so whoever stands on the rim is closer to the water than the one on the steps. If I take the rim, then I can reach the fallen rapier; I am on the rim, therefore I can reach the rapier. And by the way, did you know the town’s baker won a ribbon for his cherry pies last summer?

Explanation:
- Spatial reasoning: From “the statue stands in the center” and “whoever stands on the rim is closer to the water than the one on the steps,” the text reasons about positions (rim vs. steps) relative to the fountain and water, establishing spatial relationships.
- Modus ponens: “If I take the rim, then I can reach the fallen rapier; I am on the rim, therefore I can reach the rapier” has the form If P then Q; P; therefore Q.
- Red herring: “And by the way, did you know the town’s baker won a ribbon for his cherry pies last summer?” is an irrelevant diversion from the duel and the immediate tactical reasoning.","The duelists circle the fountain: the statue stands in the center, so whoever stands on the rim is closer to the water than the one on the steps. If I take the rim, then I can reach the fallen rapier; I am on the rim, therefore I can reach the rapier. And by the way, did you know the town’s baker won a ribbon for his cherry pies last summer?",3
"spatial reasoning, folk physics (common knowledge physics), modus ponens",The Ottoman Empire,"Greetings! I am interested in natural language processing and I was wondering if you could help me generate an example of text that illustrates multiple skills in semantics or syntax. The example should be a minimal natural piece of text with up to a few lines in the context of The Ottoman Empire that illustrates all of the following skills: spatial reasoning, folk physics (common knowledge physics), modus ponens. Please keep the text as short as possible, and make sure the concepts can be found fully from the text. 

For reference, here are the definitions and examples for the concepts:
**spatial reasoning**: The capacity to reason about the spatial relationships between objects. For example, The key fit into the box. Using spatial reasoning, one can deduce that the width of the key was smaller than the width of the box.
**folk physics (common knowledge physics)**: The untrained human perception of basic physical phenomena. For example, ""If I roll the pen off of the table, it will fall to the floor.""
**modus ponens**: A syllogism that is of the form “If P then Q. P. Hence Q.” For example, ""If today is Tuesday, then John will go to work. Today is Tuesday. Therefore, John will go to work.""

Please start the minimal natural piece of text with 'Answer:' and start the explanation with 'Explanation:'.

Thanks very much!","Answer: In an Ottoman courtyard, the janissary said, “If the cannon is placed atop the higher bastion, then the shot will clear the city wall.” The cannon is placed atop the higher bastion, so the shot will clear the wall. Because the bastion stands behind the wall and above it, the line of fire passes over the wall without striking it. And if the shot leaves the barrel, gravity will pull it downward toward the ground.

Explanation:
- Spatial reasoning: “the bastion stands behind the wall and above it” and “the line of fire passes over the wall” require understanding relative positions and heights.
- Folk physics: “if the shot leaves the barrel, gravity will pull it downward toward the ground” reflects common knowledge about gravity and projectile motion.
- Modus ponens: “If the cannon is placed atop the higher bastion, then the shot will clear the city wall. The cannon is placed atop the higher bastion. Therefore, the shot will clear the wall.”","In an Ottoman courtyard, the janissary said, “If the cannon is placed atop the higher bastion, then the shot will clear the city wall.” The cannon is placed atop the higher bastion, so the shot will clear the wall. Because the bastion stands behind the wall and above it, the line of fire passes over the wall without striking it. And if the shot leaves the barrel, gravity will pull it downward toward the ground.",3
"spatial reasoning, red herring, modus ponens",Urbanism,"Greetings! I am interested in natural language processing and I was wondering if you could help me generate an example of text that illustrates multiple skills in semantics or syntax. The example should be a minimal natural piece of text with up to a few lines in the context of Urbanism that illustrates all of the following skills: spatial reasoning, red herring, modus ponens. Please keep the text as short as possible, and make sure the concepts can be found fully from the text. 

For reference, here are the definitions and examples for the concepts:
**spatial reasoning**: The capacity to reason about the spatial relationships between objects. For example, The key fit into the box. Using spatial reasoning, one can deduce that the width of the key was smaller than the width of the box.
**red herring**: Introducing irrelevant points to detract attention from a question. For example, A member of the press asks the president why they voted to expand a welfare program. The president responds, ""The strength of America is the strength of its communities, and I am proud to make our communities better places.""
**modus ponens**: A syllogism that is of the form “If P then Q. P. Hence Q.” For example, ""If today is Tuesday, then John will go to work. Today is Tuesday. Therefore, John will go to work.""

Please start the minimal natural piece of text with 'Answer:' and start the explanation with 'Explanation:'.

Thanks very much!","Answer:
“If the plaza is open, then the market sets up on the south side. The plaza is open, so the market sets up on the south side. The fountain stands east of City Hall and west of the market, so walking from City Hall to the market you pass the fountain. And yes, last year’s mayor loved jazz—anyway, the curb extensions slow turning cars.”

Explanation:
- Modus ponens: “If the plaza is open, then the market sets up on the south side. The plaza is open, so the market sets up on the south side.”
- Spatial reasoning: “The fountain stands east of City Hall and west of the market, so walking from City Hall to the market you pass the fountain.” From the relative positions, one infers the path crosses the fountain.
- Red herring: “And yes, last year’s mayor loved jazz—anyway, the curb extensions slow turning cars.” The mayor’s musical taste is irrelevant to the urban design point, distracting from it.","“If the plaza is open, then the market sets up on the south side. The plaza is open, so the market sets up on the south side. The fountain stands east of City Hall and west of the market, so walking from City Hall to the market you pass the fountain. And yes, last year’s mayor loved jazz—anyway, the curb extensions slow turning cars.”",3
"spatial reasoning, red herring, modus ponens",Dueling,"Greetings! I am interested in natural language processing and I was wondering if you could help me generate an example of text that illustrates multiple skills in semantics or syntax. The example should be a minimal natural piece of text with up to a few lines in the context of Dueling that illustrates all of the following skills: spatial reasoning, red herring, modus ponens. Please keep the text as short as possible, and make sure the concepts can be found fully from the text. 

For reference, here are the definitions and examples for the concepts:
**spatial reasoning**: The capacity to reason about the spatial relationships between objects. For example, The key fit into the box. Using spatial reasoning, one can deduce that the width of the key was smaller than the width of the box.
**red herring**: Introducing irrelevant points to detract attention from a question. For example, A member of the press asks the president why they voted to expand a welfare program. The president responds, ""The strength of America is the strength of its communities, and I am proud to make our communities better places.""
**modus ponens**: A syllogism that is of the form “If P then Q. P. Hence Q.” For example, ""If today is Tuesday, then John will go to work. Today is Tuesday. Therefore, John will go to work.""

Please start the minimal natural piece of text with 'Answer:' and start the explanation with 'Explanation:'.

Thanks very much!","Answer:
The dueling strip is only two paces wide; my rapier is narrower than a pace, so it can pass beside his guard if I step left. If the glove hits the ground, the duel begins; I drop the glove, so the duel begins. By the way, did you know the duke’s tailor prefers blue silk? I pivot left and slide the blade through the gap at his right elbow.

Explanation:
- Spatial reasoning: “The dueling strip is only two paces wide; my rapier is narrower than a pace, so it can pass beside his guard if I step left.” The width comparison and positioning justify the blade fitting through a spatial gap.
- Modus ponens: “If the glove hits the ground, the duel begins; I drop the glove, so the duel begins.” This matches If P then Q; P; therefore Q.
- Red herring: “By the way, did you know the duke’s tailor prefers blue silk?” This irrelevant remark distracts from the duel.","The dueling strip is only two paces wide; my rapier is narrower than a pace, so it can pass beside his guard if I step left. If the glove hits the ground, the duel begins; I drop the glove, so the duel begins. By the way, did you know the duke’s tailor prefers blue silk? I pivot left and slide the blade through the gap at his right elbow.",3
"spatial reasoning, modus ponens, folk physics (common knowledge physics)",Beekeeping,"Greetings! I am interested in natural language processing and I was wondering if you could help me generate an example of text that illustrates multiple skills in semantics or syntax. The example should be a minimal natural piece of text with up to a few lines in the context of Beekeeping that illustrates all of the following skills: spatial reasoning, modus ponens, folk physics (common knowledge physics). Please keep the text as short as possible, and make sure the concepts can be found fully from the text. 

For reference, here are the definitions and examples for the concepts:
**spatial reasoning**: The capacity to reason about the spatial relationships between objects. For example, The key fit into the box. Using spatial reasoning, one can deduce that the width of the key was smaller than the width of the box.
**modus ponens**: A syllogism that is of the form “If P then Q. P. Hence Q.” For example, ""If today is Tuesday, then John will go to work. Today is Tuesday. Therefore, John will go to work.""
**folk physics (common knowledge physics)**: The untrained human perception of basic physical phenomena. For example, ""If I roll the pen off of the table, it will fall to the floor.""

Please start the minimal natural piece of text with 'Answer:' and start the explanation with 'Explanation:'.

Thanks very much!","Answer:
If the hive lid is left open, the bees will drift toward the exposed top. The lid is open, so the bees drift upward inside the box. The smoker sits to the left of the entrance, and the entrance is narrower than the smoker’s base, so the smoker cannot fit through it. If the frame is wider than the gap, it won’t slide in; this frame is wider than the gap, so it won’t slide in. If I tip the honey jar off the stack of supers, it will fall to the ground; I tip it, and it falls.

Explanation:
- Modus ponens: “If the hive lid is left open, the bees will drift toward the exposed top. The lid is open, so the bees drift…” and “If the frame is wider than the gap, it won’t slide in; this frame is wider than the gap, so it won’t slide in.”
- Spatial reasoning: Comparing sizes and positions—entrance narrower than smoker’s base implies the smoker cannot fit; frame wider than gap implies it won’t slide in; bees drift toward the exposed top indicates relative location inside the box.
- Folk physics: Tipping a jar off a stack results in it falling to the ground due to gravity (“I tip it, and it falls”).","If the hive lid is left open, the bees will drift toward the exposed top. The lid is open, so the bees drift upward inside the box. The smoker sits to the left of the entrance, and the entrance is narrower than the smoker’s base, so the smoker cannot fit through it. If the frame is wider than the gap, it won’t slide in; this frame is wider than the gap, so it won’t slide in. If I tip the honey jar off the stack of supers, it will fall to the ground; I tip it, and it falls.",3
"modus ponens, self serving bias, folk physics (common knowledge physics)",Urbanism,"Greetings! I am interested in natural language processing and I was wondering if you could help me generate an example of text that illustrates multiple skills in semantics or syntax. The example should be a minimal natural piece of text with up to a few lines in the context of Urbanism that illustrates all of the following skills: modus ponens, self serving bias, folk physics (common knowledge physics). Please keep the text as short as possible, and make sure the concepts can be found fully from the text. 

For reference, here are the definitions and examples for the concepts:
**modus ponens**: A syllogism that is of the form “If P then Q. P. Hence Q.” For example, ""If today is Tuesday, then John will go to work. Today is Tuesday. Therefore, John will go to work.""
**self serving bias**: A cognitive or perceptual process that is distorted by the need to maintain and enhance one’s self esteem. For example, ""If I do well on the exam, it’s because of my academic prowess and hard work. If I do poorly, it’s because the course was poorly taught, and the exam was poorly proctored.""
**folk physics (common knowledge physics)**: The untrained human perception of basic physical phenomena. For example, ""If I roll the pen off of the table, it will fall to the floor.""

Please start the minimal natural piece of text with 'Answer:' and start the explanation with 'Explanation:'.

Thanks very much!","Answer:
If the city adds a bus lane, commute times will drop. The city adds a bus lane, so commute times will drop. My neighborhood’s recent property value jump clearly proves my good taste in choosing where to live, while the neighboring district’s slump must be due to poor planning. And of course, when a delivery scooter brakes on a wet downhill street, it skids because less friction means less stopping force.

Explanation:
- Modus ponens: “If the city adds a bus lane, commute times will drop. The city adds a bus lane, so commute times will drop.”
- Self-serving bias: The speaker credits their own property value rise to their personal good judgment but blames another district’s decline on external factors (“poor planning”).
- Folk physics (common knowledge physics): The description of a scooter skidding on a wet downhill street due to reduced friction and reduced stopping force.","If the city adds a bus lane, commute times will drop. The city adds a bus lane, so commute times will drop. My neighborhood’s recent property value jump clearly proves my good taste in choosing where to live, while the neighboring district’s slump must be due to poor planning. And of course, when a delivery scooter brakes on a wet downhill street, it skids because less friction means less stopping force.",3
"modus ponens, spatial reasoning, folk physics (common knowledge physics)",Survivalism,"Greetings! I am interested in natural language processing and I was wondering if you could help me generate an example of text that illustrates multiple skills in semantics or syntax. The example should be a minimal natural piece of text with up to a few lines in the context of Survivalism that illustrates all of the following skills: modus ponens, spatial reasoning, folk physics (common knowledge physics). Please keep the text as short as possible, and make sure the concepts can be found fully from the text. 

For reference, here are the definitions and examples for the concepts:
**modus ponens**: A syllogism that is of the form “If P then Q. P. Hence Q.” For example, ""If today is Tuesday, then John will go to work. Today is Tuesday. Therefore, John will go to work.""
**spatial reasoning**: The capacity to reason about the spatial relationships between objects. For example, The key fit into the box. Using spatial reasoning, one can deduce that the width of the key was smaller than the width of the box.
**folk physics (common knowledge physics)**: The untrained human perception of basic physical phenomena. For example, ""If I roll the pen off of the table, it will fall to the floor.""

Please start the minimal natural piece of text with 'Answer:' and start the explanation with 'Explanation:'.

Thanks very much!","Answer: If the canyon is narrower than my backpack, then I can’t cross here. The canyon is narrower than my backpack, so I can’t cross here. I place the plank across the gap because unsupported things fall; now the plank spans the gap and is wider than the opening, so it won’t drop through. I slide the backpack across the plank in front of me; since the plank is longer than the gap and the pack is smaller than the gap’s width, we can both get across.

Explanation:
- Modus ponens: “If the canyon is narrower than my backpack, then I can’t cross here. The canyon is narrower than my backpack, so I can’t cross here.”
- Spatial reasoning: Infers size relations (canyon narrower than backpack; plank longer than gap; plank wider than opening; backpack smaller than gap’s width) to determine fit and support across the gap.
- Folk physics: “Unsupported things fall,” explaining why the plank must span the gap and be wider than the opening so it doesn’t drop through.","If the canyon is narrower than my backpack, then I can’t cross here. The canyon is narrower than my backpack, so I can’t cross here. I place the plank across the gap because unsupported things fall; now the plank spans the gap and is wider than the opening, so it won’t drop through. I slide the backpack across the plank in front of me; since the plank is longer than the gap and the pack is smaller than the gap’s width, we can both get across.",3
"modus ponens, spatial reasoning, folk physics (common knowledge physics)",The Ottoman Empire,"Greetings! I am interested in natural language processing and I was wondering if you could help me generate an example of text that illustrates multiple skills in semantics or syntax. The example should be a minimal natural piece of text with up to a few lines in the context of The Ottoman Empire that illustrates all of the following skills: modus ponens, spatial reasoning, folk physics (common knowledge physics). Please keep the text as short as possible, and make sure the concepts can be found fully from the text. 

For reference, here are the definitions and examples for the concepts:
**modus ponens**: A syllogism that is of the form “If P then Q. P. Hence Q.” For example, ""If today is Tuesday, then John will go to work. Today is Tuesday. Therefore, John will go to work.""
**spatial reasoning**: The capacity to reason about the spatial relationships between objects. For example, The key fit into the box. Using spatial reasoning, one can deduce that the width of the key was smaller than the width of the box.
**folk physics (common knowledge physics)**: The untrained human perception of basic physical phenomena. For example, ""If I roll the pen off of the table, it will fall to the floor.""

Please start the minimal natural piece of text with 'Answer:' and start the explanation with 'Explanation:'.

Thanks very much!","Answer: In an Ottoman courtyard, the imam said, “If the cannon is loaded, then the fortress gate will shudder.” The cannon is loaded; therefore, the gate will shudder. The cannon stands outside the gate, to the east, and must face the gate to strike it, so the crew drags it in front of the archway. They light the fuse; the iron ball flies forward, not backward, and, pulled by gravity after leaving the barrel, arcs downward toward the gate.

Explanation:
- Modus ponens: “If the cannon is loaded, then the fortress gate will shudder. The cannon is loaded; therefore, the gate will shudder.”
- Spatial reasoning: The cannon must be positioned facing the gate and placed in front of the archway (outside, to the east) to strike it, implying alignment and relative positions.
- Folk physics: Lighting the fuse propels the ball forward (not backward), and after exiting the barrel it follows a downward arc due to gravity.","In an Ottoman courtyard, the imam said, “If the cannon is loaded, then the fortress gate will shudder.” The cannon is loaded; therefore, the gate will shudder. The cannon stands outside the gate, to the east, and must face the gate to strike it, so the crew drags it in front of the archway. They light the fuse; the iron ball flies forward, not backward, and, pulled by gravity after leaving the barrel, arcs downward toward the gate.",3
"spatial reasoning, self serving bias, modus ponens",Sewing,"Greetings! I am interested in natural language processing and I was wondering if you could help me generate an example of text that illustrates multiple skills in semantics or syntax. The example should be a minimal natural piece of text with up to a few lines in the context of Sewing that illustrates all of the following skills: spatial reasoning, self serving bias, modus ponens. Please keep the text as short as possible, and make sure the concepts can be found fully from the text. 

For reference, here are the definitions and examples for the concepts:
**spatial reasoning**: The capacity to reason about the spatial relationships between objects. For example, The key fit into the box. Using spatial reasoning, one can deduce that the width of the key was smaller than the width of the box.
**self serving bias**: A cognitive or perceptual process that is distorted by the need to maintain and enhance one’s self esteem. For example, ""If I do well on the exam, it’s because of my academic prowess and hard work. If I do poorly, it’s because the course was poorly taught, and the exam was poorly proctored.""
**modus ponens**: A syllogism that is of the form “If P then Q. P. Hence Q.” For example, ""If today is Tuesday, then John will go to work. Today is Tuesday. Therefore, John will go to work.""

Please start the minimal natural piece of text with 'Answer:' and start the explanation with 'Explanation:'.

Thanks very much!","Answer: If the needle is thinner than the fabric’s eyelet, it will pass through; this needle is thinner, so it passes through. I aligned the seam with the hemline because the hem sits below the waist and the needle must enter from above. The stitches are straight because I’m skilled; the crooked patch earlier was due to a warped pattern, not me.

Explanation:
- Spatial reasoning: References to relative positions and sizes (“needle is thinner than the fabric’s eyelet,” “hem sits below the waist,” “needle must enter from above”) show reasoning about spatial relationships needed to pass the needle and align seams.
- Modus ponens: “If the needle is thinner than the fabric’s eyelet, it will pass through; this needle is thinner, so it passes through.” matches the form If P then Q; P; therefore Q.
- Self-serving bias: The narrator credits success to personal skill (“stitches are straight because I’m skilled”) and attributes failure to external factors (“crooked patch… due to a warped pattern, not me”).","If the needle is thinner than the fabric’s eyelet, it will pass through; this needle is thinner, so it passes through. I aligned the seam with the hemline because the hem sits below the waist and the needle must enter from above. The stitches are straight because I’m skilled; the crooked patch earlier was due to a warped pattern, not me.",3
"spatial reasoning, modus ponens, red herring",The Ottoman Empire,"Greetings! I am interested in natural language processing and I was wondering if you could help me generate an example of text that illustrates multiple skills in semantics or syntax. The example should be a minimal natural piece of text with up to a few lines in the context of The Ottoman Empire that illustrates all of the following skills: spatial reasoning, modus ponens, red herring. Please keep the text as short as possible, and make sure the concepts can be found fully from the text. 

For reference, here are the definitions and examples for the concepts:
**spatial reasoning**: The capacity to reason about the spatial relationships between objects. For example, The key fit into the box. Using spatial reasoning, one can deduce that the width of the key was smaller than the width of the box.
**modus ponens**: A syllogism that is of the form “If P then Q. P. Hence Q.” For example, ""If today is Tuesday, then John will go to work. Today is Tuesday. Therefore, John will go to work.""
**red herring**: Introducing irrelevant points to detract attention from a question. For example, A member of the press asks the president why they voted to expand a welfare program. The president responds, ""The strength of America is the strength of its communities, and I am proud to make our communities better places.""

Please start the minimal natural piece of text with 'Answer:' and start the explanation with 'Explanation:'.

Thanks very much!","Answer:
If Mehmet’s map is accurate, then the fortress lies east of the Bosphorus; the map is accurate; therefore the fortress lies east of the Bosphorus. The cannon sits inside the courtyard, so its barrel must be narrower than the gate it passed through. By the way, tulips in Istanbul are famously vibrant, which proves nothing about the siege but looks lovely.

Explanation:
- Modus ponens: “If Mehmet’s map is accurate, then the fortress lies east of the Bosphorus; the map is accurate; therefore the fortress lies east of the Bosphorus.”
- Spatial reasoning: “The cannon sits inside the courtyard, so its barrel must be narrower than the gate it passed through.”
- Red herring: “By the way, tulips in Istanbul are famously vibrant, which proves nothing about the siege but looks lovely.” This introduces an irrelevant point to distract from the military/spatial question.","If Mehmet’s map is accurate, then the fortress lies east of the Bosphorus; the map is accurate; therefore the fortress lies east of the Bosphorus. The cannon sits inside the courtyard, so its barrel must be narrower than the gate it passed through. By the way, tulips in Istanbul are famously vibrant, which proves nothing about the siege but looks lovely.",3
"modus ponens, folk physics (common knowledge physics), self serving bias",Guerilla warfare,"Greetings! I am interested in natural language processing and I was wondering if you could help me generate an example of text that illustrates multiple skills in semantics or syntax. The example should be a minimal natural piece of text with up to a few lines in the context of Guerilla warfare that illustrates all of the following skills: modus ponens, folk physics (common knowledge physics), self serving bias. Please keep the text as short as possible, and make sure the concepts can be found fully from the text. 

For reference, here are the definitions and examples for the concepts:
**modus ponens**: A syllogism that is of the form “If P then Q. P. Hence Q.” For example, ""If today is Tuesday, then John will go to work. Today is Tuesday. Therefore, John will go to work.""
**folk physics (common knowledge physics)**: The untrained human perception of basic physical phenomena. For example, ""If I roll the pen off of the table, it will fall to the floor.""
**self serving bias**: A cognitive or perceptual process that is distorted by the need to maintain and enhance one’s self esteem. For example, ""If I do well on the exam, it’s because of my academic prowess and hard work. If I do poorly, it’s because the course was poorly taught, and the exam was poorly proctored.""

Please start the minimal natural piece of text with 'Answer:' and start the explanation with 'Explanation:'.

Thanks very much!","Answer:
“If we set the tripwire, the convoy will halt; we set the tripwire, so the convoy will halt. Heavy crates don’t float uphill, so we placed them on the downhill side where gravity helps. When the plan worked, it proved my sharp planning; when last week’s raid failed, it was the faulty intel.”

Explanation:
- Modus ponens: “If we set the tripwire, the convoy will halt; we set the tripwire, so the convoy will halt.”
- Folk physics: “Heavy crates don’t float uphill, so we placed them on the downhill side where gravity helps.”
- Self-serving bias: “When the plan worked, it proved my sharp planning; when last week’s raid failed, it was the faulty intel.”","“If we set the tripwire, the convoy will halt; we set the tripwire, so the convoy will halt. Heavy crates don’t float uphill, so we placed them on the downhill side where gravity helps. When the plan worked, it proved my sharp planning; when last week’s raid failed, it was the faulty intel.”",3
"red herring, modus ponens, self serving bias",The Ottoman Empire,"Greetings! I am interested in natural language processing and I was wondering if you could help me generate an example of text that illustrates multiple skills in semantics or syntax. The example should be a minimal natural piece of text with up to a few lines in the context of The Ottoman Empire that illustrates all of the following skills: red herring, modus ponens, self serving bias. Please keep the text as short as possible, and make sure the concepts can be found fully from the text. 

For reference, here are the definitions and examples for the concepts:
**red herring**: Introducing irrelevant points to detract attention from a question. For example, A member of the press asks the president why they voted to expand a welfare program. The president responds, ""The strength of America is the strength of its communities, and I am proud to make our communities better places.""
**modus ponens**: A syllogism that is of the form “If P then Q. P. Hence Q.” For example, ""If today is Tuesday, then John will go to work. Today is Tuesday. Therefore, John will go to work.""
**self serving bias**: A cognitive or perceptual process that is distorted by the need to maintain and enhance one’s self esteem. For example, ""If I do well on the exam, it’s because of my academic prowess and hard work. If I do poorly, it’s because the course was poorly taught, and the exam was poorly proctored.""

Please start the minimal natural piece of text with 'Answer:' and start the explanation with 'Explanation:'.

Thanks very much!","Answer:
“If the sultan decrees a tax, then the janissaries must pay it. The sultan has decreed this tax; therefore, the janissaries must pay it. But before we discuss the levy, let me remind you of our glorious victory at Chaldiran and the splendor of our silk markets. Besides, when revenues rise, it’s thanks to my wise governance; when they fall, it’s because rebellious provinces undermine our efforts.”

Explanation:
- Modus ponens: “If the sultan decrees a tax, then the janissaries must pay it. The sultan has decreed this tax; therefore, the janissaries must pay it.”
- Red herring: “But before we discuss the levy, let me remind you of our glorious victory at Chaldiran and the splendor of our silk markets.” These points are irrelevant to the tax question and distract from it.
- Self-serving bias: “When revenues rise, it’s thanks to my wise governance; when they fall, it’s because rebellious provinces undermine our efforts.” This attributes successes to oneself and failures to external factors.","“If the sultan decrees a tax, then the janissaries must pay it. The sultan has decreed this tax; therefore, the janissaries must pay it. But before we discuss the levy, let me remind you of our glorious victory at Chaldiran and the splendor of our silk markets. Besides, when revenues rise, it’s thanks to my wise governance; when they fall, it’s because rebellious provinces undermine our efforts.”",3
"modus ponens, red herring, spatial reasoning",Urbanism,"Greetings! I am interested in natural language processing and I was wondering if you could help me generate an example of text that illustrates multiple skills in semantics or syntax. The example should be a minimal natural piece of text with up to a few lines in the context of Urbanism that illustrates all of the following skills: modus ponens, red herring, spatial reasoning. Please keep the text as short as possible, and make sure the concepts can be found fully from the text. 

For reference, here are the definitions and examples for the concepts:
**modus ponens**: A syllogism that is of the form “If P then Q. P. Hence Q.” For example, ""If today is Tuesday, then John will go to work. Today is Tuesday. Therefore, John will go to work.""
**red herring**: Introducing irrelevant points to detract attention from a question. For example, A member of the press asks the president why they voted to expand a welfare program. The president responds, ""The strength of America is the strength of its communities, and I am proud to make our communities better places.""
**spatial reasoning**: The capacity to reason about the spatial relationships between objects. For example, The key fit into the box. Using spatial reasoning, one can deduce that the width of the key was smaller than the width of the box.

Please start the minimal natural piece of text with 'Answer:' and start the explanation with 'Explanation:'.

Thanks very much!","Answer: If the new bike lane runs east of the river, then traffic on Riverside Avenue will calm. The bike lane does run east of the river. Therefore, traffic on Riverside Avenue will calm. Also, the mayor’s favorite coffee is roasted locally, which shows our city’s great taste. The lane sits between the river to its west and the old mill to its east, so a rider passes the river first, then the lane, then the mill when heading east.

Explanation:
- Modus ponens: “If the new bike lane runs east of the river, then traffic on Riverside Avenue will calm. The bike lane does run east of the river. Therefore, traffic on Riverside Avenue will calm.”
- Red herring: “Also, the mayor’s favorite coffee is roasted locally, which shows our city’s great taste.” This is irrelevant to the policy claim about traffic calming.
- Spatial reasoning: “The lane sits between the river to its west and the old mill to its east, so a rider passes the river first, then the lane, then the mill when heading east.” From this, one infers the relative positions and the traversal order.","If the new bike lane runs east of the river, then traffic on Riverside Avenue will calm. The bike lane does run east of the river. Therefore, traffic on Riverside Avenue will calm. Also, the mayor’s favorite coffee is roasted locally, which shows our city’s great taste. The lane sits between the river to its west and the old mill to its east, so a rider passes the river first, then the lane, then the mill when heading east.",3
"modus ponens, spatial reasoning, folk physics (common knowledge physics)",Dueling,"Greetings! I am interested in natural language processing and I was wondering if you could help me generate an example of text that illustrates multiple skills in semantics or syntax. The example should be a minimal natural piece of text with up to a few lines in the context of Dueling that illustrates all of the following skills: modus ponens, spatial reasoning, folk physics (common knowledge physics). Please keep the text as short as possible, and make sure the concepts can be found fully from the text. 

For reference, here are the definitions and examples for the concepts:
**modus ponens**: A syllogism that is of the form “If P then Q. P. Hence Q.” For example, ""If today is Tuesday, then John will go to work. Today is Tuesday. Therefore, John will go to work.""
**spatial reasoning**: The capacity to reason about the spatial relationships between objects. For example, The key fit into the box. Using spatial reasoning, one can deduce that the width of the key was smaller than the width of the box.
**folk physics (common knowledge physics)**: The untrained human perception of basic physical phenomena. For example, ""If I roll the pen off of the table, it will fall to the floor.""

Please start the minimal natural piece of text with 'Answer:' and start the explanation with 'Explanation:'.

Thanks very much!","Answer:
If the duelist’s sword is raised, then the bout begins. His sword is raised; therefore, the bout begins. He stands two paces to my left, so if I step right, I line up with his torso. If I drop my guard, gravity will pull the blade down; I keep it up to prevent a fall.

Explanation:
- Modus ponens: “If the duelist’s sword is raised, then the bout begins. His sword is raised; therefore, the bout begins.”
- Spatial reasoning: “He stands two paces to my left, so if I step right, I line up with his torso.” This infers relative positions and alignment.
- Folk physics: “If I drop my guard, gravity will pull the blade down; I keep it up to prevent a fall.” This uses common knowledge about gravity acting on objects.","If the duelist’s sword is raised, then the bout begins. His sword is raised; therefore, the bout begins. He stands two paces to my left, so if I step right, I line up with his torso. If I drop my guard, gravity will pull the blade down; I keep it up to prevent a fall.",3
"modus ponens, spatial reasoning, folk physics (common knowledge physics)",Guerilla warfare,"Greetings! I am interested in natural language processing and I was wondering if you could help me generate an example of text that illustrates multiple skills in semantics or syntax. The example should be a minimal natural piece of text with up to a few lines in the context of Guerilla warfare that illustrates all of the following skills: modus ponens, spatial reasoning, folk physics (common knowledge physics). Please keep the text as short as possible, and make sure the concepts can be found fully from the text. 

For reference, here are the definitions and examples for the concepts:
**modus ponens**: A syllogism that is of the form “If P then Q. P. Hence Q.” For example, ""If today is Tuesday, then John will go to work. Today is Tuesday. Therefore, John will go to work.""
**spatial reasoning**: The capacity to reason about the spatial relationships between objects. For example, The key fit into the box. Using spatial reasoning, one can deduce that the width of the key was smaller than the width of the box.
**folk physics (common knowledge physics)**: The untrained human perception of basic physical phenomena. For example, ""If I roll the pen off of the table, it will fall to the floor.""

Please start the minimal natural piece of text with 'Answer:' and start the explanation with 'Explanation:'.

Thanks very much!","Answer:
If we plant a mine under the bridge, then the convoy won’t cross. We have planted a mine under the bridge; therefore, the convoy won’t cross. The bridge is narrower than the truck’s width, so the truck must stay aligned in the lane to pass. The truck’s heavy weight would collapse the rotten planks if it drove onto the shoulder, so the driver keeps to the reinforced center. If the scout drops a rock from the cliff above the road, it will fall straight down onto the path, so the squad hugs the wall to stay out from under it.

Explanation:
- Modus ponens: “If we plant a mine under the bridge, then the convoy won’t cross. We have planted a mine under the bridge; therefore, the convoy won’t cross.”
- Spatial reasoning: “The bridge is narrower than the truck’s width, so the truck must stay aligned in the lane to pass” and alignment within a narrow lane indicates spatial constraints.
- Folk physics: “The truck’s heavy weight would collapse the rotten planks if it drove onto the shoulder” (weight causing collapse) and “If the scout drops a rock from the cliff above the road, it will fall straight down onto the path” (gravity).","If we plant a mine under the bridge, then the convoy won’t cross. We have planted a mine under the bridge; therefore, the convoy won’t cross. The bridge is narrower than the truck’s width, so the truck must stay aligned in the lane to pass. The truck’s heavy weight would collapse the rotten planks if it drove onto the shoulder, so the driver keeps to the reinforced center. If the scout drops a rock from the cliff above the road, it will fall straight down onto the path, so the squad hugs the wall to stay out from under it.",3
"spatial reasoning, modus ponens, red herring",Survivalism,"Greetings! I am interested in natural language processing and I was wondering if you could help me generate an example of text that illustrates multiple skills in semantics or syntax. The example should be a minimal natural piece of text with up to a few lines in the context of Survivalism that illustrates all of the following skills: spatial reasoning, modus ponens, red herring. Please keep the text as short as possible, and make sure the concepts can be found fully from the text. 

For reference, here are the definitions and examples for the concepts:
**spatial reasoning**: The capacity to reason about the spatial relationships between objects. For example, The key fit into the box. Using spatial reasoning, one can deduce that the width of the key was smaller than the width of the box.
**modus ponens**: A syllogism that is of the form “If P then Q. P. Hence Q.” For example, ""If today is Tuesday, then John will go to work. Today is Tuesday. Therefore, John will go to work.""
**red herring**: Introducing irrelevant points to detract attention from a question. For example, A member of the press asks the president why they voted to expand a welfare program. The president responds, ""The strength of America is the strength of its communities, and I am proud to make our communities better places.""

Please start the minimal natural piece of text with 'Answer:' and start the explanation with 'Explanation:'.

Thanks very much!","Answer: We set camp uphill from the river; the tent faces east, and the fire pit sits three paces to its right. If it rains, then the downhill path will flood. It’s starting to rain, so the path will flood. Anyway, remember that canned beans have excellent protein—let’s discuss recipes later.

Explanation:
- Spatial reasoning: “the tent faces east, and the fire pit sits three paces to its right” and “uphill from the river” specify relative positions and allow reasoning about locations.
- Modus ponens: “If it rains, then the downhill path will flood. It’s starting to rain, so the path will flood.”
- Red herring: The shift to talking about canned beans and recipes is irrelevant to the flooding/path safety issue, diverting attention.","We set camp uphill from the river; the tent faces east, and the fire pit sits three paces to its right. If it rains, then the downhill path will flood. It’s starting to rain, so the path will flood. Anyway, remember that canned beans have excellent protein—let’s discuss recipes later.",3
"modus ponens, folk physics (common knowledge physics), spatial reasoning",Dueling,"Greetings! I am interested in natural language processing and I was wondering if you could help me generate an example of text that illustrates multiple skills in semantics or syntax. The example should be a minimal natural piece of text with up to a few lines in the context of Dueling that illustrates all of the following skills: modus ponens, folk physics (common knowledge physics), spatial reasoning. Please keep the text as short as possible, and make sure the concepts can be found fully from the text. 

For reference, here are the definitions and examples for the concepts:
**modus ponens**: A syllogism that is of the form “If P then Q. P. Hence Q.” For example, ""If today is Tuesday, then John will go to work. Today is Tuesday. Therefore, John will go to work.""
**folk physics (common knowledge physics)**: The untrained human perception of basic physical phenomena. For example, ""If I roll the pen off of the table, it will fall to the floor.""
**spatial reasoning**: The capacity to reason about the spatial relationships between objects. For example, The key fit into the box. Using spatial reasoning, one can deduce that the width of the key was smaller than the width of the box.

Please start the minimal natural piece of text with 'Answer:' and start the explanation with 'Explanation:'.

Thanks very much!","Answer:
If the duelist steps into the marked circle, the duel begins. He steps into the circle, so the duel begins. The sword is longer than the gap between the shields, so it slides through to touch the opponent. If he drops his dagger, gravity makes it fall to the ground.

Explanation:
- Modus ponens: “If the duelist steps into the marked circle, the duel begins. He steps into the circle, so the duel begins.”
- Spatial reasoning: “The sword is longer than the gap between the shields, so it slides through to touch the opponent” implies the sword’s width/length fits through the available space.
- Folk physics: “If he drops his dagger, gravity makes it fall to the ground” uses common knowledge about falling objects.","If the duelist steps into the marked circle, the duel begins. He steps into the circle, so the duel begins. The sword is longer than the gap between the shields, so it slides through to touch the opponent. If he drops his dagger, gravity makes it fall to the ground.",3
"self serving bias, modus ponens, red herring",The Ottoman Empire,"Greetings! I am interested in natural language processing and I was wondering if you could help me generate an example of text that illustrates multiple skills in semantics or syntax. The example should be a minimal natural piece of text with up to a few lines in the context of The Ottoman Empire that illustrates all of the following skills: self serving bias, modus ponens, red herring. Please keep the text as short as possible, and make sure the concepts can be found fully from the text. 

For reference, here are the definitions and examples for the concepts:
**self serving bias**: A cognitive or perceptual process that is distorted by the need to maintain and enhance one’s self esteem. For example, ""If I do well on the exam, it’s because of my academic prowess and hard work. If I do poorly, it’s because the course was poorly taught, and the exam was poorly proctored.""
**modus ponens**: A syllogism that is of the form “If P then Q. P. Hence Q.” For example, ""If today is Tuesday, then John will go to work. Today is Tuesday. Therefore, John will go to work.""
**red herring**: Introducing irrelevant points to detract attention from a question. For example, A member of the press asks the president why they voted to expand a welfare program. The president responds, ""The strength of America is the strength of its communities, and I am proud to make our communities better places.""

Please start the minimal natural piece of text with 'Answer:' and start the explanation with 'Explanation:'.

Thanks very much!","Answer:
""If the sultan issues a firman, then the tax will rise. The sultan issued a firman, so the tax will rise. Anyway, did you notice how magnificent our new fountain is in the square? Besides, when my province prospered last year, it was because of my brilliant governance; when collections fell this spring, it was only because the imperial scribes bungled the ledgers.""

Explanation:
- Modus ponens: ""If the sultan issues a firman, then the tax will rise. The sultan issued a firman, so the tax will rise.""
- Red herring: The sudden shift to praising the new fountain distracts from the tax issue.
- Self-serving bias: Taking credit for prosperity (""my brilliant governance"") and blaming failure on external factors (""imperial scribes bungled the ledgers"").","""If the sultan issues a firman, then the tax will rise. The sultan issued a firman, so the tax will rise. Anyway, did you notice how magnificent our new fountain is in the square? Besides, when my province prospered last year, it was because of my brilliant governance; when collections fell this spring, it was only because the imperial scribes bungled the ledgers.""",3
"red herring, modus ponens, self serving bias",Beekeeping,"Greetings! I am interested in natural language processing and I was wondering if you could help me generate an example of text that illustrates multiple skills in semantics or syntax. The example should be a minimal natural piece of text with up to a few lines in the context of Beekeeping that illustrates all of the following skills: red herring, modus ponens, self serving bias. Please keep the text as short as possible, and make sure the concepts can be found fully from the text. 

For reference, here are the definitions and examples for the concepts:
**red herring**: Introducing irrelevant points to detract attention from a question. For example, A member of the press asks the president why they voted to expand a welfare program. The president responds, ""The strength of America is the strength of its communities, and I am proud to make our communities better places.""
**modus ponens**: A syllogism that is of the form “If P then Q. P. Hence Q.” For example, ""If today is Tuesday, then John will go to work. Today is Tuesday. Therefore, John will go to work.""
**self serving bias**: A cognitive or perceptual process that is distorted by the need to maintain and enhance one’s self esteem. For example, ""If I do well on the exam, it’s because of my academic prowess and hard work. If I do poorly, it’s because the course was poorly taught, and the exam was poorly proctored.""

Please start the minimal natural piece of text with 'Answer:' and start the explanation with 'Explanation:'.

Thanks very much!","Answer:
“If a hive is queenless, then the brood pattern will be spotty. This hive is queenless, so the brood pattern will be spotty. Anyway, did you notice how shiny the new smoker is? It was expensive and looks great. Also, the nectar flow is probably poor, so if yields dip, that’s on the weather—but if we hit record honey, that’s because I managed the supers brilliantly.”

Explanation:
- Red herring: The speaker shifts from the queenlessness inference to irrelevant talk about the shiny, expensive smoker, distracting from the main issue.
- Modus ponens: “If a hive is queenless, then the brood pattern will be spotty. This hive is queenless. Therefore, the brood pattern will be spotty.”
- Self-serving bias: The speaker attributes low yields to external factors (poor nectar flow/weather) but credits high yields to their own superior management.","“If a hive is queenless, then the brood pattern will be spotty. This hive is queenless, so the brood pattern will be spotty. Anyway, did you notice how shiny the new smoker is? It was expensive and looks great. Also, the nectar flow is probably poor, so if yields dip, that’s on the weather—but if we hit record honey, that’s because I managed the supers brilliantly.”",3
"spatial reasoning, self serving bias, modus ponens",Sewing,"Greetings! I am interested in natural language processing and I was wondering if you could help me generate an example of text that illustrates multiple skills in semantics or syntax. The example should be a minimal natural piece of text with up to a few lines in the context of Sewing that illustrates all of the following skills: spatial reasoning, self serving bias, modus ponens. Please keep the text as short as possible, and make sure the concepts can be found fully from the text. 

For reference, here are the definitions and examples for the concepts:
**spatial reasoning**: The capacity to reason about the spatial relationships between objects. For example, The key fit into the box. Using spatial reasoning, one can deduce that the width of the key was smaller than the width of the box.
**self serving bias**: A cognitive or perceptual process that is distorted by the need to maintain and enhance one’s self esteem. For example, ""If I do well on the exam, it’s because of my academic prowess and hard work. If I do poorly, it’s because the course was poorly taught, and the exam was poorly proctored.""
**modus ponens**: A syllogism that is of the form “If P then Q. P. Hence Q.” For example, ""If today is Tuesday, then John will go to work. Today is Tuesday. Therefore, John will go to work.""

Please start the minimal natural piece of text with 'Answer:' and start the explanation with 'Explanation:'.

Thanks very much!","Answer: If the needle is thinner than the eye of this button, then it will pass through. The needle is thinner than the eye, so it will pass through. I placed the needle above the fabric and aligned it toward the button’s eye on the right; since the eye is to the right of the stitch line, I angle right to reach it. When the stitch came out neat, it was thanks to my steady hand; when a knot formed earlier, it was because this thread is cheap.

Explanation:
- Spatial reasoning: References to the needle being thinner than the button’s eye, and positioning the needle above the fabric, toward the eye on the right, relative to the stitch line.
- Modus ponens: “If the needle is thinner than the eye… then it will pass through. The needle is thinner… so it will pass through.”
- Self-serving bias: Credits success to personal skill (“thanks to my steady hand”) and blames failure on external factors (“because this thread is cheap”).","If the needle is thinner than the eye of this button, then it will pass through. The needle is thinner than the eye, so it will pass through. I placed the needle above the fabric and aligned it toward the button’s eye on the right; since the eye is to the right of the stitch line, I angle right to reach it. When the stitch came out neat, it was thanks to my steady hand; when a knot formed earlier, it was because this thread is cheap.",3
